[
  {
    "enabled": true,
    "code": "elementalcrystals-rust-small-up",
    "sealHours": 48,
    "ingredients": [
      {
        "type": "item",
        "code": "game:saltwaterportion",
        "litres": 50,
        "consumeLitres": 50
      },
      {
        "type": "item",
        "code": "rustydust",
        "quantity": 64
      }
    ],
    "output": {
      "type": "block",
      "code": "elementalcrystals-rust-small-up",
      "quantity": 32
    }
  },
  {
    "enabled": true,
    "code": "elementalcrystals-rust-large-up",
    "sealHours": 96,
    "ingredients": [
      {
        "type": "item",
        "code": "game:saltwaterportion",
        "litres": 50,
        "consumeLitres": 50
      },
      {
        "type": "block",
        "code": "elementalcrystals-*-small-up",
        "name": "element",
        "allowedVariants": [
          "rust"
        ],
        "quantity": 16
      }
    ],
    "output": {
      "type": "block",
      "code": "elementalcrystals-{element}-large-up",
      "quantity": 8
    }
  }
]