{
	"editor": {
		"backDropShape": "C:/Users/Vies/Desktop/vs model creator/ridgeback-male-adult",
		"allAngles": true,
		"entityTextureMode": false
	},
	"textureWidth": 16,
	"textureHeight": 16,
	"textureSizes": {
		"plain": [16,16]
	},
	"textures": {
	},
	"elements": [
		{
			"name": "faceORIGIN",
			"stepParentName": "headridge",
			"from": [ -1.5, 0.25, 1.01 ],
			"to": [ -0.5, 1.25, 2.01 ],
			"rotationOrigin": [ -1.5, 0.5, 1.0 ],
			"faces": {
			},
			"children": [
				{
					"name": "Medallion",
					"from": [ 3.8, 2.11, 1.0 ],
					"to": [ 5.0, 2.31, 2.2 ],
					"rotationOrigin": [ 4.4, 2.1, 1.6 ],
					"rotationY": 45.0,
					"faces": {
						"north": { "texture": "#tinbronze1", "uv": [ 8.0, 8.0, 9.0, 8.5 ] },
						"east": { "texture": "#tinbronze1", "uv": [ 9.5, 15.0, 10.5, 15.5 ] },
						"south": { "texture": "#tinbronze1", "uv": [ 4.5, 5.0, 5.5, 5.5 ] },
						"west": { "texture": "#tinbronze1", "uv": [ 8.0, 14.0, 9.0, 14.5 ] },
						"up": { "texture": "#tinbronze1", "uv": [ 11.5, 6.0, 12.5, 7.0 ] }
					},
					"children": [
						{
							"name": "strap",
							"from": [ 0.9, 0.0, 0.61 ],
							"to": [ 1.5, 0.1, 1.21 ],
							"rotationOrigin": [ 0.9, 0.0, 0.9 ],
							"rotationY": -48.0,
							"faces": {
								"north": { "texture": "#plain", "uv": [ 2.0, 3.0, 2.5, 3.5 ] },
								"south": { "texture": "#plain", "uv": [ 11.5, 2.0, 12.0, 2.5 ] },
								"up": { "texture": "#plain", "uv": [ 5.5, 4.0, 6.0, 4.5 ] },
								"down": { "texture": "#plain", "uv": [ 2.5, 15.0, 3.0, 15.5 ] }
							}
						},
						{
							"name": "Cube3",
							"from": [ -0.4, -0.01, -0.4 ],
							"to": [ 0.4, 0.19, 0.4 ],
							"rotationOrigin": [ 0.0, -0.1, 0.0 ],
							"faces": {
								"north": { "texture": "#tinbronze1", "uv": [ 3.5, 7.5, 4.0, 8.0 ] },
								"east": { "texture": "#tinbronze1", "uv": [ 14.5, 5.0, 15.0, 5.5 ] },
								"south": { "texture": "#tinbronze1", "uv": [ 13.5, 8.0, 14.0, 8.5 ] },
								"west": { "texture": "#tinbronze1", "uv": [ 8.0, 14.5, 8.5, 15.0 ] },
								"up": { "texture": "#tinbronze1", "uv": [ 8.0, 9.0, 8.5, 9.5 ] }
							},
							"children": [
								{
									"name": "gem2",
									"from": [ 0.2, 0.2, 0.2 ],
									"to": [ 0.6, 0.3, 0.6 ],
									"rotationOrigin": [ 0.4, 0.2, 0.4 ],
									"faces": {
										"north": { "texture": "#rustyglow", "uv": [ 0.0, 0.0, 0.5, 0.5 ] },
										"east": { "texture": "#rustyglow", "uv": [ 0.0, 0.0, 0.5, 0.5 ] },
										"south": { "texture": "#rustyglow", "uv": [ 0.0, 0.0, 0.5, 0.5 ] },
										"west": { "texture": "#rustyglow", "uv": [ 0.0, 0.0, 0.5, 0.5 ] },
										"up": { "texture": "#rustyglow", "uv": [ 0.0, 0.0, 0.5, 0.5 ] },
										"down": { "texture": "#rustyglow", "uv": [ 0.0, 0.0, 0.5, 0.5 ] }
									}
								}
							]
						},
						{
							"name": "Cube4",
							"from": [ -0.6, -0.02, -0.6 ],
							"to": [ -0.2, 0.18, -0.2 ],
							"rotationOrigin": [ -0.2, -0.1, -0.2 ],
							"faces": {
								"north": { "texture": "#tinbronze1", "uv": [ 5.5, 9.5, 6.0, 10.0 ] },
								"east": { "texture": "#tinbronze1", "uv": [ 0.5, 0.0, 1.0, 0.5 ] },
								"south": { "texture": "#tinbronze1", "uv": [ 6.0, 7.5, 6.5, 8.0 ] },
								"west": { "texture": "#tinbronze1", "uv": [ 5.5, 4.5, 6.0, 5.0 ] },
								"up": { "texture": "#tinbronze1", "uv": [ 10.0, 14.5, 10.5, 15.0 ] }
							}
						},
						{
							"name": "gem1",
							"from": [ 0.3, 0.2, 0.3 ],
							"to": [ 0.9, 0.4, 0.9 ],
							"rotationOrigin": [ 0.6, 0.2, 0.6 ],
							"faces": {
								"north": { "texture": "#rustyglow", "uv": [ 5.5, 4.0, 6.0, 4.5 ] },
								"east": { "texture": "#rustyglow", "uv": [ 11.5, 4.0, 12.0, 4.5 ] },
								"south": { "texture": "#rustyglow", "uv": [ 10.5, 15.0, 11.0, 15.5 ] },
								"west": { "texture": "#rustyglow", "uv": [ 13.5, 11.5, 14.0, 12.0 ] },
								"up": { "texture": "#rustyglow", "uv": [ 0.0, 0.5, 0.5, 1.0 ] }
							}
						},
						{
							"name": "Cube2",
							"from": [ 0.0, -0.1, 0.0 ],
							"to": [ 0.4, 0.1, 1.5 ],
							"rotationOrigin": [ 0.0, 0.0, 0.0 ],
							"rotationY": -25.0,
							"faces": {
								"east": { "texture": "#tinbronze1", "uv": [ 0.0, 0.0, 1.5, 0.5 ] },
								"south": { "texture": "#tinbronze1", "uv": [ 0.0, 0.0, 0.5, 0.5 ] },
								"west": { "texture": "#tinbronze1", "uv": [ 0.0, 0.0, 1.5, 0.5 ] },
								"up": { "texture": "#tinbronze1", "uv": [ 0.0, 0.0, 0.5, 1.5 ] },
								"down": { "texture": "#tinbronze1", "uv": [ 0.0, 0.0, 0.5, 1.5 ] }
							}
						},
						{
							"name": "Cube5",
							"from": [ 0.0, -0.1, 0.0 ],
							"to": [ 1.5, 0.1, 0.4 ],
							"rotationOrigin": [ 0.0, 0.0, 0.0 ],
							"rotationY": 25.0,
							"faces": {
								"north": { "texture": "#tinbronze1", "uv": [ 0.0, 0.0, 1.5, 0.5 ], "windMode": [-1,-1,-1,-1], "windData": [1,1,1,1] },
								"east": { "texture": "#tinbronze1", "uv": [ 0.0, 0.0, 0.5, 0.5 ] },
								"south": { "texture": "#tinbronze1", "uv": [ 0.0, 0.0, 1.5, 0.5 ], "windMode": [-1,-1,-1,-1], "windData": [1,1,1,1] },
								"up": { "texture": "#tinbronze1", "uv": [ 0.0, 0.0, 1.5, 0.5 ] },
								"down": { "texture": "#tinbronze1", "uv": [ 0.0, 0.0, 1.5, 0.5 ] }
							}
						}
					]
				}
			]
		}
	],
	"animations": [
		{
			"name": "idle",
			"code": "idle",
			"quantityframes": 60,
			"onActivityStopped": "Rewind",
			"onAnimationEnd": "Repeat",
			"keyframes": [

			]
		}
	]
}