{
	"editor": {
		"backDropShape": "C:/Users/Vies/Desktop/vs model creator/ridgeback-male-adult",
		"allAngles": true,
		"entityTextureMode": false
	},
	"textureWidth": 16,
	"textureHeight": 16,
	"textureSizes": {
		"plain": [16,16]
	},
	"textures": {
	},
	"elements": [
		{
			"name": "faceORIGIN",
			"stepParentName": "headridge",
			"from": [ -1.5, 0.65, 1.41 ],
			"to": [ -0.5, 1.65, 2.41 ],
			"rotationOrigin": [ -1.5, 0.9, 1.4 ],
			"faces": {
			},
			"children": [
				{
					"name": "Medallion",
					"from": [ 3.8, 1.7, 1.0 ],
					"to": [ 4.8, 1.9, 1.4 ],
					"rotationOrigin": [ 4.4, 1.7, 1.2 ],
					"faces": {
						"north": { "texture": "#tinbronze1", "uv": [ 8.0, 8.0, 9.0, 8.5 ] },
						"east": { "texture": "#tinbronze1", "uv": [ 9.5, 15.0, 10.0, 15.5 ] },
						"south": { "texture": "#tinbronze1", "uv": [ 4.5, 5.0, 5.5, 5.5 ] },
						"west": { "texture": "#tinbronze1", "uv": [ 8.0, 14.0, 8.5, 14.5 ] },
						"up": { "texture": "#tinbronze1", "uv": [ 11.5, 6.0, 12.5, 6.5 ] }
					},
					"children": [
						{
							"name": "strap",
							"from": [ 1.2, 0.0, -0.1 ],
							"to": [ 1.7, 0.1, 0.5 ],
							"rotationOrigin": [ 1.2, 0.0, 0.2 ],
							"faces": {
								"north": { "texture": "#plain", "uv": [ 2.0, 3.0, 2.5, 3.5 ] },
								"south": { "texture": "#plain", "uv": [ 11.5, 2.0, 12.0, 2.5 ] },
								"up": { "texture": "#plain", "uv": [ 5.5, 4.0, 6.0, 4.5 ] },
								"down": { "texture": "#plain", "uv": [ 2.5, 15.0, 3.0, 15.5 ] }
							},
							"children": [
								{
									"name": "band",
									"from": [ -1.0, -0.1, -1.0 ],
									"to": [ 0.0, 0.4, 1.6 ],
									"rotationOrigin": [ 0.0, 0.0, 0.3 ],
									"rotationZ": 25.0,
									"faces": {
										"north": { "texture": "#plain", "uv": [ 2.0, 10.0, 3.0, 10.5 ] },
										"east": { "texture": "#plain", "uv": [ 11.0, 10.0, 13.5, 10.5 ] },
										"south": { "texture": "#plain", "uv": [ 8.0, 8.0, 9.0, 8.5 ] },
										"west": { "texture": "#plain", "uv": [ 4.0, 1.5, 6.5, 2.0 ] },
										"up": { "texture": "#plain", "uv": [ 6.5, 12.5, 7.5, 15.0 ] },
										"down": { "texture": "#plain", "uv": [ 7.5, 7.5, 8.5, 10.0 ] }
									},
									"children": [
										{
											"name": "strip1",
											"from": [ 0.5, 0.3, 1.4 ],
											"to": [ 2.0, 0.5, 1.6 ],
											"rotationOrigin": [ 0.5, 0.4, 1.5 ],
											"rotationY": -36.0,
											"rotationZ": 36.0,
											"faces": {
												"north": { "texture": "#tinbronze1", "uv": [ 11.0, 9.0, 12.5, 9.5 ] },
												"east": { "texture": "#tinbronze1", "uv": [ 10.0, 8.5, 10.5, 9.0 ] },
												"south": { "texture": "#tinbronze1", "uv": [ 13.5, 0.5, 15.0, 1.0 ] },
												"west": { "texture": "#tinbronze1", "uv": [ 0.5, 12.5, 1.0, 13.0 ] },
												"up": { "texture": "#tinbronze1", "uv": [ 8.0, 10.5, 9.5, 11.0 ] },
												"down": { "texture": "#tinbronze1", "uv": [ 0.0, 0.0, 1.5, 0.5 ], "windMode": [-1,-1,-1,-1], "windData": [1,1,1,1] }
											}
										},
										{
											"name": "strip2",
											"from": [ 0.5, 0.3, 1.0 ],
											"to": [ 2.0, 0.5, 1.2 ],
											"rotationOrigin": [ 0.5, 0.4, 1.1 ],
											"rotationY": 36.0,
											"rotationZ": 36.0,
											"faces": {
												"north": { "texture": "#tinbronze1", "uv": [ 11.0, 9.0, 12.5, 9.5 ] },
												"east": { "texture": "#tinbronze1", "uv": [ 10.0, 8.5, 10.5, 9.0 ] },
												"south": { "texture": "#tinbronze1", "uv": [ 13.5, 0.5, 15.0, 1.0 ] },
												"west": { "texture": "#tinbronze1", "uv": [ 0.5, 12.5, 1.0, 13.0 ] },
												"up": { "texture": "#tinbronze1", "uv": [ 8.0, 10.5, 9.5, 11.0 ] },
												"down": { "texture": "#tinbronze1", "uv": [ 0.0, 0.0, 1.5, 0.5 ], "windMode": [-1,-1,-1,-1], "windData": [1,1,1,1] }
											}
										},
										{
											"name": "strip3",
											"from": [ 0.0, 0.6, 1.2 ],
											"to": [ 0.2, 1.6, 1.4 ],
											"rotationOrigin": [ 0.1, 0.6, 1.3 ],
											"faces": {
												"north": { "texture": "#tinbronze1", "uv": [ 10.0, 3.0, 10.5, 4.0 ] },
												"east": { "texture": "#tinbronze1", "uv": [ 3.0, 14.0, 3.5, 15.0 ] },
												"south": { "texture": "#tinbronze1", "uv": [ 3.0, 4.5, 3.5, 5.5 ] },
												"west": { "texture": "#tinbronze1", "uv": [ 12.0, 4.0, 12.5, 5.0 ] },
												"up": { "texture": "#tinbronze1", "uv": [ 5.0, 8.5, 5.5, 9.0 ] }
											},
											"children": [
												{
													"name": "gem",
													"from": [ 0.3, 0.0, -0.2 ],
													"to": [ 0.9, 0.6, 0.4 ],
													"rotationOrigin": [ 0.6, 0.3, 0.1 ],
													"rotationY": 45.0,
													"faces": {
														"north": { "texture": "#lapislazuli", "uv": [ 1.5, 3.0, 2.0, 3.5 ] },
														"east": { "texture": "#lapislazuli", "uv": [ 9.0, 12.5, 9.5, 13.0 ] },
														"south": { "texture": "#lapislazuli", "uv": [ 6.0, 12.5, 6.5, 13.0 ] },
														"west": { "texture": "#lapislazuli", "uv": [ 0.5, 7.5, 1.0, 8.0 ] },
														"up": { "texture": "#lapislazuli", "uv": [ 10.0, 12.5, 10.5, 13.0 ] },
														"down": { "texture": "#lapislazuli", "uv": [ 9.0, 8.5, 9.5, 9.0 ] }
													}
												}
											]
										}
									]
								}
							]
						}
					]
				}
			]
		}
	],
	"animations": [
		{
			"name": "idle",
			"code": "idle",
			"quantityframes": 60,
			"onActivityStopped": "Rewind",
			"onAnimationEnd": "Repeat",
			"keyframes": [

			]
		}
	]
}