{
	"editor": {
		"allAngles": true,
		"entityTextureMode": false
	},
	"textureWidth": 16,
	"textureHeight": 16,
	"textureSizes": {
		"plain": [16,16]
	},
	"textures": {
	},
	"elements": [
		{
			"name": "faceORIGIN",
			"from": [ 8.0, 0.0, 8.0 ],
			"to": [ 8.0, 0.0, 8.0 ],
			"rotationOrigin": [ 8.0, 0.0, 8.0 ],
			"faces": {
				"north": { "texture": "#plain", "uv": [ 0.0, 0.0, 0.5, 0.5 ] },
				"east": { "texture": "#plain", "uv": [ 0.0, 0.0, 0.5, 0.5 ] },
				"south": { "texture": "#plain", "uv": [ 0.0, 0.0, 0.5, 0.5 ] },
				"west": { "texture": "#plain", "uv": [ 0.0, 0.0, 0.5, 0.5 ] },
				"up": { "texture": "#plain", "uv": [ 0.0, 0.0, 0.5, 0.5 ] },
				"down": { "texture": "#plain", "uv": [ 0.0, 0.0, 0.5, 0.5 ] }
			},
			"children": [
				{
					"name": "Medallion",
					"from": [ -0.2, 0.0, -0.2 ],
					"to": [ 0.2, 0.3, 0.2 ],
					"rotationOrigin": [ 0.0, 0.0, 0.0 ],
					"rotationY": 45.0,
					"faces": {
						"north": { "texture": "#pearl1", "uv": [ 7.5, 12.5, 8.0, 13.0 ] },
						"east": { "texture": "#pearl1", "uv": [ 1.0, 15.0, 1.5, 15.5 ] },
						"south": { "texture": "#pearl1", "uv": [ 4.5, 6.0, 5.0, 6.5 ] },
						"west": { "texture": "#pearl1", "uv": [ 5.0, 5.5, 5.5, 6.0 ] },
						"up": { "texture": "#pearl1", "uv": [ 15.0, 10.5, 15.5, 11.0 ] },
						"down": { "texture": "#pearl1", "uv": [ 0.0, 0.0, 0.5, 0.5 ], "windMode": [-1,-1,-1,-1] }
					},
					"children": [
						{
							"name": "strap",
							"from": [ 0.0, 0.01, 0.6 ],
							"to": [ 2.0, 0.11, 1.0 ],
							"rotationOrigin": [ 0.8, 0.1, 0.8 ],
							"rotationY": -45.0,
							"faces": {
								"north": { "texture": "#plain", "uv": [ 0.5, 4.0, 2.5, 4.5 ] },
								"east": { "texture": "#plain", "uv": [ 8.5, 1.0, 9.0, 1.5 ], "windMode": [-1,-1,-1,-1] },
								"south": { "texture": "#plain", "uv": [ 4.5, 15.0, 6.5, 15.5 ] },
								"west": { "texture": "#plain", "uv": [ 10.0, 15.0, 10.5, 15.5 ], "windMode": [-1,-1,-1,-1], "windData": [1,1,1,1] },
								"up": { "texture": "#plain", "uv": [ 0.5, 11.0, 2.5, 11.5 ] },
								"down": { "texture": "#plain", "uv": [ 12.0, 6.0, 14.0, 6.5 ] }
							},
							"children": [
								{
									"name": "strap2",
									"from": [ 0.5, -0.01, 0.0 ],
									"to": [ 2.0, 0.09, 0.4 ],
									"rotationOrigin": [ 2.0, -0.1, 0.0 ],
									"rotationY": -52.0,
									"faces": {
										"north": { "texture": "#plain", "uv": [ 3.5, 10.0, 5.0, 10.5 ] },
										"south": { "texture": "#plain", "uv": [ 8.5, 11.0, 10.0, 11.5 ] },
										"west": { "texture": "#plain", "uv": [ 9.5, 13.5, 10.0, 14.0 ] },
										"up": { "texture": "#plain", "uv": [ 11.5, 4.0, 13.0, 4.5 ] },
										"down": { "texture": "#plain", "uv": [ 1.5, 0.5, 3.0, 1.0 ] }
									},
									"children": [
										{
											"name": "strap3",
											"from": [ -2.5, -0.01, 0.0 ],
											"to": [ 0.0, 0.09, 0.4 ],
											"rotationOrigin": [ 0.0, -0.1, 0.0 ],
											"rotationY": 39.0,
											"faces": {
												"north": { "texture": "#plain", "uv": [ 0.0, 0.0, 2.5, 0.5 ] },
												"south": { "texture": "#plain", "uv": [ 0.0, 0.0, 2.5, 0.5 ] },
												"west": { "texture": "#plain", "uv": [ 0.0, 0.0, 0.5, 0.5 ] },
												"up": { "texture": "#plain", "uv": [ 0.0, 0.0, 2.5, 0.5 ] },
												"down": { "texture": "#plain", "uv": [ 0.0, 0.0, 2.5, 0.5 ] }
											}
										}
									]
								}
							]
						},
						{
							"name": "pearl1",
							"from": [ -0.2, 0.01, -0.2 ],
							"to": [ 0.1, 0.26, 0.1 ],
							"rotationOrigin": [ -0.05, 0.1, -0.05 ],
							"faces": {
								"north": { "texture": "#pearl1", "uv": [ 0.5, 2.0, 1.0, 2.5 ] },
								"east": { "texture": "#pearl1", "uv": [ 2.0, 5.5, 2.5, 6.0 ] },
								"south": { "texture": "#pearl1", "uv": [ 11.5, 0.5, 12.0, 1.0 ] },
								"west": { "texture": "#pearl1", "uv": [ 10.5, 11.0, 11.0, 11.5 ] },
								"up": { "texture": "#pearl1", "uv": [ 8.5, 8.5, 9.0, 9.0 ] },
								"down": { "texture": "#pearl1", "uv": [ 0.0, 0.0, 0.5, 0.5 ], "windMode": [-1,-1,-1,-1] }
							}
						},
						{
							"name": "pearl2",
							"from": [ -0.5, 0.0, -0.5 ],
							"to": [ -0.2, 0.25, -0.2 ],
							"rotationOrigin": [ -0.35, 0.0, -0.35 ],
							"faces": {
								"north": { "texture": "#pearl1", "uv": [ 14.5, 9.5, 15.0, 10.0 ] },
								"east": { "texture": "#pearl1", "uv": [ 14.5, 10.0, 15.0, 10.5 ] },
								"south": { "texture": "#pearl1", "uv": [ 12.0, 10.5, 12.5, 11.0 ] },
								"west": { "texture": "#pearl1", "uv": [ 12.0, 5.0, 12.5, 5.5 ] },
								"up": { "texture": "#pearl1", "uv": [ 3.0, 14.5, 3.5, 15.0 ] },
								"down": { "texture": "#pearl1", "uv": [ 0.0, 0.0, 0.5, 0.5 ], "windMode": [-1,-1,-1,-1] }
							}
						},
						{
							"name": "pearl3",
							"from": [ -0.6, 0.01, -0.6 ],
							"to": [ -0.4, 0.21, -0.4 ],
							"rotationOrigin": [ -0.5, 0.1, -0.5 ],
							"faces": {
								"north": { "texture": "#pearl1", "uv": [ 4.5, 11.0, 5.0, 11.5 ] },
								"east": { "texture": "#pearl1", "uv": [ 7.0, 2.0, 7.5, 2.5 ] },
								"south": { "texture": "#pearl1", "uv": [ 8.5, 0.5, 9.0, 1.0 ] },
								"west": { "texture": "#pearl1", "uv": [ 14.5, 1.5, 15.0, 2.0 ] },
								"up": { "texture": "#pearl1", "uv": [ 7.5, 3.0, 8.0, 3.5 ] },
								"down": { "texture": "#pearl1", "uv": [ 0.0, 0.0, 0.5, 0.5 ], "windMode": [-1,-1,-1,-1] }
							}
						},
						{
							"name": "pearl4",
							"from": [ -0.8, 0.0, -0.8 ],
							"to": [ -0.6, 0.2, -0.6 ],
							"rotationOrigin": [ -0.7, 0.0, -0.7 ],
							"faces": {
								"north": { "texture": "#pearl1", "uv": [ 4.0, 14.5, 4.5, 15.0 ] },
								"east": { "texture": "#pearl1", "uv": [ 2.5, 9.0, 3.0, 9.5 ] },
								"south": { "texture": "#pearl1", "uv": [ 9.0, 12.0, 9.5, 12.5 ] },
								"west": { "texture": "#pearl1", "uv": [ 10.5, 4.0, 11.0, 4.5 ] },
								"up": { "texture": "#pearl1", "uv": [ 10.0, 8.5, 10.5, 9.0 ] },
								"down": { "texture": "#pearl1", "uv": [ 0.0, 0.0, 0.5, 0.5 ], "windMode": [-1,-1,-1,-1] }
							}
						}
					]
				}
			]
		}
	]}