{
	"editor": {
		"backDropShape": "C:/Users/Vies/Desktop/vs model creator/ridgeback-male-adult",
		"allAngles": true,
		"entityTextureMode": false
	},
	"textureWidth": 16,
	"textureHeight": 16,
	"textureSizes": {
		"plain": [16,16]
	},
	"textures": {
	},
	"elements": [
		{
			"name": "faceORIGIN",
			"stepParentName": "headridge",
			"from": [ -1.5, 0.65, 1.41 ],
			"to": [ -0.5, 1.65, 2.41 ],
			"rotationOrigin": [ -1.5, 0.9, 1.4 ],
			"faces": {
			},
			"children": [
				{
					"name": "Medallion",
					"from": [ 3.8, 1.7, 0.6 ],
					"to": [ 5.0, 1.9, 1.8 ],
					"rotationOrigin": [ 4.4, 1.7, 1.2 ],
					"rotationY": 45.0,
					"faces": {
						"north": { "texture": "#tinbronze1", "uv": [ 8.0, 8.0, 9.0, 8.5 ] },
						"east": { "texture": "#tinbronze1", "uv": [ 9.5, 15.0, 10.5, 15.5 ] },
						"south": { "texture": "#tinbronze1", "uv": [ 4.5, 5.0, 5.5, 5.5 ] },
						"west": { "texture": "#tinbronze1", "uv": [ 8.0, 14.0, 9.0, 14.5 ] },
						"up": { "texture": "#tinbronze1", "uv": [ 11.5, 6.0, 12.5, 7.0 ] }
					},
					"children": [
						{
							"name": "strap",
							"from": [ 0.4, 0.0, 0.9 ],
							"to": [ 1.4, 0.1, 1.5 ],
							"rotationOrigin": [ 1.2, 0.0, 1.2 ],
							"rotationY": -45.0,
							"faces": {
								"north": { "texture": "#plain", "uv": [ 2.0, 3.0, 3.0, 3.5 ] },
								"south": { "texture": "#plain", "uv": [ 11.5, 2.0, 12.5, 2.5 ] },
								"up": { "texture": "#plain", "uv": [ 5.5, 4.0, 6.5, 4.5 ] },
								"down": { "texture": "#plain", "uv": [ 2.5, 15.0, 3.5, 15.5 ] }
							}
						},
						{
							"name": "gem1",
							"from": [ 0.2, 0.2, 0.2 ],
							"to": [ 1.0, 0.4, 1.0 ],
							"rotationOrigin": [ 0.6, 0.2, 0.6 ],
							"faces": {
								"north": { "texture": "#rustyglow", "uv": [ 5.5, 4.0, 6.0, 4.5 ] },
								"east": { "texture": "#rustyglow", "uv": [ 11.5, 4.0, 12.0, 4.5 ] },
								"south": { "texture": "#rustyglow", "uv": [ 10.5, 15.0, 11.0, 15.5 ] },
								"west": { "texture": "#rustyglow", "uv": [ 13.5, 11.5, 14.0, 12.0 ] },
								"up": { "texture": "#rustyglow", "uv": [ 0.0, 0.5, 0.5, 1.0 ] }
							}
						},
						{
							"name": "gem2",
							"from": [ -0.25, 0.0, -0.25 ],
							"to": [ 0.05, 0.3, 0.05 ],
							"rotationOrigin": [ -0.1, 0.0, -0.1 ],
							"faces": {
								"north": { "texture": "#rustyglow", "uv": [ 0.0, 0.0, 0.5, 0.5 ] },
								"east": { "texture": "#rustyglow", "uv": [ 0.0, 0.0, 0.5, 0.5 ] },
								"south": { "texture": "#rustyglow", "uv": [ 0.0, 0.0, 0.5, 0.5 ] },
								"west": { "texture": "#rustyglow", "uv": [ 0.0, 0.0, 0.5, 0.5 ] },
								"up": { "texture": "#rustyglow", "uv": [ 0.0, 0.0, 0.5, 0.5 ] }
							}
						},
						{
							"name": "gem3",
							"from": [ 1.15, 0.0, -0.25 ],
							"to": [ 1.45, 0.3, 0.05 ],
							"rotationOrigin": [ 1.3, 0.0, -0.1 ],
							"faces": {
								"north": { "texture": "#rustyglow", "uv": [ 0.0, 0.0, 0.5, 0.5 ] },
								"east": { "texture": "#rustyglow", "uv": [ 0.0, 0.0, 0.5, 0.5 ] },
								"south": { "texture": "#rustyglow", "uv": [ 0.0, 0.0, 0.5, 0.5 ] },
								"west": { "texture": "#rustyglow", "uv": [ 0.0, 0.0, 0.5, 0.5 ] },
								"up": { "texture": "#rustyglow", "uv": [ 0.0, 0.0, 0.5, 0.5 ] }
							}
						},
						{
							"name": "gem4",
							"from": [ -0.25, 0.0, 1.15 ],
							"to": [ 0.05, 0.3, 1.45 ],
							"rotationOrigin": [ -0.1, 0.0, 1.3 ],
							"faces": {
								"north": { "texture": "#rustyglow", "uv": [ 0.0, 0.0, 0.5, 0.5 ] },
								"east": { "texture": "#rustyglow", "uv": [ 0.0, 0.0, 0.5, 0.5 ] },
								"south": { "texture": "#rustyglow", "uv": [ 0.0, 0.0, 0.5, 0.5 ] },
								"west": { "texture": "#rustyglow", "uv": [ 0.0, 0.0, 0.5, 0.5 ] },
								"up": { "texture": "#rustyglow", "uv": [ 0.0, 0.0, 0.5, 0.5 ] }
							}
						}
					]
				}
			]
		}
	],
	"animations": [
		{
			"name": "idle",
			"code": "idle",
			"quantityframes": 60,
			"onActivityStopped": "Rewind",
			"onAnimationEnd": "Repeat",
			"keyframes": [

			]
		}
	]
}