{
	"editor": {
		"allAngles": true,
		"entityTextureMode": false
	},
	"textureWidth": 16,
	"textureHeight": 16,
	"textureSizes": {
		"plain": [16,16]
	},
	"textures": {
	},
	"elements": [
		{
			"name": "origin",
			"from": [ 8.0, 0.0, 8.0 ],
			"to": [ 8.0, 0.0, 8.0 ],
			"rotationOrigin": [ 8.0, 0.0, 8.0 ],
			"faces": {
				"north": { "texture": "#plain", "uv": [ 0.0, 0.0, 0.5, 0.5 ] },
				"east": { "texture": "#plain", "uv": [ 0.0, 0.0, 0.5, 0.5 ] },
				"south": { "texture": "#plain", "uv": [ 0.0, 0.0, 0.5, 0.5 ] },
				"west": { "texture": "#plain", "uv": [ 0.0, 0.0, 0.5, 0.5 ] },
				"up": { "texture": "#plain", "uv": [ 0.0, 0.0, 0.5, 0.5 ] },
				"down": { "texture": "#plain", "uv": [ 0.0, 0.0, 0.5, 0.5 ] }
			},
			"children": [
				{
					"name": "main",
					"from": [ -2.2, 0.0, -0.1 ],
					"to": [ 0.8, 0.2, 0.1 ],
					"faces": {
						"north": { "texture": "#tinbronze1", "uv": [ 9.0, 11.0, 12.0, 11.5 ] },
						"east": { "texture": "#tinbronze1", "uv": [ 0.5, 4.0, 1.0, 4.5 ] },
						"south": { "texture": "#tinbronze1", "uv": [ 1.5, 7.5, 4.5, 8.0 ] },
						"west": { "texture": "#tinbronze1", "uv": [ 1.5, 9.5, 2.0, 10.0 ] },
						"up": { "texture": "#tinbronze1", "uv": [ 7.5, 3.0, 10.5, 3.5 ] },
						"down": { "texture": "#tinbronze1", "uv": [ 0.0, 0.0, 3.0, 0.5 ], "windMode": [-1,-1,-1,-1] }
					},
					"children": [
						{
							"name": "strap",
							"from": [ 2.7, 0.01, -0.2 ],
							"to": [ 4.2, 0.11, 0.4 ],
							"rotationOrigin": [ 3.0, 0.1, 0.1 ],
							"faces": {
								"north": { "texture": "#plain", "uv": [ 3.0, 13.0, 4.5, 13.5 ] },
								"east": { "texture": "#plain", "uv": [ 0.0, 0.0, 0.5, 0.5 ], "windMode": [-1,-1,-1,-1] },
								"south": { "texture": "#plain", "uv": [ 6.0, 4.5, 7.5, 5.0 ] },
								"west": { "texture": "#plain", "uv": [ 10.5, 2.0, 11.0, 2.5 ], "windMode": [-1,-1,-1,-1], "windData": [1,1,1,1] },
								"up": { "texture": "#plain", "uv": [ 9.0, 1.5, 10.5, 2.0 ] },
								"down": { "texture": "#plain", "uv": [ 12.5, 12.0, 14.0, 12.5 ] }
							},
							"children": [
								{
									"name": "strap2",
									"from": [ 0.0, -0.01, 0.0 ],
									"to": [ 1.5, 0.09, 0.6 ],
									"rotationOrigin": [ 1.5, -0.1, 0.0 ],
									"rotationY": -52.0,
									"faces": {
										"north": { "texture": "#plain", "uv": [ 0.0, 0.0, 1.5, 0.5 ] },
										"south": { "texture": "#plain", "uv": [ 0.0, 0.0, 1.5, 0.5 ] },
										"west": { "texture": "#plain", "uv": [ 0.0, 0.0, 0.5, 0.5 ] },
										"up": { "texture": "#plain", "uv": [ 0.0, 0.0, 1.5, 0.5 ] },
										"down": { "texture": "#plain", "uv": [ 0.0, 0.0, 1.5, 0.5 ] }
									},
									"children": [
										{
											"name": "strap3",
											"from": [ -2.5, -0.01, 0.0 ],
											"to": [ 0.0, 0.09, 0.6 ],
											"rotationOrigin": [ 0.0, -0.1, 0.0 ],
											"rotationY": 39.0,
											"faces": {
												"north": { "texture": "#plain", "uv": [ 0.0, 0.0, 2.5, 0.5 ] },
												"south": { "texture": "#plain", "uv": [ 0.0, 0.0, 2.5, 0.5 ] },
												"west": { "texture": "#plain", "uv": [ 0.0, 0.0, 0.5, 0.5 ] },
												"up": { "texture": "#plain", "uv": [ 0.0, 0.0, 2.5, 0.5 ] },
												"down": { "texture": "#plain", "uv": [ 0.0, 0.0, 2.5, 0.5 ] }
											}
										}
									]
								}
							]
						},
						{
							"name": "strip1",
							"from": [ 1.9, 0.0, -0.9 ],
							"to": [ 2.1, 0.15, 1.1 ],
							"rotationOrigin": [ 2.0, 0.0, 0.1 ],
							"faces": {
								"north": { "texture": "#tinbronze1", "uv": [ 0.0, 3.5, 0.5, 4.0 ] },
								"east": { "texture": "#tinbronze1", "uv": [ 0.0, 15.0, 2.0, 15.5 ] },
								"south": { "texture": "#tinbronze1", "uv": [ 11.5, 13.0, 12.0, 13.5 ] },
								"west": { "texture": "#tinbronze1", "uv": [ 8.0, 8.5, 10.0, 9.0 ] },
								"up": { "texture": "#tinbronze1", "uv": [ 10.5, 2.0, 11.0, 4.0 ] },
								"down": { "texture": "#tinbronze1", "uv": [ 12.5, 2.0, 13.0, 4.0 ] }
							},
							"children": [
								{
									"name": "strip3",
									"from": [ 0.2, 0.01, 0.0 ],
									"to": [ 1.2, 0.11, 0.2 ],
									"rotationOrigin": [ 0.2, 0.1, 0.0 ],
									"rotationY": -15.0,
									"faces": {
										"north": { "texture": "#tinbronze1", "uv": [ 0.5, 7.5, 1.5, 8.0 ] },
										"east": { "texture": "#tinbronze1", "uv": [ 13.0, 7.0, 13.5, 7.5 ] },
										"south": { "texture": "#tinbronze1", "uv": [ 3.0, 10.5, 4.0, 11.0 ] },
										"up": { "texture": "#tinbronze1", "uv": [ 1.0, 6.5, 2.0, 7.0 ] },
										"down": { "texture": "#tinbronze1", "uv": [ 0.0, 0.0, 1.0, 0.5 ], "windMode": [-1,-1,-1,-1] }
									}
								},
								{
									"name": "strip4",
									"from": [ 0.2, 0.01, 1.8 ],
									"to": [ 1.2, 0.11, 2.0 ],
									"rotationOrigin": [ 0.2, 0.1, 2.0 ],
									"rotationY": 15.0,
									"faces": {
										"north": { "texture": "#tinbronze1", "uv": [ 9.0, 5.5, 10.0, 6.0 ] },
										"east": { "texture": "#tinbronze1", "uv": [ 13.5, 6.0, 14.0, 6.5 ] },
										"south": { "texture": "#tinbronze1", "uv": [ 13.0, 1.5, 14.0, 2.0 ] },
										"up": { "texture": "#tinbronze1", "uv": [ 6.5, 8.5, 7.5, 9.0 ] },
										"down": { "texture": "#tinbronze1", "uv": [ 0.0, 0.0, 1.0, 0.5 ], "windMode": [-1,-1,-1,-1] }
									}
								}
							]
						},
						{
							"name": "strip2",
							"from": [ 1.0, 0.0, -0.4 ],
							"to": [ 1.2, 0.15, 0.6 ],
							"rotationOrigin": [ 1.1, 0.0, 0.1 ],
							"faces": {
								"north": { "texture": "#tinbronze1", "uv": [ 9.0, 14.0, 9.5, 14.5 ] },
								"east": { "texture": "#tinbronze1", "uv": [ 3.5, 10.0, 4.5, 10.5 ] },
								"south": { "texture": "#tinbronze1", "uv": [ 2.0, 1.5, 2.5, 2.0 ] },
								"west": { "texture": "#tinbronze1", "uv": [ 14.0, 3.0, 15.0, 3.5 ] },
								"up": { "texture": "#tinbronze1", "uv": [ 5.5, 5.0, 6.0, 6.0 ] },
								"down": { "texture": "#tinbronze1", "uv": [ 8.0, 7.5, 8.5, 8.5 ] }
							},
							"children": [
								{
									"name": "strip5",
									"from": [ -0.8, -0.01, -0.2 ],
									"to": [ 0.2, 0.13, 0.0 ],
									"rotationOrigin": [ 0.2, -0.1, 0.0 ],
									"rotationY": 10.0,
									"faces": {
										"north": { "texture": "#tinbronze1", "uv": [ 7.0, 4.0, 8.0, 4.5 ] },
										"east": { "texture": "#tinbronze1", "uv": [ 9.0, 10.0, 9.5, 10.5 ] },
										"south": { "texture": "#tinbronze1", "uv": [ 8.0, 12.5, 9.0, 13.0 ] },
										"west": { "texture": "#tinbronze1", "uv": [ 0.5, 9.0, 1.0, 9.5 ] },
										"up": { "texture": "#tinbronze1", "uv": [ 3.0, 2.5, 4.0, 3.0 ] },
										"down": { "texture": "#tinbronze1", "uv": [ 0.0, 0.0, 1.0, 0.5 ], "windMode": [-1,-1,-1,-1] }
									}
								},
								{
									"name": "strip6",
									"from": [ -0.8, -0.01, 1.0 ],
									"to": [ 0.2, 0.13, 1.2 ],
									"rotationOrigin": [ 0.2, -0.1, 1.0 ],
									"rotationY": -10.0,
									"faces": {
										"north": { "texture": "#tinbronze1", "uv": [ 9.0, 6.0, 10.0, 6.5 ] },
										"east": { "texture": "#tinbronze1", "uv": [ 12.0, 11.5, 12.5, 12.0 ] },
										"south": { "texture": "#tinbronze1", "uv": [ 12.0, 2.5, 13.0, 3.0 ] },
										"west": { "texture": "#tinbronze1", "uv": [ 3.0, 12.0, 3.5, 12.5 ] },
										"up": { "texture": "#tinbronze1", "uv": [ 13.5, 10.0, 14.5, 10.5 ] },
										"down": { "texture": "#tinbronze1", "uv": [ 0.0, 0.0, 1.0, 0.5 ], "windMode": [-1,-1,-1,-1] }
									}
								}
							]
						}
					]
				}
			]
		}
	]}