{
	"editor": {
		"allAngles": true,
		"entityTextureMode": false
	},
	"textureWidth": 16,
	"textureHeight": 16,
	"textureSizes": {
		"plain": [16,16]
	},
	"textures": {
	},
	"elements": [
		{
			"name": "faceORIGIN",
			"from": [ 8.0, 0.0, 8.0 ],
			"to": [ 8.0, 0.0, 8.0 ],
			"rotationOrigin": [ 8.0, 0.0, 8.0 ],
			"faces": {
				"north": { "texture": "#plain", "uv": [ 0.0, 0.0, 0.5, 0.5 ] },
				"east": { "texture": "#plain", "uv": [ 0.0, 0.0, 0.5, 0.5 ] },
				"south": { "texture": "#plain", "uv": [ 0.0, 0.0, 0.5, 0.5 ] },
				"west": { "texture": "#plain", "uv": [ 0.0, 0.0, 0.5, 0.5 ] },
				"up": { "texture": "#plain", "uv": [ 0.0, 0.0, 0.5, 0.5 ] },
				"down": { "texture": "#plain", "uv": [ 0.0, 0.0, 0.5, 0.5 ] }
			},
			"children": [
				{
					"name": "Medallion",
					"from": [ -0.6, 0.0, -0.6 ],
					"to": [ 0.6, 0.2, 0.6 ],
					"rotationOrigin": [ 0.0, 0.0, 0.0 ],
					"rotationY": 45.0,
					"faces": {
						"north": { "texture": "#tinbronze1", "uv": [ 8.0, 8.0, 9.0, 8.5 ] },
						"east": { "texture": "#tinbronze1", "uv": [ 9.5, 15.0, 10.5, 15.5 ] },
						"south": { "texture": "#tinbronze1", "uv": [ 4.5, 5.0, 5.5, 5.5 ] },
						"west": { "texture": "#tinbronze1", "uv": [ 8.0, 14.0, 9.0, 14.5 ] },
						"up": { "texture": "#tinbronze1", "uv": [ 11.5, 6.0, 12.5, 7.0 ] },
						"down": { "texture": "#tinbronze1", "uv": [ 0.0, 0.0, 1.0, 1.0 ], "windMode": [-1,-1,-1,-1] }
					},
					"children": [
						{
							"name": "strap",
							"from": [ 0.4, 0.01, 0.9 ],
							"to": [ 2.4, 0.11, 1.5 ],
							"rotationOrigin": [ 1.2, 0.1, 1.2 ],
							"rotationY": -45.0,
							"faces": {
								"north": { "texture": "#plain", "uv": [ 2.0, 3.0, 4.0, 3.5 ] },
								"east": { "texture": "#plain", "uv": [ 0.0, 0.0, 0.5, 0.5 ], "windMode": [-1,-1,-1,-1] },
								"south": { "texture": "#plain", "uv": [ 11.5, 2.0, 13.5, 2.5 ] },
								"up": { "texture": "#plain", "uv": [ 5.5, 4.0, 7.5, 4.5 ] },
								"down": { "texture": "#plain", "uv": [ 2.5, 15.0, 4.5, 15.5 ] }
							},
							"children": [
								{
									"name": "strap2",
									"from": [ 0.5, -0.01, 0.0 ],
									"to": [ 2.0, 0.09, 0.6 ],
									"rotationOrigin": [ 2.0, -0.1, 0.0 ],
									"rotationY": -52.0,
									"faces": {
										"north": { "texture": "#plain", "uv": [ 0.0, 0.0, 1.5, 0.5 ] },
										"south": { "texture": "#plain", "uv": [ 0.0, 0.0, 1.5, 0.5 ] },
										"west": { "texture": "#plain", "uv": [ 0.0, 0.0, 0.5, 0.5 ] },
										"up": { "texture": "#plain", "uv": [ 0.0, 0.0, 1.5, 0.5 ] },
										"down": { "texture": "#plain", "uv": [ 0.0, 0.0, 1.5, 0.5 ] }
									},
									"children": [
										{
											"name": "strap3",
											"from": [ -2.5, -0.01, 0.0 ],
											"to": [ 0.0, 0.09, 0.6 ],
											"rotationOrigin": [ 0.0, -0.1, 0.0 ],
											"rotationY": 39.0,
											"faces": {
												"north": { "texture": "#plain", "uv": [ 0.0, 0.0, 2.5, 0.5 ] },
												"south": { "texture": "#plain", "uv": [ 0.0, 0.0, 2.5, 0.5 ] },
												"west": { "texture": "#plain", "uv": [ 0.0, 0.0, 0.5, 0.5 ] },
												"up": { "texture": "#plain", "uv": [ 0.0, 0.0, 2.5, 0.5 ] },
												"down": { "texture": "#plain", "uv": [ 0.0, 0.0, 2.5, 0.5 ] }
											}
										}
									]
								}
							]
						},
						{
							"name": "gem1",
							"from": [ 0.2, 0.2, 0.2 ],
							"to": [ 1.0, 0.4, 1.0 ],
							"rotationOrigin": [ 0.6, 0.2, 0.6 ],
							"faces": {
								"north": { "texture": "#rustyglow", "uv": [ 5.5, 4.0, 6.0, 4.5 ] },
								"east": { "texture": "#rustyglow", "uv": [ 11.5, 4.0, 12.0, 4.5 ] },
								"south": { "texture": "#rustyglow", "uv": [ 10.5, 15.0, 11.0, 15.5 ] },
								"west": { "texture": "#rustyglow", "uv": [ 13.5, 11.5, 14.0, 12.0 ] },
								"up": { "texture": "#rustyglow", "uv": [ 0.0, 0.5, 0.5, 1.0 ] }
							}
						},
						{
							"name": "gem2",
							"from": [ -0.25, -0.01, -0.25 ],
							"to": [ 0.05, 0.29, 0.05 ],
							"rotationOrigin": [ -0.1, -0.1, -0.1 ],
							"faces": {
								"north": { "texture": "#rustyglow", "uv": [ 0.0, 0.0, 0.5, 0.5 ] },
								"east": { "texture": "#rustyglow", "uv": [ 0.0, 0.0, 0.5, 0.5 ] },
								"south": { "texture": "#rustyglow", "uv": [ 0.0, 0.0, 0.5, 0.5 ] },
								"west": { "texture": "#rustyglow", "uv": [ 0.0, 0.0, 0.5, 0.5 ] },
								"up": { "texture": "#rustyglow", "uv": [ 0.0, 0.0, 0.5, 0.5 ] },
								"down": { "texture": "#rustyglow", "uv": [ 0.0, 0.0, 0.5, 0.5 ], "windMode": [-1,-1,-1,-1] }
							}
						},
						{
							"name": "gem3",
							"from": [ 1.15, -0.01, -0.25 ],
							"to": [ 1.45, 0.29, 0.05 ],
							"rotationOrigin": [ 1.3, -0.1, -0.1 ],
							"faces": {
								"north": { "texture": "#rustyglow", "uv": [ 0.0, 0.0, 0.5, 0.5 ] },
								"east": { "texture": "#rustyglow", "uv": [ 0.0, 0.0, 0.5, 0.5 ] },
								"south": { "texture": "#rustyglow", "uv": [ 0.0, 0.0, 0.5, 0.5 ] },
								"west": { "texture": "#rustyglow", "uv": [ 0.0, 0.0, 0.5, 0.5 ] },
								"up": { "texture": "#rustyglow", "uv": [ 0.0, 0.0, 0.5, 0.5 ] },
								"down": { "texture": "#rustyglow", "uv": [ 0.0, 0.0, 0.5, 0.5 ], "windMode": [-1,-1,-1,-1] }
							}
						},
						{
							"name": "gem4",
							"from": [ -0.25, -0.01, 1.15 ],
							"to": [ 0.05, 0.29, 1.45 ],
							"rotationOrigin": [ -0.1, -0.1, 1.3 ],
							"faces": {
								"north": { "texture": "#rustyglow", "uv": [ 0.0, 0.0, 0.5, 0.5 ] },
								"east": { "texture": "#rustyglow", "uv": [ 0.0, 0.0, 0.5, 0.5 ] },
								"south": { "texture": "#rustyglow", "uv": [ 0.0, 0.0, 0.5, 0.5 ] },
								"west": { "texture": "#rustyglow", "uv": [ 0.0, 0.0, 0.5, 0.5 ] },
								"up": { "texture": "#rustyglow", "uv": [ 0.0, 0.0, 0.5, 0.5 ] },
								"down": { "texture": "#rustyglow", "uv": [ 0.0, 0.0, 0.5, 0.5 ], "windMode": [-1,-1,-1,-1] }
							}
						}
					]
				}
			]
		}
	]}