{
	"editor": {
		"collapsedPaths": "Root/ORIGINbridle/Bit/StrapBottom,Root/ORIGINbridle/Bit/StrapTop,Root/ORIGINbridle/Bit/ReinsN4,Root/ORIGINbridle/Bit/ReinsN",
		"allAngles": true,
		"entityTextureMode": false
	},
	"textureWidth": 16,
	"textureHeight": 16,
	"textureSizes": {
		"plain": [16,16]
	},
	"textures": {
	},
	"elements": [
		{
			"name": "Medallion",
			"from": [ 7.8, 0.0, 7.4 ],
			"to": [ 9.0, 0.2, 8.6 ],
			"rotationOrigin": [ 7.8, 0.0, 7.4 ],
			"faces": {
				"north": { "texture": "#tinbronze1", "uv": [ 8.0, 8.0, 9.0, 8.5 ] },
				"east": { "texture": "#tinbronze1", "uv": [ 9.5, 15.0, 10.5, 15.5 ] },
				"south": { "texture": "#tinbronze1", "uv": [ 4.5, 5.0, 5.5, 5.5 ] },
				"west": { "texture": "#tinbronze1", "uv": [ 8.0, 14.0, 9.0, 14.5 ] },
				"up": { "texture": "#tinbronze1", "uv": [ 11.5, 6.0, 12.5, 7.0 ] },
				"down": { "texture": "#tinbronze1", "uv": [ 0.0, 0.0, 1.0, 1.0 ], "windMode": [-1,-1,-1,-1] }
			},
			"children": [
				{
					"name": "strap",
					"from": [ 1.2, 0.0, 0.3 ],
					"to": [ 2.7, 0.1, 0.9 ],
					"rotationOrigin": [ 1.2, 0.0, 0.3 ],
					"faces": {
						"north": { "texture": "#plain", "uv": [ 2.0, 3.0, 3.5, 3.5 ] },
						"east": { "texture": "#plain", "uv": [ 0.0, 0.0, 0.5, 0.5 ], "windMode": [-1,-1,-1,-1] },
						"south": { "texture": "#plain", "uv": [ 11.5, 2.0, 13.0, 2.5 ] },
						"up": { "texture": "#plain", "uv": [ 5.5, 4.0, 7.0, 4.5 ] },
						"down": { "texture": "#plain", "uv": [ 2.5, 15.0, 4.0, 15.5 ] }
					},
					"children": [
						{
							"name": "strap2",
							"from": [ 0.0, -0.005, 0.0 ],
							"to": [ 1.5, 0.095, 0.6 ],
							"rotationOrigin": [ 1.5, 0.0, 0.0 ],
							"rotationY": -52.0,
							"faces": {
								"north": { "texture": "#plain", "uv": [ 2.0, 3.0, 3.5, 3.5 ] },
								"south": { "texture": "#plain", "uv": [ 11.5, 2.0, 13.0, 2.5 ] },
								"up": { "texture": "#plain", "uv": [ 5.5, 4.0, 7.0, 4.5 ] },
								"down": { "texture": "#plain", "uv": [ 2.5, 15.0, 4.0, 15.5 ] }
							}
						},
						{
							"name": "strap3",
							"from": [ 0.6, -0.005, -1.7 ],
							"to": [ 3.1, 0.095, -1.1 ],
							"rotationOrigin": [ 0.6, 0.0, -1.1 ],
							"rotationY": 161.0,
							"faces": {
								"north": { "texture": "#plain", "uv": [ 2.0, 3.0, 4.5, 3.5 ] },
								"east": { "texture": "#plain", "uv": [ 0.0, 0.0, 0.5, 0.5 ], "windMode": [-1,-1,-1,-1] },
								"south": { "texture": "#plain", "uv": [ 11.5, 2.0, 14.0, 2.5 ] },
								"up": { "texture": "#plain", "uv": [ 5.5, 4.0, 8.0, 4.5 ] },
								"down": { "texture": "#plain", "uv": [ 2.5, 15.0, 5.0, 15.5 ] }
							}
						}
					]
				},
				{
					"name": "Cube3",
					"from": [ 0.2, 0.01, 0.6 ],
					"to": [ 1.2, 0.21, 1.6 ],
					"rotationOrigin": [ 0.2, 0.1, 0.6 ],
					"rotationY": -135.0,
					"faces": {
						"north": { "texture": "#tinbronze1", "uv": [ 3.5, 7.5, 4.5, 8.0 ] },
						"east": { "texture": "#tinbronze1", "uv": [ 14.5, 5.0, 15.5, 5.5 ] },
						"south": { "texture": "#tinbronze1", "uv": [ 13.5, 8.0, 14.5, 8.5 ] },
						"west": { "texture": "#tinbronze1", "uv": [ 8.0, 14.5, 9.0, 15.0 ] },
						"up": { "texture": "#tinbronze1", "uv": [ 8.0, 9.0, 9.0, 10.0 ] },
						"down": { "texture": "#tinbronze1", "uv": [ 0.0, 0.0, 1.0, 1.0 ], "windMode": [-1,-1,-1,-1] }
					}
				},
				{
					"name": "Cube4",
					"from": [ -0.5, 0.01, 0.6 ],
					"to": [ 0.3, 0.21, 1.4 ],
					"rotationOrigin": [ -0.5, 0.1, 0.6 ],
					"rotationY": -135.0,
					"faces": {
						"north": { "texture": "#tinbronze1", "uv": [ 5.5, 9.5, 6.0, 10.0 ] },
						"east": { "texture": "#tinbronze1", "uv": [ 0.5, 0.0, 1.0, 0.5 ] },
						"south": { "texture": "#tinbronze1", "uv": [ 6.0, 7.5, 6.5, 8.0 ] },
						"west": { "texture": "#tinbronze1", "uv": [ 5.5, 4.5, 6.0, 5.0 ] },
						"up": { "texture": "#tinbronze1", "uv": [ 10.0, 14.5, 10.5, 15.0 ] },
						"down": { "texture": "#tinbronze1", "uv": [ 0.0, 0.0, 0.5, 0.5 ], "windMode": [-1,-1,-1,-1] }
					}
				},
				{
					"name": "Cube5",
					"from": [ -1.1, 0.01, 0.6 ],
					"to": [ -0.5, 0.21, 1.2 ],
					"rotationOrigin": [ -1.1, 0.1, 0.6 ],
					"rotationY": -135.0,
					"faces": {
						"north": { "texture": "#tinbronze1", "uv": [ 2.0, 7.5, 2.5, 8.0 ] },
						"east": { "texture": "#tinbronze1", "uv": [ 5.5, 0.0, 6.0, 0.5 ] },
						"south": { "texture": "#tinbronze1", "uv": [ 9.5, 13.0, 10.0, 13.5 ] },
						"west": { "texture": "#tinbronze1", "uv": [ 0.0, 3.0, 0.5, 3.5 ] },
						"up": { "texture": "#tinbronze1", "uv": [ 13.0, 6.0, 13.5, 6.5 ] },
						"down": { "texture": "#tinbronze1", "uv": [ 0.0, 0.0, 0.5, 0.5 ], "windMode": [-1,-1,-1,-1] }
					}
				},
				{
					"name": "Cube6",
					"from": [ -1.7, 0.01, 0.6 ],
					"to": [ -1.3, 0.21, 1.0 ],
					"rotationOrigin": [ -1.7, 0.1, 0.6 ],
					"rotationY": -135.0,
					"faces": {
						"north": { "texture": "#tinbronze1", "uv": [ 10.5, 3.0, 11.0, 3.5 ] },
						"east": { "texture": "#tinbronze1", "uv": [ 14.0, 13.0, 14.5, 13.5 ] },
						"south": { "texture": "#tinbronze1", "uv": [ 3.0, 1.0, 3.5, 1.5 ] },
						"west": { "texture": "#tinbronze1", "uv": [ 0.5, 1.0, 1.0, 1.5 ] },
						"up": { "texture": "#tinbronze1", "uv": [ 0.0, 2.5, 0.5, 3.0 ] },
						"down": { "texture": "#tinbronze1", "uv": [ 0.0, 0.0, 0.5, 0.5 ], "windMode": [-1,-1,-1,-1] }
					}
				},
				{
					"name": "Cube2",
					"from": [ 0.3, 0.2, 0.3 ],
					"to": [ 0.9, 0.4, 0.9 ],
					"rotationOrigin": [ 0.3, 0.2, 0.3 ],
					"faces": {
						"north": { "texture": "#rustyglow", "uv": [ 3.5, 7.5, 4.0, 8.0 ] },
						"east": { "texture": "#rustyglow", "uv": [ 7.0, 10.5, 7.5, 11.0 ] },
						"south": { "texture": "#rustyglow", "uv": [ 6.0, 2.5, 6.5, 3.0 ] },
						"west": { "texture": "#rustyglow", "uv": [ 0.0, 8.0, 0.5, 8.5 ] },
						"up": { "texture": "#rustyglow", "uv": [ 0.0, 0.0, 0.5, 0.5 ] }
					}
				}
			]
		}
	]}