{
	"editor": {
		"allAngles": true,
		"entityTextureMode": false
	},
	"textureWidth": 16,
	"textureHeight": 16,
	"textureSizes": {
		"plain": [16,16]
	},
	"textures": {
	},
	"elements": [
		{
			"name": "ORIGIN",
			"from": [ 8.0, 0.0, 8.0 ],
			"to": [ 8.0, 0.0, 8.0 ],
			"rotationOrigin": [ 8.0, 0.0, 8.0 ],
			"faces": {
				"north": { "texture": "#plain", "uv": [ 0.0, 0.0, 0.5, 0.5 ] },
				"east": { "texture": "#plain", "uv": [ 0.0, 0.0, 0.5, 0.5 ] },
				"south": { "texture": "#plain", "uv": [ 0.0, 0.0, 0.5, 0.5 ] },
				"west": { "texture": "#plain", "uv": [ 0.0, 0.0, 0.5, 0.5 ] },
				"up": { "texture": "#plain", "uv": [ 0.0, 0.0, 0.5, 0.5 ] },
				"down": { "texture": "#plain", "uv": [ 0.0, 0.0, 0.5, 0.5 ] }
			},
			"children": [
				{
					"name": "Medallion",
					"from": [ -0.2, 0.0, -0.2 ],
					"to": [ 0.2, 0.3, 0.2 ],
					"rotationOrigin": [ 0.0, 0.0, 0.0 ],
					"faces": {
						"north": { "texture": "#pearl1", "uv": [ 8.0, 8.0, 8.5, 8.5 ] },
						"east": { "texture": "#pearl1", "uv": [ 9.5, 15.0, 10.0, 15.5 ] },
						"south": { "texture": "#pearl1", "uv": [ 4.5, 5.0, 5.0, 5.5 ] },
						"west": { "texture": "#pearl1", "uv": [ 8.0, 14.0, 8.5, 14.5 ] },
						"up": { "texture": "#pearl1", "uv": [ 11.5, 6.0, 12.0, 6.5 ] }
					},
					"children": [
						{
							"name": "strap",
							"from": [ 0.4, 0.0, -0.1 ],
							"to": [ 2.2, 0.1, 0.5 ],
							"rotationOrigin": [ 0.4, 0.0, 0.2 ],
							"faces": {
								"north": { "texture": "#plain", "uv": [ 2.0, 3.0, 3.5, 3.5 ] },
								"east": { "texture": "#plain", "uv": [ 0.0, 0.0, 0.5, 0.5 ], "windMode": [-1,-1,-1,-1] },
								"south": { "texture": "#plain", "uv": [ 11.5, 2.0, 13.0, 2.5 ] },
								"up": { "texture": "#plain", "uv": [ 5.5, 4.0, 7.0, 4.5 ] },
								"down": { "texture": "#plain", "uv": [ 2.5, 15.0, 4.0, 15.5 ] }
							},
							"children": [
								{
									"name": "band",
									"from": [ -1.0, -0.1, -1.0 ],
									"to": [ 0.0, 0.1, 1.6 ],
									"rotationOrigin": [ 0.0, 0.0, 0.3 ],
									"faces": {
										"north": { "texture": "#plain", "uv": [ 9.0, 10.0, 10.0, 10.5 ] },
										"east": { "texture": "#plain", "uv": [ 10.0, 12.0, 12.5, 12.5 ] },
										"south": { "texture": "#plain", "uv": [ 11.0, 2.0, 12.0, 2.5 ] },
										"west": { "texture": "#plain", "uv": [ 6.5, 3.5, 9.0, 4.0 ] },
										"up": { "texture": "#plain", "uv": [ 5.0, 9.5, 6.0, 12.0 ] },
										"down": { "texture": "#plain", "uv": [ 13.0, 9.0, 14.0, 11.5 ] }
									},
									"children": [
										{
											"name": "strip1",
											"from": [ 0.6, 0.2, 1.6 ],
											"to": [ 0.8, 0.3, 1.8 ],
											"rotationOrigin": [ 0.7, 0.3, 1.7 ],
											"rotationY": -10.0,
											"faces": {
												"north": { "texture": "#tinbronze1", "uv": [ 12.5, 5.5, 13.0, 6.0 ] },
												"east": { "texture": "#tinbronze1", "uv": [ 0.0, 5.5, 0.5, 6.0 ] },
												"south": { "texture": "#tinbronze1", "uv": [ 7.0, 13.0, 7.5, 13.5 ] },
												"west": { "texture": "#tinbronze1", "uv": [ 1.5, 9.5, 2.0, 10.0 ] },
												"up": { "texture": "#tinbronze1", "uv": [ 14.5, 4.0, 15.0, 4.5 ] }
											}
										},
										{
											"name": "strip2",
											"from": [ 0.6, 0.2, 0.8 ],
											"to": [ 0.8, 0.3, 1.0 ],
											"rotationOrigin": [ 0.7, 0.3, 0.9 ],
											"rotationY": 10.0,
											"faces": {
												"north": { "texture": "#tinbronze1", "uv": [ 5.0, 9.5, 5.5, 10.0 ] },
												"east": { "texture": "#tinbronze1", "uv": [ 11.0, 11.0, 11.5, 11.5 ] },
												"south": { "texture": "#tinbronze1", "uv": [ 9.5, 10.5, 10.0, 11.0 ] },
												"west": { "texture": "#tinbronze1", "uv": [ 2.0, 11.0, 2.5, 11.5 ] },
												"up": { "texture": "#tinbronze1", "uv": [ 14.5, 9.5, 15.0, 10.0 ] }
											}
										},
										{
											"name": "strip3",
											"from": [ 0.3, 0.2, 1.9 ],
											"to": [ 0.5, 0.3, 2.1 ],
											"rotationOrigin": [ 0.4, 0.3, 2.0 ],
											"rotationY": -20.0,
											"faces": {
												"north": { "texture": "#tinbronze1", "uv": [ 2.5, 11.0, 3.0, 11.5 ] },
												"east": { "texture": "#tinbronze1", "uv": [ 4.5, 13.5, 5.0, 14.0 ] },
												"south": { "texture": "#tinbronze1", "uv": [ 1.0, 8.0, 1.5, 8.5 ] },
												"west": { "texture": "#tinbronze1", "uv": [ 2.5, 11.0, 3.0, 11.5 ] },
												"up": { "texture": "#tinbronze1", "uv": [ 5.5, 2.5, 6.0, 3.0 ] }
											}
										},
										{
											"name": "strip4",
											"from": [ 0.3, 0.2, 0.5 ],
											"to": [ 0.5, 0.3, 0.7 ],
											"rotationOrigin": [ 0.4, 0.3, 0.6 ],
											"rotationY": 20.0,
											"faces": {
												"north": { "texture": "#tinbronze1", "uv": [ 6.0, 3.0, 6.5, 3.5 ] },
												"east": { "texture": "#tinbronze1", "uv": [ 5.5, 13.5, 6.0, 14.0 ] },
												"south": { "texture": "#tinbronze1", "uv": [ 9.5, 12.0, 10.0, 12.5 ] },
												"west": { "texture": "#tinbronze1", "uv": [ 10.5, 12.0, 11.0, 12.5 ] },
												"up": { "texture": "#tinbronze1", "uv": [ 6.0, 10.0, 6.5, 10.5 ] }
											}
										},
										{
											"name": "strip5",
											"from": [ 0.2, 0.1, 1.2 ],
											"to": [ 0.4, 0.3, 1.4 ],
											"rotationOrigin": [ 0.3, 0.3, 1.3 ],
											"rotationY": 45.0,
											"faces": {
												"north": { "texture": "#tinbronze1", "uv": [ 4.5, 0.0, 5.0, 0.5 ] },
												"south": { "texture": "#tinbronze1", "uv": [ 0.0, 3.0, 0.5, 3.5 ] },
												"west": { "texture": "#tinbronze1", "uv": [ 10.0, 9.5, 10.5, 10.0 ] },
												"up": { "texture": "#tinbronze1", "uv": [ 4.0, 7.5, 4.5, 8.0 ] }
											}
										}
									]
								},
								{
									"name": "strap2",
									"from": [ 0.3, -0.01, 0.0 ],
									"to": [ 1.8, 0.09, 0.6 ],
									"rotationOrigin": [ 1.8, -0.1, 0.0 ],
									"rotationY": -52.0,
									"faces": {
										"north": { "texture": "#plain", "uv": [ 0.0, 0.0, 1.5, 0.5 ] },
										"south": { "texture": "#plain", "uv": [ 0.0, 0.0, 1.5, 0.5 ] },
										"west": { "texture": "#plain", "uv": [ 0.0, 0.0, 0.5, 0.5 ] },
										"up": { "texture": "#plain", "uv": [ 0.0, 0.0, 1.5, 0.5 ] },
										"down": { "texture": "#plain", "uv": [ 0.0, 0.0, 1.5, 0.5 ] }
									},
									"children": [
										{
											"name": "strap3",
											"from": [ -2.5, -0.01, 0.0 ],
											"to": [ 0.0, 0.09, 0.6 ],
											"rotationOrigin": [ 0.0, -0.1, 0.0 ],
											"rotationY": 39.0,
											"faces": {
												"north": { "texture": "#plain", "uv": [ 0.0, 0.0, 2.5, 0.5 ] },
												"south": { "texture": "#plain", "uv": [ 0.0, 0.0, 2.5, 0.5 ] },
												"west": { "texture": "#plain", "uv": [ 0.0, 0.0, 0.5, 0.5 ] },
												"up": { "texture": "#plain", "uv": [ 0.0, 0.0, 2.5, 0.5 ] },
												"down": { "texture": "#plain", "uv": [ 0.0, 0.0, 2.5, 0.5 ] }
											}
										}
									]
								}
							]
						}
					]
				}
			]
		}
	]}