[
  {
    "enabled": true,
    "op": "addmerge",
    "path": "/attributes/attachableToEntity/attachedShapeBySlotCode",
    //"path": "/attributesByType/",
    //"path": "/attributes/attachableToEntity/",
    //"path": "/attributesByType/*-cooked/attachableToEntity/attachedShapeBySlotCode",
    "value": {
      //"tamedwyvern-*": {
      //  "attachableToEntity": {
      //    "categoryCode": "utilities",
      //    "texturePrefixCode": "cookpot-{color}-{type}",
      //    "attachedShapeBySlotCode": {
      //      "CookpotLeftAP": {
      //        "base": "mythiclegends:items/wearable/wyvern/wyvern-cookpotleft"
      //      }
      //    }
      //  }
      //}

      "CookpotLeftAP": {
        "base": "mythiclegends:items/wearable/wyvern/wyvern-cookpotleft"
      }

    },
    "file": "game:blocktypes/clay/fired/pot.json"
  }
]