[
  {
    "enabled": true,
    "file": "game:shapes/entity/humanoid/seraph-faceless.json",
    "op": "addmerge",
    "path": "/animations/-",
    "value": 
    {
			"name": "Ridewyvern-Idle",
			"code": "ridewyvern-idle",
			"quantityframes": 1,
			"onActivityStopped": "Rewind",
			"onAnimationEnd": "Repeat",
			"keyframes": [
				{
					"frame": 0,
					"elements": {
						"LowerTorso": { "offsetX": 0.0, "offsetY": 0.0, "offsetZ": 0.0, "rotationX": 0.0, "rotationY": 0.0, "rotationZ": 0.0 },
						"UpperFootL": { "offsetX": 0.0, "offsetY": 0.0, "offsetZ": 0.8, "rotationX": 3.0, "rotationY": 53.0, "rotationZ": -105.0 },
						"LowerFootL": { "offsetX": 0.9, "offsetY": 1.3, "offsetZ": 0.0, "rotationX": 0.0, "rotationY": 0.0, "rotationZ": 80.0 },
						"UpperFootR": { "offsetX": 0.0, "offsetY": 0.0, "offsetZ": -0.8, "rotationX": -6.0, "rotationY": -53.0, "rotationZ": -105.0 },
						"LowerFootR": { "offsetX": 0.8, "offsetY": 1.1, "offsetZ": 0.0, "rotationX": 0.0, "rotationY": 0.0, "rotationZ": 80.0 },
						"UpperTorso": { "rotationX": 0.0, "rotationY": 0.0, "rotationZ": 14.0 },
						"UpperArmR": { "offsetX": 1.0, "offsetY": 1.0, "offsetZ": 0.0, "rotationX": 17.0, "rotationY": 14.0, "rotationZ": -47.0 },
						"LowerArmR": { "rotationX": 11.0, "rotationY": 17.0, "rotationZ": -50.0 },
						"UpperArmL": { "offsetX": 1.0, "offsetY": 1.0, "offsetZ": 0.0, "rotationX": -17.0, "rotationY": -14.0, "rotationZ": -47.0 },
						"LowerArmL": { "rotationX": -10.0, "rotationY": -17.0, "rotationZ": -50.0 },
						"root": { "offsetX": 4.3, "offsetY": -4.8, "offsetZ": 0.0, "rotationX": 0.0, "rotationY": 0.0, "rotationZ": 21.0 },
						"Head": { "rotationX": 0.0, "rotationY": 0.0, "rotationZ": -27.0 }
					}
				}
			]
		}
  },
  {
    "enabled": true,
    "file": "game:shapes/entity/humanoid/seraph-faceless.json",
    "op": "addmerge",
    "path": "/animations/-",
    "value": 
    {
			"name": "Ridewyvern-Idle-fp",
			"code": "ridewyvern-idle-fp",
			"quantityframes": 50,
			"onActivityStopped": "EaseOut",
			"onAnimationEnd": "Repeat",
			"keyframes": [
				{
					"frame": 0,
					"elements": {
						"LowerTorso": { "offsetX": 0.0, "offsetY": 0.0, "offsetZ": 0.0, "rotationX": 0.0, "rotationY": 0.0, "rotationZ": 0.0 },
						"UpperFootL": { "offsetX": 0.0, "offsetY": 0.0, "offsetZ": 0.8, "rotationX": 3.0, "rotationY": 53.0, "rotationZ": -66.0 },
						"LowerFootL": { "offsetX": 0.9, "offsetY": 1.3, "offsetZ": 0.0, "rotationX": 0.0, "rotationY": 0.0, "rotationZ": 80.0 },
						"UpperFootR": { "offsetX": 0.0, "offsetY": 0.0, "offsetZ": -0.8, "rotationX": -6.0, "rotationY": -53.0, "rotationZ": -66.0 },
						"LowerFootR": { "offsetX": 0.8, "offsetY": 1.1, "offsetZ": 0.0, "rotationX": 0.0, "rotationY": 0.0, "rotationZ": 72.0 },
						"UpperTorso": { "rotationX": 0.0, "rotationY": 0.0, "rotationZ": 8.0 },
						"UpperArmR": { "offsetX": -2.0, "offsetY": -1.0, "offsetZ": -2.0, "rotationX": 14.0, "rotationY": 14.0, "rotationZ": -17.0 },
						"LowerArmR": { "rotationX": -19.0, "rotationY": -4.0, "rotationZ": -72.0 },
						"UpperArmL": { "offsetX": -2.0, "offsetY": -1.0, "offsetZ": 2.0, "rotationX": -14.0, "rotationY": -14.0, "rotationZ": -17.0 },
						"LowerArmL": { "rotationX": 19.0, "rotationY": 4.0, "rotationZ": -72.0 },
						"root": { "offsetX": 0.0, "offsetY": -5.0, "offsetZ": 0.0 }
					}
				},
				{
					"frame": 20,
					"elements": {
						"UpperTorso": { "offsetX": 0.0, "offsetY": -0.1, "offsetZ": 0.0, "rotationX": 0.0, "rotationY": 0.0, "rotationZ": 9.0 }
					}
				}
			]
		}
  }
]