{
	"editor": {
		"collapsedPaths": "Root/root/Scale16,Root/root/Scale13,Root/root/Scale7,Root/root/Scale4,Root/root/Scale10,Root/root/Scale",
		"allAngles": false,
		"entityTextureMode": false
	},
	"textureWidth": 16,
	"textureHeight": 16,
	"textureSizes": {
	},
	"textures": {
	},
	"elements": [
		{
			"name": "root",
			"from": [ -2.2, 0.0, -3.8 ],
			"to": [ -2.2, 0.0, -3.8 ],
			"rotationOrigin": [ -2.2, 0.0, -3.8 ],
			"faces": {
			},
			"children": [
				{
					"name": "Scale19",
					"from": [ 7.8, 0.0, 10.4 ],
					"to": [ 12.8, 0.5, 13.4 ],
					"rotationOrigin": [ 8.8, 0.0, 11.4 ],
					"faces": {
						"north": { "texture": "#material", "uv": [ 0.0, 0.0, 5.0, 0.5 ] },
						"east": { "texture": "#material", "uv": [ 0.0, 0.0, 3.0, 0.5 ] },
						"south": { "texture": "#material", "uv": [ 0.0, 0.0, 5.0, 0.5 ] },
						"west": { "texture": "#material", "uv": [ 0.0, 0.0, 3.0, 0.5 ] },
						"up": { "texture": "#material", "uv": [ 0.0, 0.0, 5.0, 3.0 ] },
						"down": { "texture": "#material", "uv": [ 0.0, 0.0, 5.0, 3.0 ] }
					},
					"children": [
						{
							"name": "Cube20",
							"from": [ 5.0, 0.0, 0.3 ],
							"to": [ 6.0, 0.5, 1.2 ],
							"rotationOrigin": [ 5.0, 0.0, 0.3 ],
							"faces": {
								"north": { "texture": "#material", "uv": [ 0.0, 0.0, 1.0, 0.5 ] },
								"east": { "texture": "#material", "uv": [ 0.0, 0.0, 0.5, 0.5 ] },
								"south": { "texture": "#material", "uv": [ 0.0, 0.0, 1.0, 0.5 ] },
								"west": { "texture": "#material", "uv": [ 0.0, 0.0, 0.5, 0.5 ] },
								"up": { "texture": "#material", "uv": [ 0.0, 0.0, 1.0, 0.5 ] },
								"down": { "texture": "#material", "uv": [ 0.0, 0.0, 1.0, 0.5 ] }
							},
							"children": [
								{
									"name": "Cube21",
									"from": [ 1.0, 0.0, 0.4 ],
									"to": [ 1.5, 0.5, 2.0 ],
									"rotationOrigin": [ 1.0, 0.0, 0.4 ],
									"faces": {
										"north": { "texture": "#material", "uv": [ 0.0, 0.0, 0.5, 0.5 ] },
										"east": { "texture": "#material", "uv": [ 0.0, 0.0, 1.5, 0.5 ] },
										"south": { "texture": "#material", "uv": [ 0.0, 0.0, 0.5, 0.5 ] },
										"west": { "texture": "#material", "uv": [ 0.0, 0.0, 1.5, 0.5 ] },
										"up": { "texture": "#material", "uv": [ 0.0, 0.0, 0.5, 1.5 ] },
										"down": { "texture": "#material", "uv": [ 0.0, 0.0, 0.5, 1.5 ] }
									}
								},
								{
									"name": "Cube22",
									"from": [ 0.0, 0.0, 1.5 ],
									"to": [ 1.0, 0.5, 2.4 ],
									"rotationOrigin": [ 0.0, 0.0, 1.5 ],
									"faces": {
										"north": { "texture": "#material", "uv": [ 0.0, 0.0, 1.0, 0.5 ] },
										"east": { "texture": "#material", "uv": [ 0.0, 0.0, 0.5, 0.5 ] },
										"south": { "texture": "#material", "uv": [ 0.0, 0.0, 1.0, 0.5 ] },
										"west": { "texture": "#material", "uv": [ 0.0, 0.0, 0.5, 0.5 ] },
										"up": { "texture": "#material", "uv": [ 0.0, 0.0, 1.0, 0.5 ] },
										"down": { "texture": "#material", "uv": [ 0.0, 0.0, 1.0, 0.5 ] }
									}
								},
								{
									"name": "Cube23",
									"from": [ 0.0, 0.0, 0.9 ],
									"to": [ 0.4, 0.5, 1.5 ],
									"rotationOrigin": [ 0.0, 0.0, 0.9 ],
									"faces": {
										"north": { "texture": "#material", "uv": [ 0.0, 0.0, 0.5, 0.5 ] },
										"east": { "texture": "#material", "uv": [ 0.0, 0.0, 0.5, 0.5 ] },
										"south": { "texture": "#material", "uv": [ 0.0, 0.0, 0.5, 0.5 ] },
										"west": { "texture": "#material", "uv": [ 0.0, 0.0, 0.5, 0.5 ] },
										"up": { "texture": "#material", "uv": [ 0.0, 0.0, 0.5, 0.5 ] },
										"down": { "texture": "#material", "uv": [ 0.0, 0.0, 0.5, 0.5 ] }
									}
								}
							]
						},
						{
							"name": "Scale20",
							"from": [ 0.5, -0.1, 0.5 ],
							"to": [ 4.5, 0.6, 0.7 ],
							"rotationOrigin": [ 1.5, -0.1, 1.5 ],
							"faces": {
								"north": { "texture": "#material2", "uv": [ 0.0, 0.0, 4.0, 0.5 ] },
								"east": { "texture": "#material2", "uv": [ 0.0, 0.0, 0.5, 0.5 ] },
								"south": { "texture": "#material2", "uv": [ 0.0, 0.0, 4.0, 0.5 ] },
								"west": { "texture": "#material2", "uv": [ 0.0, 0.0, 0.5, 0.5 ] },
								"up": { "texture": "#material2", "uv": [ 0.0, 0.0, 4.0, 0.5 ] },
								"down": { "texture": "#material2", "uv": [ 0.0, 0.0, 4.0, 0.5 ] }
							}
						},
						{
							"name": "Scale21",
							"from": [ 0.5, -0.1, 2.3 ],
							"to": [ 4.5, 0.6, 2.5 ],
							"rotationOrigin": [ 1.5, -0.1, 3.3 ],
							"faces": {
								"north": { "texture": "#material2", "uv": [ 0.0, 0.0, 4.0, 0.5 ] },
								"east": { "texture": "#material2", "uv": [ 0.0, 0.0, 0.5, 0.5 ] },
								"south": { "texture": "#material2", "uv": [ 0.0, 0.0, 4.0, 0.5 ] },
								"west": { "texture": "#material2", "uv": [ 0.0, 0.0, 0.5, 0.5 ] },
								"up": { "texture": "#material2", "uv": [ 0.0, 0.0, 4.0, 0.5 ] },
								"down": { "texture": "#material2", "uv": [ 0.0, 0.0, 4.0, 0.5 ] }
							}
						}
					]
				},
				{
					"name": "Scale22",
					"from": [ 7.75, 0.05, 10.35 ],
					"to": [ 12.85, 0.45, 13.45 ],
					"rotationOrigin": [ 8.8, 0.0, 11.4 ],
					"faces": {
						"north": { "texture": "#material4", "uv": [ 0.0, 0.0, 5.0, 0.5 ] },
						"east": { "texture": "#material4", "uv": [ 0.0, 0.0, 3.0, 0.5 ] },
						"south": { "texture": "#material4", "uv": [ 0.0, 0.0, 5.0, 0.5 ] },
						"west": { "texture": "#material4", "uv": [ 0.0, 0.0, 3.0, 0.5 ] },
						"up": { "texture": "#material4", "uv": [ 0.0, 0.0, 5.0, 3.0 ] },
						"down": { "texture": "#material4", "uv": [ 0.0, 0.0, 5.0, 3.0 ] }
					},
					"children": [
						{
							"name": "Cube24",
							"from": [ 5.1, 0.0, 0.3 ],
							"to": [ 6.1, 0.4, 0.8 ],
							"rotationOrigin": [ 5.1, 0.0, 0.3 ],
							"faces": {
								"north": { "texture": "#material4", "uv": [ 0.0, 0.0, 1.0, 0.5 ] },
								"east": { "texture": "#material4", "uv": [ 0.0, 0.0, 0.5, 0.5 ] },
								"south": { "texture": "#material4", "uv": [ 0.0, 0.0, 1.0, 0.5 ] },
								"west": { "texture": "#material4", "uv": [ 0.0, 0.0, 0.5, 0.5 ] },
								"up": { "texture": "#material4", "uv": [ 0.0, 0.0, 1.0, 0.5 ] },
								"down": { "texture": "#material4", "uv": [ 0.0, 0.0, 1.0, 0.5 ] }
							},
							"children": [
								{
									"name": "Cube25",
									"from": [ 1.0, 0.0, 0.4 ],
									"to": [ 1.5, 0.4, 2.1 ],
									"rotationOrigin": [ 1.0, 0.0, 0.4 ],
									"faces": {
										"north": { "texture": "#material4", "uv": [ 0.0, 0.0, 0.5, 0.5 ] },
										"east": { "texture": "#material4", "uv": [ 0.0, 0.0, 1.5, 0.5 ] },
										"south": { "texture": "#material4", "uv": [ 0.0, 0.0, 0.5, 0.5 ] },
										"west": { "texture": "#material4", "uv": [ 0.0, 0.0, 1.5, 0.5 ] },
										"up": { "texture": "#material4", "uv": [ 0.0, 0.0, 0.5, 1.5 ] },
										"down": { "texture": "#material4", "uv": [ 0.0, 0.0, 0.5, 1.5 ] }
									}
								},
								{
									"name": "Cube26",
									"from": [ 0.0, 0.0, 2.0 ],
									"to": [ 1.0, 0.4, 2.5 ],
									"rotationOrigin": [ 0.0, 0.0, 2.0 ],
									"faces": {
										"north": { "texture": "#material4", "uv": [ 0.0, 0.0, 1.0, 0.5 ] },
										"east": { "texture": "#material4", "uv": [ 0.0, 0.0, 0.5, 0.5 ] },
										"south": { "texture": "#material4", "uv": [ 0.0, 0.0, 1.0, 0.5 ] },
										"west": { "texture": "#material4", "uv": [ 0.0, 0.0, 0.5, 0.5 ] },
										"up": { "texture": "#material4", "uv": [ 0.0, 0.0, 1.0, 0.5 ] },
										"down": { "texture": "#material4", "uv": [ 0.0, 0.0, 1.0, 0.5 ] }
									}
								},
								{
									"name": "Cube30",
									"from": [ 0.3, -0.1, 0.9 ],
									"to": [ 1.0, 0.5, 1.0 ],
									"rotationOrigin": [ 0.3, -0.1, 0.9 ],
									"faces": {
										"north": { "texture": "#material3", "uv": [ 0.0, 0.0, 0.5, 0.5 ] },
										"east": { "texture": "#material3", "uv": [ 0.0, 0.0, 0.5, 0.5 ] },
										"south": { "texture": "#material3", "uv": [ 0.0, 0.0, 0.5, 0.5 ] },
										"west": { "texture": "#material3", "uv": [ 0.0, 0.0, 0.5, 0.5 ] },
										"up": { "texture": "#material3", "uv": [ 0.0, 0.0, 0.5, 0.5 ] },
										"down": { "texture": "#material3", "uv": [ 0.0, 0.0, 0.5, 0.5 ] }
									}
								},
								{
									"name": "Cube27",
									"from": [ 0.3, -0.1, 1.0 ],
									"to": [ 0.4, 0.5, 1.5 ],
									"rotationOrigin": [ 0.3, -0.1, 1.0 ],
									"faces": {
										"north": { "texture": "#material3", "uv": [ 0.0, 0.0, 0.5, 0.5 ] },
										"east": { "texture": "#material3", "uv": [ 0.0, 0.0, 0.5, 0.5 ] },
										"south": { "texture": "#material3", "uv": [ 0.0, 0.0, 0.5, 0.5 ] },
										"west": { "texture": "#material3", "uv": [ 0.0, 0.0, 0.5, 0.5 ] },
										"up": { "texture": "#material3", "uv": [ 0.0, 0.0, 0.5, 0.5 ] },
										"down": { "texture": "#material3", "uv": [ 0.0, 0.0, 0.5, 0.5 ] }
									}
								},
								{
									"name": "Cube29",
									"from": [ 0.3, -0.1, 1.5 ],
									"to": [ 1.0, 0.5, 1.6 ],
									"rotationOrigin": [ 0.3, -0.1, 1.5 ],
									"faces": {
										"north": { "texture": "#material3", "uv": [ 0.0, 0.0, 0.5, 0.5 ] },
										"east": { "texture": "#material3", "uv": [ 0.0, 0.0, 0.5, 0.5 ] },
										"south": { "texture": "#material3", "uv": [ 0.0, 0.0, 0.5, 0.5 ] },
										"west": { "texture": "#material3", "uv": [ 0.0, 0.0, 0.5, 0.5 ] },
										"up": { "texture": "#material3", "uv": [ 0.0, 0.0, 0.5, 0.5 ] },
										"down": { "texture": "#material3", "uv": [ 0.0, 0.0, 0.5, 0.5 ] }
									}
								},
								{
									"name": "Cube28",
									"from": [ 0.9, -0.1, 1.0 ],
									"to": [ 1.0, 0.5, 1.5 ],
									"rotationOrigin": [ 0.9, -0.1, 1.0 ],
									"faces": {
										"north": { "texture": "#material3", "uv": [ 0.0, 0.0, 0.5, 0.5 ] },
										"east": { "texture": "#material3", "uv": [ 0.0, 0.0, 0.5, 0.5 ] },
										"south": { "texture": "#material3", "uv": [ 0.0, 0.0, 0.5, 0.5 ] },
										"west": { "texture": "#material3", "uv": [ 0.0, 0.0, 0.5, 0.5 ] },
										"up": { "texture": "#material3", "uv": [ 0.0, 0.0, 0.5, 0.5 ] },
										"down": { "texture": "#material3", "uv": [ 0.0, 0.0, 0.5, 0.5 ] }
									}
								}
							]
						}
					]
				}
			]
		}
	]}