{
  "code": "armorarm",
  "class": "ItemWearable",
  "enabled": true,
  "storageFlags": 128,
  "variantgroups": [
    {
      "code": "type",
      "states": [
        "elementalresonance",
        "travelerssoul",
        "markofeternity",
        "heartofharmony",
        "codexofdestruction"
      ]
    }
  ],
  "skipVariants": [
    "*-elementalresonance"
  ],
  "behaviorsByType": {
    "*": [
      {
        "name": "CollectibleBehaviorMagicEquipStatsDisplayRM"
      }
    ]
  },
  "attributesByType": {
    "*": {
      "handbook": {
        "groupBy": [
          "armorarm-*"
        ]
      },
      "wearableAttachment": true,
      "clothescategory": "arm",
      "warmth": 0,
      "magicStatModifiersByType": {
        "*-elementalresonance": {
          "maxmana": 25
        },
        "*-travelerssoul": {
          "maxmana": 25,
          "walkspeedmodifier": 0.25
        },
        "*-markofeternity": {
          "maxmana": 25,
          "genericmodifierduration": 1.5
        },
        "*-heartofharmony": {
          "maxmana": 100,
          "meditationstabilitylossmodifier": 10,
          "immunitytorustsickness": 1,
          "immunitytoessenceexhaustion": 1,
          "immunitytospellscrollexhaustion": 1,
          "immunitytopetspawningexhaustion": 1,
          "grantspassiveskillclairvoyance": 1
        },
        "*-codexofdestruction": {
          "maxmana": 25,
          "genericmodifiercasttime": -0.5,
          "genericmodifierdamage": 0.5
        }
      }
    }
  },
  "creativeinventory": {
    "general": [
      "*"
    ],
    "items": [
      "*"
    ],
    "clothing": [
      "*"
    ],
    "rustboundmagicequipment": [
      "*"
    ]
  },
  "shapeByType": {
    "*": {
      "base": "entities/humanoids/armorarm/temporal-bracelet"
    }
  },
  "texturesByType": {
    "*-elementalresonance": {
      "seraph": {
        "base": "game:block/transparent"
      },
      "default": {
        "base": "default"
      },
      "metal": {
        "base": "game:block/metal/ingot/uranium"
      },
      "arcanus": {
        "base": "game:block/stone/gem/onyx"
      },
      "manastone": {
        "base": "game:block/stone/gem/onyx"
      },
      "biggemsocket": {
        "base": "rust-inert"
      },
      "socket": {
        "base": "rust-inert"
      },
      "energy": {
        "base": "default"
      }
    },
    "*-travelerssoul": {
      "seraph": {
        "base": "game:block/transparent"
      },
      "default": {
        "base": "default"
      },
      "metal": {
        "base": "game:block/metal/ingot/meteoriciron"
      },
      "arcanus": {
        "base": "game:block/stone/gem/sapphire"
      },
      "manastone": {
        "base": "game:block/stone/gem/sapphire"
      },
      "biggemsocket": {
        "base": "rust-inert"
      },
      "socket": {
        "base": "rust-inert"
      },
      "energy": {
        "base": "default"
      }
    },
    "*-markofeternity": {
      "seraph": {
        "base": "game:block/transparent"
      },
      "default": {
        "base": "default"
      },
      "metal": {
        "base": "game:block/metal/ingot/silversolder"
      },
      "arcanus": {
        "base": "game:block/stone/gem/citrine"
      },
      "manastone": {
        "base": "game:block/stone/gem/citrine"
      },
      "biggemsocket": {
        "base": "rust-inert"
      },
      "socket": {
        "base": "rust-inert"
      },
      "energy": {
        "base": "default"
      }
    },
    "*-heartofharmony": {
      "seraph": {
        "base": "game:block/transparent"
      },
      "default": {
        "base": "default"
      },
      "metal": {
        "base": "game:block/metal/ingot/bismuthbronze"
      },
      "arcanus": {
        "base": "game:block/stone/gem/diamond"
      },
      "manastone": {
        "base": "game:block/stone/gem/diamond"
      },
      "biggemsocket": {
        "base": "rust-inert"
      },
      "socket": {
        "base": "rust-inert"
      },
      "energy": {
        "base": "default"
      }
    },
    "*-codexofdestruction": {
      "seraph": {
        "base": "game:block/transparent"
      },
      "default": {
        "base": "default"
      },
      "metal": {
        "base": "game:block/metal/ingot/blackbronze"
      },
      "arcanus": {
        "base": "game:block/stone/gem/ruby"
      },
      "manastone": {
        "base": "game:block/stone/gem/ruby"
      },
      "biggemsocket": {
        "base": "rust-inert"
      },
      "socket": {
        "base": "rust-inert"
      },
      "energy": {
        "base": "default"
      }
    }
  },
  "heldTpUseAnimation": "interactstatic",
  "renderAlphaTest": 0.25,
  "fpHandTransformByType": {
    "*": {
      "translation": {
        "x": 0.6,
        "y": 0,
        "z": -0.5
      },
      "rotation": {
        "x": 180,
        "y": 42,
        "z": -29
      },
      "scale": 2.5
    }
  },
  "fpOffHandTransformByType": {
    "*": {
      "translation": {
        "x": 0.6,
        "y": 0,
        "z": -0.5
      },
      "rotation": {
        "x": 180,
        "y": 42,
        "z": -29
      },
      "scale": 5.5
    }
  },
  "tpHandTransformByType": {
    "*": {
      "translation": {
        "x": -0.8,
        "y": -1.2,
        "z": -1.1
      },
      "rotation": {
        "x": -13,
        "y": -64,
        "z": 49
      },
      "scale": 0.55
    }
  },
  "guiTransformByType": {
    "*": {
      "rotate": false,
      "translation": {
        "x": 0,
        "y": 0,
        "z": 0
      },
      "rotation": {
        "x": 180,
        "y": -32,
        "z": -8
      },
      "origin": {
        "x": 1.1,
        "y": 0.9,
        "z": 1.2
      },
      "scale": 4.5
    }
  },
  "groundTransform": {
    "translation": {
      "x": 0,
      "y": 0,
      "z": 0
    },
    "rotation": {
      "x": 0,
      "y": 0,
      "z": 0
    },
    "origin": {
      "x": 0.5,
      "y": 0.77,
      "z": 0.5
    },
    "scale": 4.5
  }
}
