{
  "code": "inventorybag",
  "classByType": {
    "*-mageweavebag": "ItemMageweaveBagRM",
    "*-bagofholding": "ItemBagOfHoldingRM"
  },
  "enabled": true,
  "variantgroups": [
    {
      "code": "type",
      "states": [
        "mageweavebag",
        "bagofholding"
      ]
    }
  ],
  "behaviors": [
    {
      "name": "GroundStorable",
      "properties": {
        "layout": "SingleCenter",
        "collisionBox": {
          "x1": 0.25,
          "y1": 0,
          "z1": 0.25,
          "x2": 0.75,
          "y2": 0.375,
          "z2": 0.75
        }
      }
    },
    {
      "name": "HeldBag"
    }
  ],
  "attributesByType": {
    "*-mageweavebag": {
      "backpack": {
        "quantitySlots": 12,
        "storageFlags": 131072,
        "slotBgColor": "#d6a7cc"
      },
      "handbook": {
        "extraSections": [
          {
            "title": "game:Created by",
            "text": "rustboundmagic:handbook-createdbythaumicfoundryusingatablet-text"
          }
        ]
      }
    },
    "*-bagofholding": {
      "backpack": {
        "quantitySlots": 24,
        "slotBgColor": "#a7aed6"
      },
      "handbook": {
        "extraSections": [
          {
            "title": "game:Created by",
            "text": "rustboundmagic:handbook-createdbythaumicfoundryusingatablet-text"
          }
        ]
      }
    }
  },
  "creativeinventory": {
    "general": [
      "*"
    ],
    "items": [
      "*"
    ],
    "rustboundmagicequipment": [
      "*"
    ]
  },
  "maxstacksize": 1,
  "storageFlags": 2,
  "shapeByType": {
    "*-mageweavebag": {
      "base": "entities/humanoids/mageweavebag"
    },
    "*-bagofholding": {
      "base": "entities/humanoids/bagofholding"
    }
  },
  "texturesByType": {
    "*-mageweavebag": {
      "default": {
        "base": "default"
      },
      "linen": {
        "base": "entities/humanoids/bags/mageweavebaglinen"
      },
      "top": {
        "base": "entities/humanoids/bags/mageweavebagtop"
      }
    },
    "*-bagofholding": {
      "default": {
        "base": "default"
      },
      "linen": {
        "base": "entities/humanoids/bags/bagofholdinglinen"
      },
      "top": {
        "base": "entities/humanoids/bags/bagofholdingtop"
      }
    }
  },
  "guiTransform": {
    "translation": {
      "x": 0,
      "y": 0,
      "z": 0
    },
    "rotation": {
      "x": -25,
      "y": 23,
      "z": 180
    },
    "origin": {
      "x": 0.5299,
      "y": 0.23,
      "z": 0.5
    },
    "scale": 2.7
  },
  "fpHandTransform": {
    "translation": {
      "x": 0,
      "y": 0,
      "z": 0.2
    },
    "rotation": {
      "x": 47,
      "y": -80,
      "z": 33
    },
    "scale": 1.61
  },
  "tpHandTransform": {
    "translation": {
      "x": -0.7,
      "y": -0.5,
      "z": -0.6
    },
    "rotation": {
      "x": -4,
      "y": 47,
      "z": -17
    },
    "scale": 0.81
  },
  "groundTransform": {
    "translation": {
      "x": 0,
      "y": 0,
      "z": 0
    },
    "rotation": {
      "x": 180,
      "y": 33,
      "z": -180
    },
    "origin": {
      "x": 0.5,
      "y": 0,
      "z": 0.5
    },
    "scale": 2.5
  }
}