{
  "code": "armorbody",
  "class": "ItemWearableSoulboundRM",
  "enabled": true,
  "storageFlags": 385,
  "variantgroups": [
    {
      "code": "model",
      "states": [
        "basic",
        "rustyjonas",
        "temporaljonas",
        "wanderer",
        "necromancer"
      ]
    },
    {
      "code": "color",
      "loadFromProperties": "rustboundmagic:abstract/color"
    },
    {
      "code": "type",
      "states": [
        "tier1",
        "tier2",
        "tier3"
      ]
    }
  ],
  "skipVariants": [
    "*-wanderer-*",
    "*-necromancer-*"
  ],
  "behaviorsByType": {
    "*": [
      {
        "name": "CollectibleBehaviorMagicEquipStatsDisplayRM"
      },
      {
        "name": "CollectibleBehaviorWearableSoulbindRM"
      }
    ]
  },
  "attributesByType": {
    "*-tier1": {
      "handbookByType": {
        "*-plain-*": {
          "groupBy": [
            "*-plain-tier1"
          ],
          "extraSections": [
            {
              "title": "game:Created by",
              "text": "rustboundmagic:handbook-createdbythaumicfoundryusingatablet-text"
            },
            {
              "title": "rustboundmagic:handbook-changablewith-title",
              "text": "rustboundmagic:handbook-transmogstone-text"
            }
          ]
        },
        "*": {
          "groupBy": [
            "*-tier1"
          ],
          "extraSections": [
            {
              "title": "rustboundmagic:handbook-changablewith-title",
              "text": "rustboundmagic:handbook-transmogstone-text"
            }
          ]
        }
      },
      "visibleDamageEffect": true,
      "clothesCategory": "armorbody",
      "manacostforsoulbinding": 25,
      "attachableToEntity": {
        "texturePrefixCode": "armorbody",
        "categoryCodeByType": {
          "armorbody-*": "armorbody"
        },
        "disableElementsByType": {
          "armorbody-*": [
            "Waist",
            "hideupperarm"
          ]
        }
      },
      "footStepSoundByType": {
        "armorbody-*": "game:wearable/leather*"
      },
      "defaultProtLoss": {
        "perTierRelativeProtectionLoss": [
          0.03,
          0.15
        ],
        "perTierFlatDamageReductionLoss": [
          0.1,
          0.2
        ]
      },
      "protectionModifiersByType": {
        "*": {
          "relativeProtection": 0.2,
          "flatDamageReduction": 0.5,
          "protectionTier": 2
        }
      },
      "statModifiersByType": {
        "*": {
          "healingeffectivness": -0.1,
          "hungerrate": 0.03
        }
      },
      "magicStatModifiersByType": {
        "*": {
          "perTierRelativeMagicProtectionLoss": [
            0.03,
            0.15
          ],
          "perTierFlatMagicDamageReductionLoss": [
            0.1,
            0.2
          ],
          "flatMagicDamageReduction": 0.5,
          "relativeMagicProtection": 0.2,
          "magicProtectionTier": 2,
          "maxmana": 15,
          "manaregen": 1,
          "genericmodifiermanacost": -0.05
        }
      }
    },
    "*-tier2": {
      "handbookByType": {
        "*-plain-*": {
          "groupBy": [
            "*-plain-tier2"
          ],
          "extraSections": [
            {
              "title": "game:Created by",
              "text": "rustboundmagic:handbook-createdbythaumicfoundryusingatablet-text"
            },
            {
              "title": "rustboundmagic:handbook-changablewith-title",
              "text": "rustboundmagic:handbook-transmogstone-text"
            }
          ]
        },
        "*": {
          "groupBy": [
            "*-tier2"
          ],
          "extraSections": [
            {
              "title": "rustboundmagic:handbook-changablewith-title",
              "text": "rustboundmagic:handbook-transmogstone-text"
            }
          ]
        }
      },
      "visibleDamageEffect": true,
      "clothesCategory": "armorbody",
      "manacostforsoulbinding": 100,
      "attachableToEntity": {
        "texturePrefixCode": "armorbody",
        "categoryCodeByType": {
          "armorbody-*": "armorbody"
        },
        "disableElementsByType": {
          "armorbody-*": [
            "Waist",
            "hideupperarm"
          ]
        }
      },
      "footStepSoundByType": {
        "armorbody-*": "game:wearable/leather*"
      },
      "defaultProtLoss": {
        "perTierRelativeProtectionLoss": [
          0.03,
          0.15
        ],
        "perTierFlatDamageReductionLoss": [
          0.1,
          0.2
        ]
      },
      "protectionModifiersByType": {
        "*": {
          "relativeProtection": 0.35,
          "flatDamageReduction": 0.5,
          "protectionTier": 2
        }
      },
      "statModifiersByType": {
        "*": {
          "healingeffectivness": -0.1,
          "hungerrate": 0.03
        }
      },
      "magicStatModifiersByType": {
        "*": {
          "perTierRelativeMagicProtectionLoss": [
            0.03,
            0.15
          ],
          "perTierFlatMagicDamageReductionLoss": [
            0.1,
            0.2
          ],
          "flatMagicDamageReduction": 0.5,
          "relativeMagicProtection": 0.35,
          "magicProtectionTier": 2,
          "maxmana": 75,
          "manaregen": 2,
          "genericmodifiermanacost": -0.1,
          "genericmodifiercasttime": -0.05
        }
      }
    },
    "*-tier3": {
      "handbookByType": {
        "*-plain-*": {
          "groupBy": [
            "*-plain-tier3"
          ],
          "extraSections": [
            {
              "title": "game:Created by",
              "text": "rustboundmagic:handbook-createdbythaumicfoundryusingatablet-text"
            },
            {
              "title": "rustboundmagic:handbook-changablewith-title",
              "text": "rustboundmagic:handbook-transmogstone-text"
            }
          ]
        },
        "*": {
          "groupBy": [
            "*-tier3"
          ],
          "extraSections": [
            {
              "title": "rustboundmagic:handbook-changablewith-title",
              "text": "rustboundmagic:handbook-transmogstone-text"
            }
          ]
        }
      },
      "visibleDamageEffect": true,
      "clothesCategory": "armorbody",
      "manacostforsoulbinding": 200,
      "attachableToEntity": {
        "texturePrefixCode": "armorbody",
        "categoryCodeByType": {
          "armorbody-*": "armorbody"
        },
        "disableElementsByType": {
          "armorbody-*": [
            "Waist",
            "hideupperarm"
          ]
        }
      },
      "footStepSoundByType": {
        "armorbody-*": "game:wearable/leather*"
      },
      "defaultProtLoss": {
        "perTierRelativeProtectionLoss": [
          0.03,
          0.15
        ],
        "perTierFlatDamageReductionLoss": [
          0.1,
          0.2
        ]
      },
      "protectionModifiersByType": {
        "*": {
          "relativeProtection": 0.5,
          "flatDamageReduction": 0.5,
          "protectionTier": 2
        }
      },
      "statModifiersByType": {
        "*": {
          "healingeffectivness": -0.1,
          "hungerrate": 0.03
        }
      },
      "magicStatModifiersByType": {
        "*": {
          "perTierRelativeMagicProtectionLoss": [
            0.03,
            0.15
          ],
          "perTierFlatMagicDamageReductionLoss": [
            0.1,
            0.2
          ],
          "flatMagicDamageReduction": 0.5,
          "relativeMagicProtection": 0.5,
          "magicProtectionTier": 2,
          "maxmana": 150,
          "manaregen": 3,
          "genericmodifiermanacost": -0.2,
          "genericmodifiercasttime": -0.11
        }
      }
    }
  },
  "creativeinventory": {
    "general": [
      "*"
    ],
    "items": [
      "*"
    ],
    "clothing": [
      "*"
    ],
    "rustboundmagicequipment": [
      "*"
    ]
  },
  "shapeByType": {
    "*-basic-*": {
      "base": "entities/humanoids/armor/{model}/{model}-body-{type}"
    },
    "*-rustyjonas-*": {
      "base": "entities/humanoids/armor/{model}/{model}-body"
    },
    "*-temporaljonas-*": {
      "base": "entities/humanoids/armor/{model}/{model}-body"
    },
    "*-wanderer-*": {
      "base": "entities/humanoids/armor/{model}/{model}-body-{type}"
    },
    "*-necromancer-*": {
      "base": "entities/humanoids/armor/{model}/{model}-body"
    }
  },
  "texturesByType": {
    "*-basic-*-tier1": {
      "seraph": {
        "base": "game:block/transparent"
      },
      "default": {
        "base": "default"
      },
      "colorblack": {
        "base": "color-black"
      },
      "material1": {
        "base": "entities/humanoids/armor/clothunder"
      },
      "material2": {
        "base": "entities/humanoids/armor/leatherouter-{color}"
      },
      "material3": {
        "base": "entities/humanoids/armor/clothblack"
      },
      "material4": {
        "base": "entities/humanoids/armor/eldrathiummetal"
      },
      "gemsocket": {
        "base": "rust-inert"
      },
      "gem": {
        "base": "items/resources/arcanus-normal"
      },
      "smallgear": {
        "base": "default"
      },
      "gold": {
        "base": "default"
      },
      "temporalgear": {
        "base": "default"
      },
      "temporal": {
        "base": "default"
      },
      "smoky": {
        "base": "default"
      },
      "rustyglow": {
        "base": "default"
      },
      "iron": {
        "base": "default"
      },
      "rusty-iron": {
        "base": "default"
      },
      "brass": {
        "base": "default"
      },
      "material4z": {
        "base": "default"
      }
    },
    "*-basic-*-tier2": {
      "seraph": {
        "base": "game:block/transparent"
      },
      "default": {
        "base": "default"
      },
      "colorblack": {
        "base": "color-black"
      },
      "material1": {
        "base": "entities/humanoids/armor/clothunder"
      },
      "material2": {
        "base": "entities/humanoids/armor/leatherouter-{color}"
      },
      "material3": {
        "base": "entities/humanoids/armor/clothblack"
      },
      "material4": {
        "base": "entities/humanoids/armor/eldrathiummetal"
      },
      "gemsocket": {
        "base": "rust-inert"
      },
      "gem": {
        "base": "items/resources/etherium-normal"
      },
      "smallgear": {
        "base": "default"
      },
      "gold": {
        "base": "default"
      },
      "temporalgear": {
        "base": "default"
      },
      "temporal": {
        "base": "default"
      },
      "smoky": {
        "base": "default"
      },
      "rustyglow": {
        "base": "default"
      },
      "iron": {
        "base": "default"
      },
      "rusty-iron": {
        "base": "default"
      },
      "brass": {
        "base": "default"
      },
      "material4z": {
        "base": "default"
      }
    },
    "*-basic-*-tier3": {
      "seraph": {
        "base": "game:block/transparent"
      },
      "default": {
        "base": "default"
      },
      "colorblack": {
        "base": "color-black"
      },
      "material1": {
        "base": "entities/humanoids/armor/clothunder"
      },
      "material2": {
        "base": "entities/humanoids/armor/leatherouter-{color}"
      },
      "material3": {
        "base": "entities/humanoids/armor/clothblack"
      },
      "material4": {
        "base": "entities/humanoids/armor/eldrathiummetal"
      },
      "gemsocket": {
        "base": "rust-inert"
      },
      "gem": {
        "base": "items/resources/chimerite-normal"
      },
      "smallgear": {
        "base": "game:block/metal/tarnished/rusty-iron"
      },
      "gold": {
        "base": "default"
      },
      "temporalgear": {
        "base": "default"
      },
      "temporal": {
        "base": "default"
      },
      "smoky": {
        "base": "default"
      },
      "rustyglow": {
        "base": "default"
      },
      "iron": {
        "base": "default"
      },
      "rusty-iron": {
        "base": "default"
      },
      "brass": {
        "base": "default"
      },
      "material4z": {
        "base": "default"
      }
    },
    "*-rustyjonas-*-tier1": {
      "seraph": {
        "base": "game:block/transparent"
      },
      "default": {
        "base": "default"
      },
      "colorblack": {
        "base": "color-black"
      },
      "metal": {
        "base": "default"
      },
      "gemsocket": {
        "base": "rust-inert"
      },
      "gem": {
        "base": "items/resources/arcanus-normal"
      },
      "material1": {
        "base": "entities/humanoids/armor/outermaterial"
      },
      "material2": {
        "base": "entities/humanoids/armor/leatherouter-{color}"
      },
      "material3": {
        "base": "entities/humanoids/armor/clothblack"
      },
      "material4": {
        "base": "entities/humanoids/armor/eldrathiummetal"
      },
      "material5": {
        "base": "entities/humanoids/armor/eldrathiummetal"
      },
      "smallgear": {
        "base": "default"
      },
      "gold": {
        "base": "game:block/metal/tarnished/gold"
      },
      "temporalgear": {
        "base": "game:block/metal/tarnished/rusty-iron"
      },
      "temporal": {
        "base": "game:block/metal/tarnished/rusty-iron"
      },
      "smoky": {
        "base": "game:block/glass/smoky"
      },
      "rustyglow": {
        "base": "color-yellow"
      },
      "iron": {
        "base": "game:block/metal/tarnished/iron"
      },
      "iron1": {
        "base": "game:block/metal/tarnished/rusty-iron"
      },
      "rusty-iron": {
        "base": "game:block/metal/tarnished/rusty-iron"
      },
      "brass": {
        "base": "game:block/metal/tarnished/brass"
      }
    },
    "*-rustyjonas-*-tier2": {
      "seraph": {
        "base": "game:block/transparent"
      },
      "default": {
        "base": "default"
      },
      "colorblack": {
        "base": "color-black"
      },
      "metal": {
        "base": "default"
      },
      "gemsocket": {
        "base": "rust-inert"
      },
      "gem": {
        "base": "items/resources/etherium-normal"
      },
      "material1": {
        "base": "entities/humanoids/armor/outermaterial"
      },
      "material2": {
        "base": "entities/humanoids/armor/leatherouter-{color}"
      },
      "material3": {
        "base": "entities/humanoids/armor/clothblack"
      },
      "material4": {
        "base": "entities/humanoids/armor/eldrathiummetal"
      },
      "material5": {
        "base": "entities/humanoids/armor/eldrathiummetal"
      },
      "smallgear": {
        "base": "default"
      },
      "gold": {
        "base": "game:block/metal/tarnished/gold"
      },
      "temporalgear": {
        "base": "game:block/metal/tarnished/rusty-iron"
      },
      "temporal": {
        "base": "game:block/metal/tarnished/rusty-iron"
      },
      "smoky": {
        "base": "game:block/glass/smoky"
      },
      "rustyglow": {
        "base": "color-yellow"
      },
      "iron": {
        "base": "game:block/metal/tarnished/iron"
      },
      "iron1": {
        "base": "game:block/metal/tarnished/rusty-iron"
      },
      "rusty-iron": {
        "base": "game:block/metal/tarnished/rusty-iron"
      },
      "brass": {
        "base": "game:block/metal/tarnished/brass"
      }
    },
    "*-rustyjonas-*-tier3": {
      "seraph": {
        "base": "game:block/transparent"
      },
      "default": {
        "base": "default"
      },
      "colorblack": {
        "base": "color-black"
      },
      "metal": {
        "base": "default"
      },
      "gemsocket": {
        "base": "rust-inert"
      },
      "gem": {
        "base": "items/resources/chimerite-normal"
      },
      "material1": {
        "base": "entities/humanoids/armor/outermaterial"
      },
      "material2": {
        "base": "entities/humanoids/armor/leatherouter-{color}"
      },
      "material3": {
        "base": "entities/humanoids/armor/clothblack"
      },
      "material4": {
        "base": "entities/humanoids/armor/eldrathiummetal"
      },
      "material5": {
        "base": "entities/humanoids/armor/eldrathiummetal"
      },
      "smallgear": {
        "base": "default"
      },
      "gold": {
        "base": "game:block/metal/tarnished/gold"
      },
      "temporalgear": {
        "base": "game:block/metal/tarnished/rusty-iron"
      },
      "temporal": {
        "base": "game:block/metal/tarnished/rusty-iron"
      },
      "smoky": {
        "base": "game:block/glass/smoky"
      },
      "rustyglow": {
        "base": "color-yellow"
      },
      "iron": {
        "base": "game:block/metal/tarnished/iron"
      },
      "iron1": {
        "base": "game:block/metal/tarnished/rusty-iron"
      },
      "rusty-iron": {
        "base": "game:block/metal/tarnished/rusty-iron"
      },
      "brass": {
        "base": "game:block/metal/tarnished/brass"
      }
    },
    "*-temporaljonas-*-tier1": {
      "seraph": {
        "base": "game:block/transparent"
      },
      "default": {
        "base": "default"
      },
      "colorblack": {
        "base": "color-black"
      },
      "metal": {
        "base": "default"
      },
      "gemsocket": {
        "base": "rust-inert"
      },
      "gem": {
        "base": "items/resources/arcanus-normal"
      },
      "material1": {
        "base": "entities/humanoids/armor/outermaterial"
      },
      "material2": {
        "base": "entities/humanoids/armor/leatherouter-{color}"
      },
      "material3": {
        "base": "entities/humanoids/armor/clothblack"
      },
      "material4": {
        "base": "entities/humanoids/armor/eldrathiummetal"
      },
      "material5": {
        "base": "entities/humanoids/armor/eldrathiummetal"
      },
      "smallgear": {
        "base": "default"
      },
      "gold": {
        "base": "game:block/metal/tarnished/gold"
      },
      "temporalgear": {
        "base": "game:item/resource/temporalgear"
      },
      "temporal": {
        "base": "game:item/resource/temporalgear"
      },
      "smoky": {
        "base": "game:block/glass/smoky"
      },
      "rustyglow": {
        "base": "game:block/machine/statictranslocator/rustyglow"
      },
      "iron": {
        "base": "game:block/metal/tarnished/iron"
      },
      "iron1": {
        "base": "game:block/machine/statictranslocator/rustyglow"
      },
      "rusty-iron": {
        "base": "game:block/metal/tarnished/rusty-iron"
      },
      "brass": {
        "base": "game:block/metal/tarnished/brass"
      }
    },
    "*-temporaljonas-*-tier2": {
      "seraph": {
        "base": "game:block/transparent"
      },
      "default": {
        "base": "default"
      },
      "colorblack": {
        "base": "color-black"
      },
      "metal": {
        "base": "default"
      },
      "gemsocket": {
        "base": "rust-inert"
      },
      "gem": {
        "base": "items/resources/etherium-normal"
      },
      "material1": {
        "base": "entities/humanoids/armor/outermaterial"
      },
      "material2": {
        "base": "entities/humanoids/armor/leatherouter-{color}"
      },
      "material3": {
        "base": "entities/humanoids/armor/clothblack"
      },
      "material4": {
        "base": "entities/humanoids/armor/eldrathiummetal"
      },
      "material5": {
        "base": "entities/humanoids/armor/eldrathiummetal"
      },
      "smallgear": {
        "base": "default"
      },
      "gold": {
        "base": "game:block/metal/tarnished/gold"
      },
      "temporalgear": {
        "base": "game:item/resource/temporalgear"
      },
      "temporal": {
        "base": "game:item/resource/temporalgear"
      },
      "smoky": {
        "base": "game:block/glass/smoky"
      },
      "rustyglow": {
        "base": "game:block/machine/statictranslocator/rustyglow"
      },
      "iron": {
        "base": "game:block/metal/tarnished/iron"
      },
      "iron1": {
        "base": "game:block/machine/statictranslocator/rustyglow"
      },
      "rusty-iron": {
        "base": "game:block/metal/tarnished/rusty-iron"
      },
      "brass": {
        "base": "game:block/metal/tarnished/brass"
      }
    },
    "*-temporaljonas-*-tier3": {
      "seraph": {
        "base": "game:block/transparent"
      },
      "default": {
        "base": "default"
      },
      "colorblack": {
        "base": "color-black"
      },
      "metal": {
        "base": "default"
      },
      "gemsocket": {
        "base": "rust-inert"
      },
      "gem": {
        "base": "items/resources/chimerite-normal"
      },
      "material1": {
        "base": "entities/humanoids/armor/outermaterial"
      },
      "material2": {
        "base": "entities/humanoids/armor/leatherouter-{color}"
      },
      "material3": {
        "base": "entities/humanoids/armor/clothblack"
      },
      "material4": {
        "base": "entities/humanoids/armor/eldrathiummetal"
      },
      "material5": {
        "base": "entities/humanoids/armor/eldrathiummetal"
      },
      "smallgear": {
        "base": "default"
      },
      "gold": {
        "base": "game:block/metal/tarnished/gold"
      },
      "temporalgear": {
        "base": "game:item/resource/temporalgear"
      },
      "temporal": {
        "base": "game:item/resource/temporalgear"
      },
      "smoky": {
        "base": "game:block/glass/smoky"
      },
      "rustyglow": {
        "base": "game:block/machine/statictranslocator/rustyglow"
      },
      "iron": {
        "base": "game:block/metal/tarnished/iron"
      },
      "iron1": {
        "base": "game:block/machine/statictranslocator/rustyglow"
      },
      "rusty-iron": {
        "base": "game:block/metal/tarnished/rusty-iron"
      },
      "brass": {
        "base": "game:block/metal/tarnished/brass"
      }
    },
    "*-necromancer-*": {
      "seraph": {
        "base": "game:block/transparent"
      },
      "default": {
        "base": "default"
      },
      "colorblack": {
        "base": "color-black"
      },
      "material1": {
        "base": "entities/humanoids/armor/clothunder"
      },
      "material2": {
        "base": "entities/humanoids/armor/leatherouter-{color}"
      },
      "material3": {
        "base": "entities/humanoids/armor/clothblack"
      },
      "material4": {
        "base": "entities/humanoids/armor/eldrathiummetal"
      },
      "gemsocket": {
        "base": "rust-inert"
      },
      "gem": {
        "base": "items/resources/chimerite-normal"
      },
      "smallgear": {
        "base": "default"
      },
      "gold": {
        "base": "game:block/metal/tarnished/gold"
      },
      "temporalgear": {
        "base": "game:item/resource/temporalgear"
      },
      "temporal": {
        "base": "game:item/resource/temporalgear"
      },
      "smoky": {
        "base": "game:block/glass/smoky"
      },
      "rustyglow": {
        "base": "game:block/machine/statictranslocator/rustyglow"
      },
      "iron": {
        "base": "game:block/metal/tarnished/iron"
      },
      "rusty-iron": {
        "base": "game:block/metal/tarnished/rusty-iron"
      },
      "brass": {
        "base": "game:block/metal/tarnished/brass"
      },
      "material4z": {
        "base": "entities/humanoids/armor/eldrathiummetal"
      }
    },
    "*": {
      "default": {
        "base": "default"
      },
      "seraph": {
        "base": "game:entities/humanoids/seraphclothes/{category}/{arm}"
      }
    }
  },
  "heldTpUseAnimation": "interactstatic",
  "renderAlphaTest": 0.25,
  "durabilityByType": {
    "*-tier1": 1000,
    "*-tier2": 1800,
    "*-tier3": 2600
  },
  "fpHandTransformByType": {
    "*": {
      "translation": {
        "x": 0.4,
        "y": -1.2,
        "z": -0.5
      },
      "rotation": {
        "x": 163,
        "y": -111,
        "z": -180
      },
      "origin": {
        "x": 0.5,
        "y": 1.6,
        "z": 0.5
      },
      "scale": 2.15
    }
  },
  "tpHandTransformByType": {
    "*": {
      "translation": {
        "x": -1,
        "y": -2.45,
        "z": -0.89
      },
      "rotation": {
        "x": 85,
        "y": -168,
        "z": 94
      },
      "origin": {
        "x": 0.5,
        "y": 1.5,
        "z": 0.5
      },
      "scale": 0.67
    }
  },
  "guiTransformByType": {
    "*": {
      "translation": {
        "x": 3,
        "y": 0,
        "z": 0
      },
      "rotation": {
        "x": -26,
        "y": -46,
        "z": -180
      },
      "origin": {
        "x": 0.5,
        "y": 1.11,
        "z": 0.5
      },
      "scale": 1.37
    }
  },
  "groundTransformByType": {
    "*": {
      "translation": {
        "x": 0,
        "y": 0,
        "z": 0
      },
      "rotation": {
        "x": 0,
        "y": 0,
        "z": 90
      },
      "origin": {
        "x": 0.34,
        "y": 1.12,
        "z": 0.5
      },
      "scale": 3.1
    }
  }
}