{
	"editor": {
		"backDropShape": "C:/Users/Vies/Documents/GitHub/Mods-VintageStoryNet7/Mod-MythicLegends/mythiclegends/resources/mythiclegends/assets/mythiclegends/shapes/entities/land/wyvern/ridgeback/ridgeback-male-adult",
		"allAngles": false,
		"entityTextureMode": false
	},
	"textureWidth": 16,
	"textureHeight": 16,
	"textureSizes": {
		"pillmat": [16,16],
		"plain": [16,16]
	},
	"textures": {
	},
	"elements": [
		{
			"name": "SaddleBags",
			"stepParentName": "stomach",
			"from": [ 6.05, 7.38, 5.05 ],
			"to": [ 6.05, 7.38, 5.05 ],
			"rotationOrigin": [ 6.27, 7.38, 4.675 ],
			"rotationZ": -12.0,
			"faces": {
				"north": { "texture": "#plain2", "uv": [ 0.0, 0.0, 0.5, 0.5 ], "autoUv": false },
				"east": { "texture": "#plain2", "uv": [ 0.0, 0.0, 0.5, 0.5 ], "autoUv": false },
				"south": { "texture": "#plain2", "uv": [ 0.0, 0.0, 0.5, 0.5 ], "autoUv": false },
				"west": { "texture": "#plain2", "uv": [ 0.0, 0.0, 0.5, 0.5 ], "autoUv": false },
				"up": { "texture": "#plain2", "uv": [ 0.0, 0.0, 0.5, 0.5 ], "autoUv": false },
				"down": { "texture": "#plain2", "uv": [ 0.0, 0.0, 0.5, 0.5 ], "autoUv": false }
			},
			"children": [
				{
					"name": "SaddlebagL",
					"from": [ -2.8162, -2.6228, 5.775 ],
					"to": [ 2.6838, 1.2272, 8.085 ],
					"rotationOrigin": [ -2.8162, -2.6228, 5.775 ],
					"rotationX": -13.739,
					"rotationY": 2.216,
					"rotationZ": 11.697,
					"faces": {
						"north": { "texture": "#plain2", "uv": [ 2.5, 7.0, 7.5, 10.5 ], "autoUv": false },
						"east": { "texture": "#plain2", "uv": [ 2.5, 6.0, 4.5, 9.5 ], "autoUv": false },
						"south": { "texture": "#plain2", "uv": [ 0.0, 6.5, 5.0, 10.0 ], "autoUv": false },
						"west": { "texture": "#plain2", "uv": [ 1.5, 6.0, 3.5, 9.5 ], "autoUv": false },
						"up": { "texture": "#plain2", "uv": [ 10.0, 9.5, 15.0, 11.5 ], "autoUv": false },
						"down": { "texture": "#plain2", "uv": [ 5.0, 9.5, 10.0, 11.5 ], "autoUv": false }
					},
					"children": [
						{
							"name": "Cube190",
							"from": [ 0.0, 3.85, 0.0 ],
							"to": [ 5.5, 4.224, 2.31 ],
							"rotationOrigin": [ 0.0, 3.85, 0.0 ],
							"faces": {
								"north": { "texture": "#plaindark", "uv": [ 0.0, 0.0, 5.0, 0.5 ], "autoUv": false },
								"east": { "texture": "#plaindark", "uv": [ 0.0, 0.0, 2.0, 0.5 ], "autoUv": false },
								"south": { "texture": "#plaindark", "uv": [ 0.0, 0.0, 5.0, 0.5 ], "autoUv": false },
								"west": { "texture": "#plaindark", "uv": [ 0.0, 0.0, 2.0, 0.5 ], "autoUv": false },
								"up": { "texture": "#plaindark", "uv": [ 0.0, 0.0, 5.0, 2.0 ], "autoUv": false },
								"down": { "texture": "#plaindark", "uv": [ 0.0, 0.0, 5.0, 2.0 ], "autoUv": false }
							}
						},
						{
							"name": "Cube191",
							"from": [ -0.011, 2.31, 2.42 ],
							"to": [ 5.489, 4.18, 2.75 ],
							"rotationOrigin": [ 0.0, 2.75, 2.2 ],
							"rotationX": -7.5,
							"faces": {
								"north": { "texture": "#plaindark", "uv": [ 0.0, 0.0, 5.0, 1.5 ], "autoUv": false },
								"east": { "texture": "#plaindark", "uv": [ 0.0, 0.0, 0.5, 1.5 ], "autoUv": false },
								"south": { "texture": "#plaindark", "uv": [ 0.0, 0.0, 5.0, 1.5 ], "autoUv": false },
								"west": { "texture": "#plaindark", "uv": [ 0.0, 0.0, 0.5, 1.5 ], "autoUv": false },
								"up": { "texture": "#plaindark", "uv": [ 0.0, 0.0, 5.0, 0.5 ], "autoUv": false },
								"down": { "texture": "#plaindark", "uv": [ 0.0, 0.0, 5.0, 0.5 ], "autoUv": false }
							},
							"children": [
								{
									"name": "Cube192",
									"from": [ 1.1, 0.0, 0.33 ],
									"to": [ 2.2, 1.1, 0.55 ],
									"rotationOrigin": [ 1.1, 0.0, 0.0 ],
									"faces": {
										"north": { "texture": "#plaindark", "uv": [ 0.0, 0.0, 1.0, 1.0 ], "autoUv": false },
										"east": { "texture": "#plaindark", "uv": [ 0.0, 0.0, 0.5, 1.0 ], "autoUv": false },
										"south": { "texture": "#plaindark", "uv": [ 0.0, 0.0, 1.0, 1.0 ], "autoUv": false },
										"west": { "texture": "#plaindark", "uv": [ 0.0, 0.0, 0.5, 1.0 ], "autoUv": false },
										"up": { "texture": "#plaindark", "uv": [ 0.0, 0.0, 1.0, 0.5 ], "autoUv": false },
										"down": { "texture": "#plaindark", "uv": [ 0.0, 0.0, 1.0, 0.5 ], "autoUv": false }
									}
								},
								{
									"name": "Cube193",
									"from": [ 3.3, 0.0, 0.33 ],
									"to": [ 4.4, 1.1, 0.55 ],
									"rotationOrigin": [ 3.3, 0.0, 0.0 ],
									"faces": {
										"north": { "texture": "#plaindark", "uv": [ 0.0, 0.0, 1.0, 1.0 ], "autoUv": false },
										"east": { "texture": "#plaindark", "uv": [ 0.0, 0.0, 0.5, 1.0 ], "autoUv": false },
										"south": { "texture": "#plaindark", "uv": [ 0.0, 0.0, 1.0, 1.0 ], "autoUv": false },
										"west": { "texture": "#plaindark", "uv": [ 0.0, 0.0, 0.5, 1.0 ], "autoUv": false },
										"up": { "texture": "#plaindark", "uv": [ 0.0, 0.0, 1.0, 0.5 ], "autoUv": false },
										"down": { "texture": "#plaindark", "uv": [ 0.0, 0.0, 1.0, 0.5 ], "autoUv": false }
									}
								}
							]
						},
						{
							"name": "Cube194",
							"from": [ 1.1, 1.1, 2.31 ],
							"to": [ 2.2, 2.64, 2.53 ],
							"rotationOrigin": [ 1.1, 1.1, 2.2 ],
							"rotationX": 20.0,
							"faces": {
								"north": { "texture": "#plaindark", "uv": [ 0.0, 0.0, 1.0, 1.0 ], "autoUv": false },
								"east": { "texture": "#plaindark", "uv": [ 0.0, 0.0, 0.5, 1.0 ], "autoUv": false },
								"south": { "texture": "#plaindark", "uv": [ 0.0, 0.0, 1.0, 1.0 ], "autoUv": false },
								"west": { "texture": "#plaindark", "uv": [ 0.0, 0.0, 0.5, 1.0 ], "autoUv": false },
								"up": { "texture": "#plaindark", "uv": [ 0.0, 0.0, 1.0, 0.5 ], "autoUv": false },
								"down": { "texture": "#plaindark", "uv": [ 0.0, 0.0, 1.0, 0.5 ], "autoUv": false }
							}
						},
						{
							"name": "Cube195",
							"from": [ 3.3, 1.1, 2.31 ],
							"to": [ 4.4, 2.64, 2.53 ],
							"rotationOrigin": [ 3.3, 1.1, 2.2 ],
							"rotationX": 20.0,
							"faces": {
								"north": { "texture": "#plaindark", "uv": [ 0.0, 0.0, 1.0, 1.0 ], "autoUv": false },
								"east": { "texture": "#plaindark", "uv": [ 0.0, 0.0, 0.5, 1.0 ], "autoUv": false },
								"south": { "texture": "#plaindark", "uv": [ 0.0, 0.0, 1.0, 1.0 ], "autoUv": false },
								"west": { "texture": "#plaindark", "uv": [ 0.0, 0.0, 0.5, 1.0 ], "autoUv": false },
								"up": { "texture": "#plaindark", "uv": [ 0.0, 0.0, 1.0, 0.5 ], "autoUv": false },
								"down": { "texture": "#plaindark", "uv": [ 0.0, 0.0, 1.0, 0.5 ], "autoUv": false }
							}
						},
						{
							"name": "Cube196",
							"from": [ 3.3, 0.0, 2.31 ],
							"to": [ 4.4, 1.1, 2.53 ],
							"rotationOrigin": [ 3.3, 0.0, 2.2 ],
							"faces": {
								"north": { "texture": "#plaindark", "uv": [ 0.0, 0.0, 1.0, 1.0 ], "autoUv": false },
								"east": { "texture": "#plaindark", "uv": [ 0.0, 0.0, 0.5, 1.0 ], "autoUv": false },
								"south": { "texture": "#plaindark", "uv": [ 0.0, 0.0, 1.0, 1.0 ], "autoUv": false },
								"west": { "texture": "#plaindark", "uv": [ 0.0, 0.0, 0.5, 1.0 ], "autoUv": false },
								"up": { "texture": "#plaindark", "uv": [ 0.0, 0.0, 1.0, 0.5 ], "autoUv": false },
								"down": { "texture": "#plaindark", "uv": [ 0.0, 0.0, 1.0, 0.5 ], "autoUv": false }
							}
						},
						{
							"name": "Cube197",
							"from": [ 1.1, 0.0, 2.31 ],
							"to": [ 2.2, 1.1, 2.53 ],
							"rotationOrigin": [ 1.1, 0.0, 2.2 ],
							"faces": {
								"north": { "texture": "#plaindark", "uv": [ 0.0, 0.0, 1.0, 1.0 ], "autoUv": false },
								"east": { "texture": "#plaindark", "uv": [ 0.0, 0.0, 0.5, 1.0 ], "autoUv": false },
								"south": { "texture": "#plaindark", "uv": [ 0.0, 0.0, 1.0, 1.0 ], "autoUv": false },
								"west": { "texture": "#plaindark", "uv": [ 0.0, 0.0, 0.5, 1.0 ], "autoUv": false },
								"up": { "texture": "#plaindark", "uv": [ 0.0, 0.0, 1.0, 0.5 ], "autoUv": false },
								"down": { "texture": "#plaindark", "uv": [ 0.0, 0.0, 1.0, 0.5 ], "autoUv": false }
							}
						},
						{
							"name": "Cube198",
							"from": [ 0.99, 1.1, 2.288 ],
							"to": [ 2.31, 1.375, 2.618 ],
							"rotationOrigin": [ 1.1, 1.1, 2.475 ],
							"faces": {
								"north": { "texture": "#copper", "uv": [ 0.0, 0.0, 1.0, 0.5 ], "autoUv": false },
								"east": { "texture": "#copper", "uv": [ 0.0, 0.0, 0.5, 0.5 ], "autoUv": false },
								"south": { "texture": "#copper", "uv": [ 0.0, 0.0, 1.0, 0.5 ], "autoUv": false },
								"west": { "texture": "#copper", "uv": [ 0.0, 0.0, 0.5, 0.5 ], "autoUv": false },
								"up": { "texture": "#copper", "uv": [ 0.0, 0.0, 1.0, 0.5 ], "autoUv": false },
								"down": { "texture": "#copper", "uv": [ 0.0, 0.0, 1.0, 0.5 ], "autoUv": false }
							}
						},
						{
							"name": "Cube199",
							"from": [ 3.19, 1.1, 2.288 ],
							"to": [ 4.51, 1.375, 2.618 ],
							"rotationOrigin": [ 3.3, 1.1, 2.475 ],
							"faces": {
								"north": { "texture": "#copper", "uv": [ 0.0, 0.0, 1.0, 0.5 ], "autoUv": false },
								"east": { "texture": "#copper", "uv": [ 0.0, 0.0, 0.5, 0.5 ], "autoUv": false },
								"south": { "texture": "#copper", "uv": [ 0.0, 0.0, 1.0, 0.5 ], "autoUv": false },
								"west": { "texture": "#copper", "uv": [ 0.0, 0.0, 0.5, 0.5 ], "autoUv": false },
								"up": { "texture": "#copper", "uv": [ 0.0, 0.0, 1.0, 0.5 ], "autoUv": false },
								"down": { "texture": "#copper", "uv": [ 0.0, 0.0, 1.0, 0.5 ], "autoUv": false }
							}
						},
						{
							"name": "Cube200",
							"from": [ -0.33, 1.21, 0.11 ],
							"to": [ 5.83, 3.41, 2.09 ],
							"rotationOrigin": [ -0.33, 1.1, 0.0 ],
							"faces": {
								"north": { "texture": "#plain2", "uv": [ 10.0, 0.5, 15.5, 2.5 ], "autoUv": false },
								"east": { "texture": "#plain2", "uv": [ 13.5, 1.0, 15.0, 3.0 ], "autoUv": false },
								"south": { "texture": "#plain2", "uv": [ 9.5, 1.0, 15.0, 3.0 ], "autoUv": false },
								"west": { "texture": "#plain2", "uv": [ 12.5, 1.5, 14.0, 3.5 ], "autoUv": false },
								"up": { "texture": "#plain2", "uv": [ 10.0, 0.5, 15.5, 2.0 ], "autoUv": false },
								"down": { "texture": "#plain2", "uv": [ 9.0, 0.5, 14.5, 2.0 ], "autoUv": false }
							},
							"children": [
								{
									"name": "Cube201",
									"from": [ -0.22, 1.43, -0.11 ],
									"to": [ 0.33, 2.53, 2.09 ],
									"rotationOrigin": [ -0.22, 1.1, 0.0 ],
									"rotationZ": -10.0,
									"faces": {
										"north": { "texture": "#plaindark", "uv": [ 0.0, 0.0, 0.5, 1.0 ], "autoUv": false },
										"east": { "texture": "#plaindark", "uv": [ 0.0, 0.0, 2.0, 1.0 ], "autoUv": false },
										"south": { "texture": "#plaindark", "uv": [ 0.0, 0.0, 0.5, 1.0 ], "autoUv": false },
										"west": { "texture": "#plaindark", "uv": [ 0.0, 0.0, 2.0, 1.0 ], "autoUv": false },
										"up": { "texture": "#plaindark", "uv": [ 0.0, 0.0, 0.5, 2.0 ], "autoUv": false },
										"down": { "texture": "#plaindark", "uv": [ 0.0, 0.0, 0.5, 2.0 ], "autoUv": false }
									}
								},
								{
									"name": "Cube202",
									"from": [ 5.83, 1.43, -0.11 ],
									"to": [ 6.38, 2.53, 2.09 ],
									"rotationOrigin": [ 6.38, 1.1, 0.0 ],
									"rotationZ": 10.0,
									"faces": {
										"north": { "texture": "#plaindark", "uv": [ 0.0, 0.0, 0.5, 1.0 ], "autoUv": false },
										"east": { "texture": "#plaindark", "uv": [ 0.0, 0.0, 2.0, 1.0 ], "autoUv": false },
										"south": { "texture": "#plaindark", "uv": [ 0.0, 0.0, 0.5, 1.0 ], "autoUv": false },
										"west": { "texture": "#plaindark", "uv": [ 0.0, 0.0, 2.0, 1.0 ], "autoUv": false },
										"up": { "texture": "#plaindark", "uv": [ 0.0, 0.0, 0.5, 2.0 ], "autoUv": false },
										"down": { "texture": "#plaindark", "uv": [ 0.0, 0.0, 0.5, 2.0 ], "autoUv": false }
									}
								}
							]
						},
						{
							"name": "Cube57",
							"from": [ 0.22, -0.33, 0.22 ],
							"to": [ 5.28, 0.0, 2.2 ],
							"faces": {
								"north": { "texture": "#plain2", "uv": [ 4.0, 9.5, 8.5, 10.0 ], "autoUv": false },
								"east": { "texture": "#plain2", "uv": [ 4.5, 9.5, 6.0, 10.0 ], "autoUv": false },
								"south": { "texture": "#plain2", "uv": [ 3.5, 9.5, 8.0, 10.0 ], "autoUv": false },
								"west": { "texture": "#plain2", "uv": [ 4.5, 9.5, 6.0, 10.0 ], "autoUv": false },
								"up": { "texture": "#plain2", "uv": [ 6.0, 9.5, 10.5, 11.0 ], "autoUv": false },
								"down": { "texture": "#plain2", "uv": [ 7.5, 9.5, 12.0, 11.0 ], "autoUv": false }
							}
						}
					]
				},
				{
					"name": "SaddlebagR",
					"from": [ 2.5636, -1.4793, -5.775 ],
					"to": [ 8.0636, 2.3707, -3.465 ],
					"rotationOrigin": [ 2.5636, -1.4793, -5.225 ],
					"rotationX": -167.275,
					"rotationY": -2.681,
					"rotationZ": 168.299,
					"faces": {
						"north": { "texture": "#plain2", "uv": [ 2.5, 7.0, 7.5, 10.5 ], "autoUv": false },
						"east": { "texture": "#plain2", "uv": [ 2.5, 6.0, 4.5, 9.5 ], "autoUv": false },
						"south": { "texture": "#plain2", "uv": [ 0.0, 6.5, 5.0, 10.0 ], "autoUv": false },
						"west": { "texture": "#plain2", "uv": [ 1.5, 6.0, 3.5, 9.5 ], "autoUv": false },
						"up": { "texture": "#plain2", "uv": [ 10.0, 9.5, 15.0, 11.5 ], "autoUv": false },
						"down": { "texture": "#plain2", "uv": [ 5.0, 9.5, 10.0, 11.5 ], "autoUv": false }
					},
					"children": [
						{
							"name": "Cube203",
							"from": [ 0.0, 3.85, 0.0 ],
							"to": [ 5.5, 4.224, 2.31 ],
							"rotationOrigin": [ 0.0, 3.85, 0.0 ],
							"faces": {
								"north": { "texture": "#plaindark", "uv": [ 0.0, 0.0, 5.0, 0.5 ], "autoUv": false },
								"east": { "texture": "#plaindark", "uv": [ 0.0, 0.0, 2.0, 0.5 ], "autoUv": false },
								"south": { "texture": "#plaindark", "uv": [ 0.0, 0.0, 5.0, 0.5 ], "autoUv": false },
								"west": { "texture": "#plaindark", "uv": [ 0.0, 0.0, 2.0, 0.5 ], "autoUv": false },
								"up": { "texture": "#plaindark", "uv": [ 0.0, 0.0, 5.0, 2.0 ], "autoUv": false },
								"down": { "texture": "#plaindark", "uv": [ 0.0, 0.0, 5.0, 2.0 ], "autoUv": false }
							}
						},
						{
							"name": "Cube204",
							"from": [ -0.011, 2.31, 2.42 ],
							"to": [ 5.489, 4.18, 2.75 ],
							"rotationOrigin": [ 0.0, 2.75, 2.2 ],
							"rotationX": -7.5,
							"faces": {
								"north": { "texture": "#plaindark", "uv": [ 0.0, 0.0, 5.0, 1.5 ], "autoUv": false },
								"east": { "texture": "#plaindark", "uv": [ 0.0, 0.0, 0.5, 1.5 ], "autoUv": false },
								"south": { "texture": "#plaindark", "uv": [ 0.0, 0.0, 5.0, 1.5 ], "autoUv": false },
								"west": { "texture": "#plaindark", "uv": [ 0.0, 0.0, 0.5, 1.5 ], "autoUv": false },
								"up": { "texture": "#plaindark", "uv": [ 0.0, 0.0, 5.0, 0.5 ], "autoUv": false },
								"down": { "texture": "#plaindark", "uv": [ 0.0, 0.0, 5.0, 0.5 ], "autoUv": false }
							},
							"children": [
								{
									"name": "Cube205",
									"from": [ 1.1, 0.0, 0.33 ],
									"to": [ 2.2, 1.1, 0.55 ],
									"rotationOrigin": [ 1.1, 0.0, 0.0 ],
									"faces": {
										"north": { "texture": "#plaindark", "uv": [ 0.0, 0.0, 1.0, 1.0 ], "autoUv": false },
										"east": { "texture": "#plaindark", "uv": [ 0.0, 0.0, 0.5, 1.0 ], "autoUv": false },
										"south": { "texture": "#plaindark", "uv": [ 0.0, 0.0, 1.0, 1.0 ], "autoUv": false },
										"west": { "texture": "#plaindark", "uv": [ 0.0, 0.0, 0.5, 1.0 ], "autoUv": false },
										"up": { "texture": "#plaindark", "uv": [ 0.0, 0.0, 1.0, 0.5 ], "autoUv": false },
										"down": { "texture": "#plaindark", "uv": [ 0.0, 0.0, 1.0, 0.5 ], "autoUv": false }
									}
								},
								{
									"name": "Cube206",
									"from": [ 3.3, 0.0, 0.33 ],
									"to": [ 4.4, 1.1, 0.55 ],
									"rotationOrigin": [ 3.3, 0.0, 0.0 ],
									"faces": {
										"north": { "texture": "#plaindark", "uv": [ 0.0, 0.0, 1.0, 1.0 ], "autoUv": false },
										"east": { "texture": "#plaindark", "uv": [ 0.0, 0.0, 0.5, 1.0 ], "autoUv": false },
										"south": { "texture": "#plaindark", "uv": [ 0.0, 0.0, 1.0, 1.0 ], "autoUv": false },
										"west": { "texture": "#plaindark", "uv": [ 0.0, 0.0, 0.5, 1.0 ], "autoUv": false },
										"up": { "texture": "#plaindark", "uv": [ 0.0, 0.0, 1.0, 0.5 ], "autoUv": false },
										"down": { "texture": "#plaindark", "uv": [ 0.0, 0.0, 1.0, 0.5 ], "autoUv": false }
									}
								}
							]
						},
						{
							"name": "Cube207",
							"from": [ 1.1, 1.1, 2.31 ],
							"to": [ 2.2, 2.64, 2.53 ],
							"rotationOrigin": [ 1.1, 1.1, 2.2 ],
							"rotationX": 20.0,
							"faces": {
								"north": { "texture": "#plaindark", "uv": [ 0.0, 0.0, 1.0, 1.0 ], "autoUv": false },
								"east": { "texture": "#plaindark", "uv": [ 0.0, 0.0, 0.5, 1.0 ], "autoUv": false },
								"south": { "texture": "#plaindark", "uv": [ 0.0, 0.0, 1.0, 1.0 ], "autoUv": false },
								"west": { "texture": "#plaindark", "uv": [ 0.0, 0.0, 0.5, 1.0 ], "autoUv": false },
								"up": { "texture": "#plaindark", "uv": [ 0.0, 0.0, 1.0, 0.5 ], "autoUv": false },
								"down": { "texture": "#plaindark", "uv": [ 0.0, 0.0, 1.0, 0.5 ], "autoUv": false }
							}
						},
						{
							"name": "Cube208",
							"from": [ 3.3, 1.1, 2.31 ],
							"to": [ 4.4, 2.64, 2.53 ],
							"rotationOrigin": [ 3.3, 1.1, 2.2 ],
							"rotationX": 20.0,
							"faces": {
								"north": { "texture": "#plaindark", "uv": [ 0.0, 0.0, 1.0, 1.0 ], "autoUv": false },
								"east": { "texture": "#plaindark", "uv": [ 0.0, 0.0, 0.5, 1.0 ], "autoUv": false },
								"south": { "texture": "#plaindark", "uv": [ 0.0, 0.0, 1.0, 1.0 ], "autoUv": false },
								"west": { "texture": "#plaindark", "uv": [ 0.0, 0.0, 0.5, 1.0 ], "autoUv": false },
								"up": { "texture": "#plaindark", "uv": [ 0.0, 0.0, 1.0, 0.5 ], "autoUv": false },
								"down": { "texture": "#plaindark", "uv": [ 0.0, 0.0, 1.0, 0.5 ], "autoUv": false }
							}
						},
						{
							"name": "Cube209",
							"from": [ 3.3, 0.0, 2.31 ],
							"to": [ 4.4, 1.1, 2.53 ],
							"rotationOrigin": [ 3.3, 0.0, 2.2 ],
							"faces": {
								"north": { "texture": "#plaindark", "uv": [ 0.0, 0.0, 1.0, 1.0 ], "autoUv": false },
								"east": { "texture": "#plaindark", "uv": [ 0.0, 0.0, 0.5, 1.0 ], "autoUv": false },
								"south": { "texture": "#plaindark", "uv": [ 0.0, 0.0, 1.0, 1.0 ], "autoUv": false },
								"west": { "texture": "#plaindark", "uv": [ 0.0, 0.0, 0.5, 1.0 ], "autoUv": false },
								"up": { "texture": "#plaindark", "uv": [ 0.0, 0.0, 1.0, 0.5 ], "autoUv": false },
								"down": { "texture": "#plaindark", "uv": [ 0.0, 0.0, 1.0, 0.5 ], "autoUv": false }
							}
						},
						{
							"name": "Cube210",
							"from": [ 1.1, 0.0, 2.31 ],
							"to": [ 2.2, 1.1, 2.53 ],
							"rotationOrigin": [ 1.1, 0.0, 2.2 ],
							"faces": {
								"north": { "texture": "#plaindark", "uv": [ 0.0, 0.0, 1.0, 1.0 ], "autoUv": false },
								"east": { "texture": "#plaindark", "uv": [ 0.0, 0.0, 0.5, 1.0 ], "autoUv": false },
								"south": { "texture": "#plaindark", "uv": [ 0.0, 0.0, 1.0, 1.0 ], "autoUv": false },
								"west": { "texture": "#plaindark", "uv": [ 0.0, 0.0, 0.5, 1.0 ], "autoUv": false },
								"up": { "texture": "#plaindark", "uv": [ 0.0, 0.0, 1.0, 0.5 ], "autoUv": false },
								"down": { "texture": "#plaindark", "uv": [ 0.0, 0.0, 1.0, 0.5 ], "autoUv": false }
							}
						},
						{
							"name": "Cube211",
							"from": [ 0.99, 1.1, 2.288 ],
							"to": [ 2.31, 1.375, 2.618 ],
							"rotationOrigin": [ 1.1, 1.1, 2.475 ],
							"faces": {
								"north": { "texture": "#copper", "uv": [ 0.0, 0.0, 1.0, 0.5 ], "autoUv": false },
								"east": { "texture": "#copper", "uv": [ 0.0, 0.0, 0.5, 0.5 ], "autoUv": false },
								"south": { "texture": "#copper", "uv": [ 0.0, 0.0, 1.0, 0.5 ], "autoUv": false },
								"west": { "texture": "#copper", "uv": [ 0.0, 0.0, 0.5, 0.5 ], "autoUv": false },
								"up": { "texture": "#copper", "uv": [ 0.0, 0.0, 1.0, 0.5 ], "autoUv": false },
								"down": { "texture": "#copper", "uv": [ 0.0, 0.0, 1.0, 0.5 ], "autoUv": false }
							}
						},
						{
							"name": "Cube212",
							"from": [ 3.19, 1.1, 2.288 ],
							"to": [ 4.51, 1.375, 2.618 ],
							"rotationOrigin": [ 3.3, 1.1, 2.475 ],
							"faces": {
								"north": { "texture": "#copper", "uv": [ 0.0, 0.0, 1.0, 0.5 ], "autoUv": false },
								"east": { "texture": "#copper", "uv": [ 0.0, 0.0, 0.5, 0.5 ], "autoUv": false },
								"south": { "texture": "#copper", "uv": [ 0.0, 0.0, 1.0, 0.5 ], "autoUv": false },
								"west": { "texture": "#copper", "uv": [ 0.0, 0.0, 0.5, 0.5 ], "autoUv": false },
								"up": { "texture": "#copper", "uv": [ 0.0, 0.0, 1.0, 0.5 ], "autoUv": false },
								"down": { "texture": "#copper", "uv": [ 0.0, 0.0, 1.0, 0.5 ], "autoUv": false }
							}
						},
						{
							"name": "Cube213",
							"from": [ -0.33, 1.21, 0.11 ],
							"to": [ 5.83, 3.41, 2.09 ],
							"rotationOrigin": [ -0.33, 1.1, 0.0 ],
							"faces": {
								"north": { "texture": "#plain2", "uv": [ 10.0, 0.5, 15.5, 2.5 ], "autoUv": false },
								"east": { "texture": "#plain2", "uv": [ 13.5, 1.0, 15.0, 3.0 ], "autoUv": false },
								"south": { "texture": "#plain2", "uv": [ 9.5, 1.0, 15.0, 3.0 ], "autoUv": false },
								"west": { "texture": "#plain2", "uv": [ 12.5, 1.5, 14.0, 3.5 ], "autoUv": false },
								"up": { "texture": "#plain2", "uv": [ 10.0, 0.5, 15.5, 2.0 ], "autoUv": false },
								"down": { "texture": "#plain2", "uv": [ 9.0, 0.5, 14.5, 2.0 ], "autoUv": false }
							},
							"children": [
								{
									"name": "Cube214",
									"from": [ -0.22, 1.43, -0.11 ],
									"to": [ 0.33, 2.53, 2.09 ],
									"rotationOrigin": [ -0.22, 1.1, 0.0 ],
									"rotationZ": -10.0,
									"faces": {
										"north": { "texture": "#plaindark", "uv": [ 0.0, 0.0, 0.5, 1.0 ], "autoUv": false },
										"east": { "texture": "#plaindark", "uv": [ 0.0, 0.0, 2.0, 1.0 ], "autoUv": false },
										"south": { "texture": "#plaindark", "uv": [ 0.0, 0.0, 0.5, 1.0 ], "autoUv": false },
										"west": { "texture": "#plaindark", "uv": [ 0.0, 0.0, 2.0, 1.0 ], "autoUv": false },
										"up": { "texture": "#plaindark", "uv": [ 0.0, 0.0, 0.5, 2.0 ], "autoUv": false },
										"down": { "texture": "#plaindark", "uv": [ 0.0, 0.0, 0.5, 2.0 ], "autoUv": false }
									}
								},
								{
									"name": "Cube215",
									"from": [ 5.83, 1.43, -0.11 ],
									"to": [ 6.38, 2.53, 2.09 ],
									"rotationOrigin": [ 6.38, 1.1, 0.0 ],
									"rotationZ": 10.0,
									"faces": {
										"north": { "texture": "#plaindark", "uv": [ 0.0, 0.0, 0.5, 1.0 ], "autoUv": false },
										"east": { "texture": "#plaindark", "uv": [ 0.0, 0.0, 2.0, 1.0 ], "autoUv": false },
										"south": { "texture": "#plaindark", "uv": [ 0.0, 0.0, 0.5, 1.0 ], "autoUv": false },
										"west": { "texture": "#plaindark", "uv": [ 0.0, 0.0, 2.0, 1.0 ], "autoUv": false },
										"up": { "texture": "#plaindark", "uv": [ 0.0, 0.0, 0.5, 2.0 ], "autoUv": false },
										"down": { "texture": "#plaindark", "uv": [ 0.0, 0.0, 0.5, 2.0 ], "autoUv": false }
									}
								}
							]
						},
						{
							"name": "Cube216",
							"from": [ 0.22, -0.33, 0.22 ],
							"to": [ 5.28, 0.0, 2.2 ],
							"faces": {
								"north": { "texture": "#plain2", "uv": [ 4.0, 9.5, 8.5, 10.0 ], "autoUv": false },
								"east": { "texture": "#plain2", "uv": [ 4.5, 9.5, 6.0, 10.0 ], "autoUv": false },
								"south": { "texture": "#plain2", "uv": [ 3.5, 9.5, 8.0, 10.0 ], "autoUv": false },
								"west": { "texture": "#plain2", "uv": [ 4.5, 9.5, 6.0, 10.0 ], "autoUv": false },
								"up": { "texture": "#plain2", "uv": [ 6.0, 9.5, 10.5, 11.0 ], "autoUv": false },
								"down": { "texture": "#plain2", "uv": [ 7.5, 9.5, 12.0, 11.0 ], "autoUv": false }
							}
						}
					]
				},
				{
					"name": "leatherstrap",
					"from": [ -2.1977, 0.0328, -4.4 ],
					"to": [ -1.0977, 0.9128, 5.06 ],
					"rotationOrigin": [ -2.1977, -0.2422, -4.125 ],
					"faces": {
						"north": { "texture": "#plain2", "uv": [ 0.0, 0.0, 1.0, 0.5 ], "autoUv": false },
						"east": { "texture": "#plain2", "uv": [ 0.0, 0.0, 8.5, 0.5 ], "autoUv": false },
						"south": { "texture": "#plain2", "uv": [ 0.0, 0.0, 1.0, 0.5 ], "autoUv": false },
						"west": { "texture": "#plain2", "uv": [ 0.0, 0.0, 8.5, 0.5 ], "autoUv": false },
						"up": { "texture": "#plain2", "uv": [ 0.0, 0.0, 1.0, 8.5 ], "autoUv": false },
						"down": { "texture": "#plain2", "uv": [ 0.0, 0.0, 1.0, 8.5 ], "autoUv": false }
					}
				},
				{
					"name": "leatherstrap2",
					"from": [ 0.0, 0.0, -4.4 ],
					"to": [ 1.1, 0.88, 5.06 ],
					"rotationOrigin": [ 0.0, 0.0, -4.125 ],
					"faces": {
						"north": { "texture": "#plain2", "uv": [ 0.0, 0.0, 1.0, 0.5 ], "autoUv": false },
						"east": { "texture": "#plain2", "uv": [ 0.0, 0.0, 8.5, 0.5 ], "autoUv": false },
						"south": { "texture": "#plain2", "uv": [ 0.0, 0.0, 1.0, 0.5 ], "autoUv": false },
						"west": { "texture": "#plain2", "uv": [ 0.0, 0.0, 8.5, 0.5 ], "autoUv": false },
						"up": { "texture": "#plain2", "uv": [ 0.0, 0.0, 1.0, 8.5 ], "autoUv": false },
						"down": { "texture": "#plain2", "uv": [ 0.0, 0.0, 1.0, 8.5 ], "autoUv": false }
					}
				}
			]
		}
	],
	"animations": [
		{
			"name": "idle",
			"code": "idle",
			"quantityframes": 60,
			"onActivityStopped": "Rewind",
			"onAnimationEnd": "Repeat",
			"keyframes": [

			]
		}
	]
}