{
	"editor": {
		"backDropShape": "C:/Users/Poiso/Desktop/mythiclegends_0.0.14/assets/mythiclegends/shapes/entities/land/wyvern/ridgeback/ridgeback-male-adult",
		"collapsedPaths": "Root/ORIGINbridle,Root/SaddleBags,Root/ORIGINpillion,Root/_origin/body,Root/Saddle,Root/ORIGINhaybed",
		"allAngles": false,
		"entityTextureMode": false
	},
	"textureWidth": 16,
	"textureHeight": 16,
	"textureSizes": {
		"pillmat": [16,16],
		"plain": [16,16]
	},
	"textures": {
		"rope": "game:item/resource/rope",
		"candle": "game:block/candle"
	},
	"elements": [
		{
			"name": "Lantern",
			"stepParentName": "neck1",
			"from": [ 8.4315, -10.395, 2.6 ],
			"to": [ 11.6193, -9.8628, 5.7878 ],
			"rotationOrigin": [ 10.0688, -10.5682, 3.99 ],
			"rotationZ": 23.0,
			"faces": {
				"north": { "texture": "#material", "uv": [ 5.0, 1.0, 13.0, 2.0 ], "autoUv": false },
				"east": { "texture": "#material", "uv": [ 3.0, 15.0, 11.0, 16.0 ], "autoUv": false },
				"south": { "texture": "#material", "uv": [ 2.0, 1.0, 10.0, 2.0 ], "autoUv": false },
				"west": { "texture": "#material", "uv": [ 3.0, 1.0, 11.0, 2.0 ], "autoUv": false },
				"up": { "texture": "#material", "uv": [ 4.0, 4.0, 12.0, 12.0 ], "autoUv": false },
				"down": { "texture": "#material", "uv": [ 5.0, 6.0, 13.0, 14.0 ], "autoUv": false }
			},
			"children": [
				{
					"name": "top 1",
					"from": [ 9.0E-4, 4.2578, 9.0E-4 ],
					"to": [ 3.1943, 4.79, 3.1943 ],
					"rotationOrigin": [ -0.5313, 0.0, -0.5313 ],
					"faces": {
						"north": { "texture": "#material", "uv": [ 1.0, 15.0, 7.0, 16.0 ], "autoUv": false },
						"east": { "texture": "#material", "uv": [ 8.0, 15.0, 14.0, 16.0 ], "autoUv": false },
						"south": { "texture": "#material", "uv": [ 6.0, 1.0, 12.0, 2.0 ], "autoUv": false },
						"west": { "texture": "#material", "uv": [ 1.0, 15.0, 7.0, 16.0 ], "autoUv": false },
						"down": { "texture": "#lining", "uv": [ 4.0, 8.0, 10.0, 14.0 ], "autoUv": false }
					}
				},
				{
					"name": "top 2",
					"from": [ 0.0462, 4.79, -0.0115 ],
					"to": [ 3.149, 5.3213, 3.2224 ],
					"rotationOrigin": [ -0.5313, 0.0, -0.5313 ],
					"faces": {
						"north": { "texture": "#material", "uv": [ 2.0, 1.5, 10.0, 2.5 ], "autoUv": false },
						"east": { "texture": "#material", "uv": [ 2.0, 14.0, 10.0, 15.0 ], "autoUv": false },
						"south": { "texture": "#material", "uv": [ 3.0, 14.0, 11.0, 15.0 ], "autoUv": false },
						"west": { "texture": "#material", "uv": [ 7.0, 0.0, 15.0, 1.0 ], "autoUv": false },
						"up": { "texture": "#material", "uv": [ 5.0, 3.0, 13.0, 11.0 ], "autoUv": false },
						"down": { "texture": "#material", "uv": [ 4.0, 6.0, 12.0, 14.0 ], "autoUv": false }
					}
				},
				{
					"name": "top 3",
					"from": [ 0.5331, 5.3222, 0.5331 ],
					"to": [ 2.662, 5.8545, 2.662 ],
					"rotationOrigin": [ -0.5313, 0.0, -0.5313 ],
					"faces": {
						"north": { "texture": "#material", "uv": [ 4.0, 4.0, 8.0, 5.0 ], "autoUv": false },
						"east": { "texture": "#material", "uv": [ 7.0, 8.0, 11.0, 9.0 ], "autoUv": false },
						"south": { "texture": "#material", "uv": [ 7.0, 6.0, 11.0, 7.0 ], "autoUv": false },
						"west": { "texture": "#material", "uv": [ 6.0, 5.0, 10.0, 6.0 ], "autoUv": false },
						"up": { "texture": "#material", "uv": [ 6.0, 4.0, 10.0, 8.0 ], "autoUv": false }
					}
				},
				{
					"name": "base2",
					"from": [ 9.0E-4, 0.5322, 9.0E-4 ],
					"to": [ 3.1943, 1.0644, 3.1943 ],
					"rotationOrigin": [ -0.5313, 0.0, -0.5313 ],
					"faces": {
						"north": { "texture": "#material", "uv": [ 8.0, 0.0, 14.0, 1.0 ], "autoUv": false },
						"east": { "texture": "#material", "uv": [ 2.0, 14.0, 8.0, 15.0 ], "autoUv": false },
						"south": { "texture": "#material", "uv": [ 1.0, 0.0, 7.0, 1.0 ], "autoUv": false },
						"west": { "texture": "#material", "uv": [ 5.0, 14.0, 11.0, 15.0 ], "autoUv": false },
						"up": { "texture": "#lining", "uv": [ 5.0, 3.0, 11.0, 9.0 ], "autoUv": false }
					},
					"children": [
						{
							"name": "pillar 1",
							"from": [ 0.0, 0.5322, 0.0 ],
							"to": [ 0.5322, 3.7256, 0.5322 ],
							"faces": {
								"north": { "texture": "#material", "uv": [ 1.0, 5.0, 2.0, 11.0 ], "autoUv": false },
								"east": { "texture": "#lining", "uv": [ 7.0, 4.0, 8.0, 10.0 ], "autoUv": false },
								"south": { "texture": "#lining", "uv": [ 6.0, 3.0, 7.0, 9.0 ], "autoUv": false },
								"west": { "texture": "#material", "uv": [ 14.0, 5.0, 15.0, 11.0 ], "autoUv": false }
							}
						},
						{
							"name": "pillar 2",
							"from": [ 2.6611, 0.5322, 0.0 ],
							"to": [ 3.1933, 3.7256, 0.5322 ],
							"faces": {
								"north": { "texture": "#material", "uv": [ 14.0, 2.0, 15.0, 8.0 ], "autoUv": false },
								"east": { "texture": "#material", "uv": [ 1.0, 8.0, 2.0, 14.0 ], "autoUv": false },
								"south": { "texture": "#lining", "uv": [ 6.0, 8.0, 7.0, 14.0 ], "autoUv": false },
								"west": { "texture": "#lining", "uv": [ 10.0, 5.0, 11.0, 11.0 ], "autoUv": false }
							}
						},
						{
							"name": "pillar 3",
							"from": [ 2.6611, 0.5322, 2.6611 ],
							"to": [ 3.1933, 3.7256, 3.1933 ],
							"faces": {
								"north": { "texture": "#lining", "uv": [ 5.0, 7.0, 6.0, 13.0 ], "autoUv": false },
								"east": { "texture": "#material", "uv": [ 14.0, 8.0, 15.0, 14.0 ], "autoUv": false },
								"south": { "texture": "#material", "uv": [ 1.0, 2.0, 2.0, 8.0 ], "autoUv": false },
								"west": { "texture": "#lining", "uv": [ 10.0, 3.0, 11.0, 9.0 ], "autoUv": false }
							}
						},
						{
							"name": "pillar 4",
							"from": [ 0.0, 0.5322, 2.6611 ],
							"to": [ 0.5322, 3.7256, 3.1933 ],
							"faces": {
								"north": { "texture": "#lining", "uv": [ 8.0, 3.0, 9.0, 9.0 ], "autoUv": false },
								"east": { "texture": "#lining", "uv": [ 6.0, 3.0, 7.0, 9.0 ], "autoUv": false },
								"south": { "texture": "#material", "uv": [ 0.0, 3.0, 1.0, 9.0 ], "autoUv": false },
								"west": { "texture": "#material", "uv": [ 1.0, 4.0, 2.0, 10.0 ], "autoUv": false }
							}
						},
						{
							"name": "glass N",
							"from": [ 0.5322, 0.5322, 0.2661 ],
							"to": [ 2.6611, 3.7256, 0.2661 ],
							"renderPass": 3,
							"faces": {
								"north": { "texture": "#glass", "uv": [ 7.0, 8.0, 11.0, 14.0 ], "glow": 196, "autoUv": false }
							}
						},
						{
							"name": "glass S",
							"from": [ 0.5322, 0.5322, 2.9272 ],
							"to": [ 2.6611, 3.7256, 2.9272 ],
							"renderPass": 3,
							"faces": {
								"north": { "texture": "#glass", "uv": [ 8.0, 6.0, 12.0, 12.0 ], "glow": 196, "autoUv": false }
							}
						},
						{
							"name": "glass W",
							"from": [ 0.2661, 0.5322, 0.5322 ],
							"to": [ 0.2661, 3.7256, 2.6611 ],
							"renderPass": 3,
							"faces": {
								"west": { "texture": "#glass", "uv": [ 4.0, 2.0, 8.0, 8.0 ], "glow": 196, "autoUv": false }
							}
						},
						{
							"name": "glass E",
							"from": [ 2.9272, 0.5322, 0.5322 ],
							"to": [ 2.9272, 3.7256, 2.6611 ],
							"renderPass": 3,
							"faces": {
								"west": { "texture": "#glass", "uv": [ 1.0, 4.0, 5.0, 10.0 ], "glow": 196, "autoUv": false }
							}
						},
						{
							"name": "deco N",
							"from": [ 0.5322, 0.5322, 0.2129 ],
							"to": [ 2.6611, 3.7256, 0.2129 ],
							"renderPass": 1,
							"faces": {
								"north": { "texture": "#material-deco", "uv": [ 2.0, 9.0, 6.0, 15.0 ], "autoUv": false }
							}
						},
						{
							"name": "deco S",
							"from": [ 0.5322, 0.5322, 2.9805 ],
							"to": [ 2.6611, 3.7256, 2.9805 ],
							"renderPass": 1,
							"faces": {
								"north": { "texture": "#material-deco", "uv": [ 2.0, 1.5, 6.0, 7.5 ], "autoUv": false }
							}
						},
						{
							"name": "deco W",
							"from": [ 0.2129, 0.5322, 0.5322 ],
							"to": [ 0.2129, 3.7256, 2.6611 ],
							"renderPass": 1,
							"faces": {
								"west": { "texture": "#material-deco", "uv": [ 10.0, 1.5, 14.0, 7.5 ], "autoUv": false }
							}
						},
						{
							"name": "deco E",
							"from": [ 2.9805, 0.5322, 0.5322 ],
							"to": [ 2.9805, 3.7256, 2.6611 ],
							"renderPass": 1,
							"faces": {
								"west": { "texture": "#material-deco", "uv": [ 10.0, 9.0, 14.0, 15.0 ], "autoUv": false }
							}
						},
						{
							"name": "candle",
							"from": [ 1.0644, 0.5322, 1.0644 ],
							"to": [ 2.1289, 2.6611, 2.1289 ],
							"rotationOrigin": [ -0.5322, -0.5322, -0.5322 ],
							"faces": {
								"north": { "texture": "#candle", "uv": [ 0.0, 12.0, 2.0, 16.0 ], "autoUv": false },
								"east": { "texture": "#candle", "uv": [ 2.0, 12.0, 4.0, 16.0 ], "autoUv": false },
								"south": { "texture": "#candle", "uv": [ 4.0, 12.0, 6.0, 16.0 ], "autoUv": false },
								"west": { "texture": "#candle", "uv": [ 6.0, 12.0, 8.0, 16.0 ], "autoUv": false },
								"up": { "texture": "#candle", "uv": [ 14.0, 0.0, 16.0, 2.0 ], "autoUv": false }
							},
							"children": [
								{
									"name": "top",
									"from": [ 0.4257, 2.1289, 0.4257 ],
									"to": [ 0.6387, 2.395, 0.6387 ],
									"faces": {
										"north": { "texture": "#candle", "uv": [ 0.0, 0.0, 0.0, 0.5 ], "glow": 196, "autoUv": false },
										"east": { "texture": "#candle", "uv": [ 0.0, 0.0, 0.0, 0.5 ], "glow": 196, "autoUv": false },
										"south": { "texture": "#candle", "uv": [ 0.0, 0.0, 0.0, 0.5 ], "glow": 196, "autoUv": false },
										"west": { "texture": "#candle", "uv": [ 0.0, 0.0, 0.0, 0.5 ], "glow": 196, "autoUv": false },
										"up": { "texture": "#candle", "uv": [ 0.0, 0.0, 0.0, 0.0 ], "glow": 196, "autoUv": false }
									}
								}
							]
						}
					]
				},
				{
					"name": "lanternropes",
					"from": [ 2.1367, 5.775, 1.617 ],
					"to": [ 2.1367, 5.775, 1.617 ],
					"rotationOrigin": [ 1.5015, 5.775, 1.617 ],
					"faces": {
						"north": { "texture": "#plain", "uv": [ 0.0, 0.0, 0.5, 0.5 ], "autoUv": false },
						"east": { "texture": "#plain", "uv": [ 0.0, 0.0, 0.5, 0.5 ], "autoUv": false },
						"south": { "texture": "#plain", "uv": [ 0.0, 0.0, 0.5, 0.5 ], "autoUv": false },
						"west": { "texture": "#plain", "uv": [ 0.0, 0.0, 0.5, 0.5 ], "autoUv": false },
						"up": { "texture": "#plain", "uv": [ 0.0, 0.0, 0.5, 0.5 ], "autoUv": false },
						"down": { "texture": "#plain", "uv": [ 0.0, 0.0, 0.5, 0.5 ], "autoUv": false }
					},
					"children": [
						{
							"name": "lanternrope",
							"from": [ -0.7357, -0.3347, -1.2243 ],
							"to": [ -0.1582, 6.3643, -0.6468 ],
							"rotationOrigin": [ -0.7357, -0.2192, -0.9933 ],
							"rotationX": -29.985,
							"rotationY": 1.0,
							"rotationZ": -1.732,
							"faces": {
								"north": { "texture": "#rope", "uv": [ 0.0, 0.0, 0.5, 5.5 ], "autoUv": false },
								"east": { "texture": "#rope", "uv": [ 0.0, 0.0, 0.5, 5.5 ], "autoUv": false },
								"south": { "texture": "#rope", "uv": [ 0.0, 0.0, 0.5, 5.5 ], "autoUv": false },
								"west": { "texture": "#rope", "uv": [ 0.0, 0.0, 0.5, 5.5 ], "autoUv": false },
								"up": { "texture": "#rope", "uv": [ 0.0, 0.0, 0.5, 0.5 ], "autoUv": false },
								"down": { "texture": "#rope", "uv": [ 0.0, 0.0, 0.5, 0.5 ], "autoUv": false }
							}
						},
						{
							"name": "lanternrope2",
							"from": [ -0.7276, 0.0115, 0.693 ],
							"to": [ -0.1501, 6.7105, 1.2705 ],
							"rotationOrigin": [ -0.7276, 0.0115, 0.693 ],
							"rotationX": 31.984,
							"rotationY": -1.06,
							"rotationZ": -1.696,
							"faces": {
								"north": { "texture": "#rope", "uv": [ 0.0, 0.0, 0.5, 5.5 ], "autoUv": false },
								"east": { "texture": "#rope", "uv": [ 0.0, 0.0, 0.5, 5.5 ], "autoUv": false },
								"south": { "texture": "#rope", "uv": [ 0.0, 0.0, 0.5, 5.5 ], "autoUv": false },
								"west": { "texture": "#rope", "uv": [ 0.0, 0.0, 0.5, 5.5 ], "autoUv": false },
								"up": { "texture": "#rope", "uv": [ 0.0, 0.0, 0.5, 0.5 ], "autoUv": false },
								"down": { "texture": "#rope", "uv": [ 0.0, 0.0, 0.5, 0.5 ], "autoUv": false }
							}
						},
						{
							"name": "lanternrope3",
							"from": [ -0.5261, 5.5521, -4.5738 ],
							"to": [ 0.0514, 12.2511, -3.9963 ],
							"rotationOrigin": [ -0.5261, 5.7831, -5.082 ],
							"rotationZ": -24.5,
							"faces": {
								"north": { "texture": "#rope", "uv": [ 0.0, 0.0, 0.5, 5.5 ], "autoUv": false },
								"east": { "texture": "#rope", "uv": [ 0.0, 0.0, 0.5, 5.5 ], "autoUv": false },
								"south": { "texture": "#rope", "uv": [ 0.0, 0.0, 0.5, 5.5 ], "autoUv": false },
								"west": { "texture": "#rope", "uv": [ 0.0, 0.0, 0.5, 5.5 ], "autoUv": false },
								"up": { "texture": "#rope", "uv": [ 0.0, 0.0, 0.5, 0.5 ], "autoUv": false },
								"down": { "texture": "#rope", "uv": [ 0.0, 0.0, 0.5, 0.5 ], "autoUv": false }
							}
						},
						{
							"name": "lanternrope4",
							"from": [ -0.5261, 5.5521, 4.158 ],
							"to": [ 0.0514, 12.2511, 4.7355 ],
							"rotationOrigin": [ -0.5261, 5.7831, 4.158 ],
							"rotationZ": -24.5,
							"faces": {
								"north": { "texture": "#rope", "uv": [ 0.0, 0.0, 0.5, 5.5 ], "autoUv": false },
								"east": { "texture": "#rope", "uv": [ 0.0, 0.0, 0.5, 5.5 ], "autoUv": false },
								"south": { "texture": "#rope", "uv": [ 0.0, 0.0, 0.5, 5.5 ], "autoUv": false },
								"west": { "texture": "#rope", "uv": [ 0.0, 0.0, 0.5, 5.5 ], "autoUv": false },
								"up": { "texture": "#rope", "uv": [ 0.0, 0.0, 0.5, 0.5 ], "autoUv": false },
								"down": { "texture": "#rope", "uv": [ 0.0, 0.0, 0.5, 0.5 ], "autoUv": false }
							}
						},
						{
							"name": "lanternrope5",
							"from": [ 1.85, 10.6, -1.0 ],
							"to": [ 2.43, 11.299, 4.58 ],
							"rotationOrigin": [ 2.2, 11.0, 5.16 ],
							"rotationX": 26.0,
							"rotationY": -15.0,
							"rotationZ": -22.5,
							"faces": {
								"north": { "texture": "#rope", "uv": [ 0.0, 0.0, 0.5, 5.5 ], "autoUv": false },
								"east": { "texture": "#rope", "uv": [ 0.0, 0.0, 0.5, 5.5 ], "autoUv": false },
								"south": { "texture": "#rope", "uv": [ 0.0, 0.0, 0.5, 5.5 ], "autoUv": false },
								"west": { "texture": "#rope", "uv": [ 0.0, 0.0, 0.5, 5.5 ], "autoUv": false },
								"up": { "texture": "#rope", "uv": [ 0.0, 0.0, 0.5, 0.5 ], "autoUv": false },
								"down": { "texture": "#rope", "uv": [ 0.0, 0.0, 0.5, 0.5 ], "autoUv": false }
							}
						},
						{
							"name": "lanternrope6",
							"from": [ 1.85, 11.0, -4.2 ],
							"to": [ 2.4275, 11.7, 1.1 ],
							"rotationOrigin": [ 2.2, 11.0, -4.082 ],
							"rotationX": -28.0,
							"rotationY": 16.0,
							"rotationZ": -24.5,
							"faces": {
								"north": { "texture": "#rope", "uv": [ 0.0, 0.0, 0.5, 5.5 ], "autoUv": false },
								"east": { "texture": "#rope", "uv": [ 0.0, 0.0, 0.5, 5.5 ], "autoUv": false },
								"south": { "texture": "#rope", "uv": [ 0.0, 0.0, 0.5, 5.5 ], "autoUv": false },
								"west": { "texture": "#rope", "uv": [ 0.0, 0.0, 0.5, 5.5 ], "autoUv": false },
								"up": { "texture": "#rope", "uv": [ 0.0, 0.0, 0.5, 0.5 ], "autoUv": false },
								"down": { "texture": "#rope", "uv": [ 0.0, 0.0, 0.5, 0.5 ], "autoUv": false }
							}
						}
					]
				}
			]
		}
	]}