{
	"editor": {
		"backDropShape": "C:/Users/Poiso/Desktop/mythiclegends_0.0.14/assets/mythiclegends/shapes/entities/land/wyvern/ridgeback/ridgeback-male-adult",
		"collapsedPaths": "Root/ORIGINbridle/ORIGINstraps/ReinsS1/LinenWrapgroup1,Root/ORIGINbridle/ORIGINstraps/ReinsN1/ReinsN3/LinenWrapgroup3/dragonteeth2/Cube175,Root/ORIGINbridle/ORIGINstraps/ReinsN1/ReinsN3/LinenWrapgroup3,Root/ORIGINpillion,Root/ORIGINbridle/ORIGINstraps/ReinsN1/ReinsN3/LinenWrapgroup3/dragonteeth2/Cube185,Root/ORIGINbridle/ORIGINstraps/ReinsN1/ReinsN3/LinenWrapgroup4,Root/ORIGINbridle/ORIGINstraps/Cube156,Root/_origin/body,Root/ORIGINbridle/ORIGINstraps/ReinsN1/ReinsN3/LinenWrapgroup3/dragonteeth2/Cube180,Root/Saddle,Root/ORIGINhaybed",
		"allAngles": false,
		"entityTextureMode": false
	},
	"textureWidth": 16,
	"textureHeight": 16,
	"textureSizes": {
		"pillmat": [16,16],
		"plain": [16,16]
	},
	"textures": {
		"plainblack": "C:/Users/Poiso/Desktop/mythiclegends_0.0.14/assets/mythiclegends/textures/blocks/leather/plainblack",
		"plaindark": "C:/Users/Poiso/Desktop/mythiclegends_0.0.14/assets/mythiclegends/textures/blocks/leather/plaindark"
	},
	"elements": [
		{
			"name": "ORIGINbridle",
			"stepParentName": "neck2",
			"from": [ -1.08, -0.6, -0.92 ],
			"to": [ 0.8549, 1.3349, 1.0198 ],
			"rotationOrigin": [ -0.5773, -0.5388, -1.6361 ],
			"rotationZ": -9.5,
			"faces": {
			},
			"children": [
				{
					"name": "ORIGINstraps",
					"from": [ 0.0, 0.0, 0.0 ],
					"to": [ 1.9398, 1.9398, 1.9398 ],
					"faces": {
					},
					"children": [
						{
							"name": "BitEndN2",
							"from": [ 4.5189, 1.9717, 0.0857 ],
							"to": [ 6.6527, 4.1055, 0.8617 ],
							"rotationOrigin": [ 4.5144, 1.9731, -0.5819 ],
							"rotationZ": 10.5,
							"faces": {
								"north": { "texture": "#brass", "uv": [ 4.5, 7.5, 5.5, 8.5 ], "autoUv": false },
								"east": { "texture": "#brass", "uv": [ 10.5, 10.0, 11.0, 11.0 ], "autoUv": false },
								"south": { "texture": "#brass", "uv": [ 12.0, 7.0, 13.0, 8.0 ], "autoUv": false },
								"west": { "texture": "#brass", "uv": [ 8.5, 5.0, 9.0, 6.0 ], "autoUv": false },
								"up": { "texture": "#brass", "uv": [ 8.5, 10.0, 9.5, 10.5 ], "autoUv": false },
								"down": { "texture": "#brass", "uv": [ 1.0, 0.0, 2.0, 0.5 ], "autoUv": false }
							},
							"children": [
								{
									"name": "BitEndN3",
									"from": [ 0.0, 0.0, 8.3275 ],
									"to": [ 2.1338, 2.1338, 9.1034 ],
									"rotationOrigin": [ 0.0, 0.0, 8.3275 ],
									"faces": {
										"north": { "texture": "#brass", "uv": [ 4.5, 7.5, 5.5, 8.5 ], "autoUv": false },
										"east": { "texture": "#brass", "uv": [ 10.5, 10.0, 11.0, 11.0 ], "autoUv": false },
										"south": { "texture": "#brass", "uv": [ 12.0, 7.0, 13.0, 8.0 ], "autoUv": false },
										"west": { "texture": "#brass", "uv": [ 8.5, 5.0, 9.0, 6.0 ], "autoUv": false },
										"up": { "texture": "#brass", "uv": [ 8.5, 10.0, 9.5, 10.5 ], "autoUv": false },
										"down": { "texture": "#brass", "uv": [ 1.0, 0.0, 2.0, 0.5 ], "autoUv": false }
									}
								}
							]
						},
						{
							"name": "StrapTop",
							"from": [ 4.8985, 6.8, 0.58 ],
							"to": [ 5.866, 11.18, 1.0699 ],
							"rotationOrigin": [ 4.8985, 7.3478, 1.0409 ],
							"rotationX": 56.0,
							"rotationY": 5.0,
							"rotationZ": 3.0,
							"faces": {
								"north": { "texture": "#plaindark", "uv": [ 0.0, 0.0, 0.5, 2.5 ], "autoUv": false },
								"east": { "texture": "#plaindark", "uv": [ 0.0, 0.0, 0.5, 2.5 ], "autoUv": false, "windMode": [-1,-1,-1,-1] },
								"south": { "texture": "#plaindark", "uv": [ 0.0, 0.0, 0.5, 2.5 ], "autoUv": false, "windMode": [-1,-1,-1,-1] },
								"west": { "texture": "#plaindark", "uv": [ 0.0, 0.0, 0.5, 2.5 ], "autoUv": false },
								"up": { "texture": "#plaindark", "uv": [ 0.0, 0.0, 0.5, 0.5 ], "autoUv": false },
								"down": { "texture": "#plaindark", "uv": [ 0.0, 0.0, 0.5, 0.5 ], "autoUv": false, "windMode": [-1,-1,-1,-1] }
							}
						},
						{
							"name": "StrapTop2",
							"from": [ 4.8985, 7.3478, 8.0 ],
							"to": [ 5.8185, 11.7971, 8.5819 ],
							"rotationOrigin": [ 4.8128, 7.654, 8.5724 ],
							"rotationX": -58.0,
							"rotationY": -5.0,
							"rotationZ": 3.0,
							"faces": {
								"north": { "texture": "#plaindark", "uv": [ 0.0, 0.0, 0.5, 2.5 ], "autoUv": false },
								"east": { "texture": "#plaindark", "uv": [ 0.0, 0.0, 0.5, 2.5 ], "autoUv": false },
								"south": { "texture": "#plaindark", "uv": [ 0.0, 0.0, 0.5, 2.5 ], "autoUv": false },
								"west": { "texture": "#plaindark", "uv": [ 0.0, 0.0, 0.5, 2.5 ], "autoUv": false },
								"up": { "texture": "#plaindark", "uv": [ 0.0, 0.0, 0.5, 0.5 ], "autoUv": false },
								"down": { "texture": "#plaindark", "uv": [ 0.0, 0.0, 0.5, 0.5 ], "autoUv": false, "windMode": [-1,-1,-1,-1] }
							}
						},
						{
							"name": "StrapTop3",
							"from": [ 4.7, 9.4, 3.95 ],
							"to": [ 5.7, 9.89, 5.05 ],
							"rotationOrigin": [ 5.0, 9.3, 4.0206 ],
							"rotationZ": 8.0,
							"faces": {
								"north": { "texture": "#plaindark", "uv": [ 0.0, 0.0, 0.5, 0.5 ], "autoUv": false, "windMode": [-1,-1,-1,-1], "windData": [1,1,1,1] },
								"east": { "texture": "#plaindark", "uv": [ 0.0, 0.0, 4.0, 0.5 ], "autoUv": false },
								"south": { "texture": "#plaindark", "uv": [ 0.0, 0.0, 0.5, 0.5 ], "autoUv": false, "windMode": [-1,-1,-1,-1], "windData": [1,1,1,1] },
								"west": { "texture": "#plaindark", "uv": [ 0.0, 0.0, 4.0, 0.5 ], "autoUv": false },
								"up": { "texture": "#plaindark", "uv": [ 0.0, 0.0, 0.5, 4.0 ], "autoUv": false }
							}
						},
						{
							"name": "StrapTop4",
							"from": [ 4.8863, 4.2127, 0.3062 ],
							"to": [ 5.8538, 7.3968, 0.9185 ],
							"rotationOrigin": [ 4.8863, 4.2127, 0.4286 ],
							"faces": {
								"north": { "texture": "#plaindark", "uv": [ 0.0, 0.0, 0.5, 2.5 ], "autoUv": false },
								"east": { "texture": "#plaindark", "uv": [ 0.0, 0.0, 0.5, 2.5 ], "autoUv": false },
								"south": { "texture": "#plaindark", "uv": [ 0.0, 0.0, 0.5, 2.5 ], "autoUv": false },
								"west": { "texture": "#plaindark", "uv": [ 0.0, 0.0, 0.5, 2.5 ], "autoUv": false },
								"up": { "texture": "#plaindark", "uv": [ 0.0, 0.0, 0.5, 0.5 ], "autoUv": false },
								"down": { "texture": "#plaindark", "uv": [ 0.0, 0.0, 0.5, 0.5 ], "autoUv": false }
							}
						},
						{
							"name": "StrapTop5",
							"from": [ 4.8863, 4.2127, 8.45 ],
							"to": [ 5.8538, 7.3968, 9.0623 ],
							"rotationOrigin": [ 4.8863, 4.2127, 8.45 ],
							"rotationX": -4.0,
							"faces": {
								"north": { "texture": "#plaindark", "uv": [ 0.0, 0.0, 0.5, 2.5 ], "autoUv": false },
								"east": { "texture": "#plaindark", "uv": [ 0.0, 0.0, 0.5, 2.5 ], "autoUv": false },
								"south": { "texture": "#plaindark", "uv": [ 0.0, 0.0, 0.5, 2.5 ], "autoUv": false },
								"west": { "texture": "#plaindark", "uv": [ 0.0, 0.0, 0.5, 2.5 ], "autoUv": false },
								"up": { "texture": "#plaindark", "uv": [ 0.0, 0.0, 0.5, 0.5 ], "autoUv": false },
								"down": { "texture": "#plaindark", "uv": [ 0.0, 0.0, 0.5, 0.5 ], "autoUv": false }
							}
						},
						{
							"name": "ReinsN1",
							"from": [ 5.265, 2.8779, -0.098 ],
							"to": [ 12.2454, 3.8478, 0.484 ],
							"rotationOrigin": [ 5.2601, 2.8797, -0.0983 ],
							"rotationX": -6.518,
							"rotationY": 18.96,
							"rotationZ": 11.45,
							"faces": {
								"north": { "texture": "#plaindark", "uv": [ 4.5, 6.0, 9.5, 6.5 ], "autoUv": false },
								"east": { "texture": "#plaindark", "uv": [ 9.5, 13.5, 10.0, 14.0 ], "autoUv": false },
								"south": { "texture": "#plaindark", "uv": [ 5.5, 11.5, 10.5, 12.0 ], "autoUv": false },
								"west": { "texture": "#plaindark", "uv": [ 10.0, 9.5, 10.5, 10.0 ], "autoUv": false },
								"up": { "texture": "#plaindark", "uv": [ 4.0, 13.0, 9.0, 13.5 ], "autoUv": false },
								"down": { "texture": "#plaindark", "uv": [ 8.5, 1.0, 13.5, 1.5 ], "autoUv": false }
							},
							"children": [
								{
									"name": "ReinsN3",
									"from": [ 7.1757, -0.0857, 0.1194 ],
									"to": [ 13.8749, 0.894, 0.7013 ],
									"rotationOrigin": [ 7.1757, -0.0857, 0.1194 ],
									"rotationX": 3.608,
									"rotationY": -22.181,
									"rotationZ": 43.384,
									"faces": {
										"north": { "texture": "#plaindark", "uv": [ 5.5, 7.5, 10.5, 8.0 ], "autoUv": false },
										"east": { "texture": "#plaindark", "uv": [ 13.0, 0.0, 13.5, 0.5 ], "autoUv": false },
										"south": { "texture": "#plaindark", "uv": [ 3.5, 15.0, 8.5, 15.5 ], "autoUv": false },
										"west": { "texture": "#plaindark", "uv": [ 11.5, 4.0, 12.0, 4.5 ], "autoUv": false },
										"up": { "texture": "#plaindark", "uv": [ 6.0, 14.0, 11.0, 14.5 ], "autoUv": false },
										"down": { "texture": "#plaindark", "uv": [ 9.0, 14.5, 14.0, 15.0 ], "autoUv": false }
									},
									"children": [
										{
											"name": "ReinsN4",
											"from": [ 6.7, 0.0, 0.0 ],
											"to": [ 14.4593, 0.9699, 0.5819 ],
											"rotationOrigin": [ 6.6991, 0.0, 0.0 ],
											"rotationY": -22.5,
											"faces": {
												"north": { "texture": "#plaindark", "uv": [ 8.5, 3.5, 12.5, 4.0 ], "autoUv": false },
												"east": { "texture": "#plaindark", "uv": [ 3.5, 13.5, 4.0, 14.0 ], "autoUv": false },
												"south": { "texture": "#plaindark", "uv": [ 6.5, 5.5, 10.5, 6.0 ], "autoUv": false },
												"west": { "texture": "#plaindark", "uv": [ 2.0, 4.0, 2.5, 4.5 ], "autoUv": false },
												"up": { "texture": "#plaindark", "uv": [ 1.0, 5.5, 5.0, 6.0 ], "autoUv": false },
												"down": { "texture": "#plaindark", "uv": [ 2.0, 15.0, 6.0, 15.5 ], "autoUv": false }
											},
											"children": [
												{
													"name": "ReinsAcross",
													"from": [ 7.1773, 0.0, 0.0 ],
													"to": [ 7.7593, 0.9699, 7.0 ],
													"rotationOrigin": [ 7.1773, 0.0, 0.0 ],
													"rotationX": 7.0,
													"rotationY": 26.5,
													"faces": {
														"north": { "texture": "#plaindark", "uv": [ 11.5, 8.0, 12.0, 8.5 ], "autoUv": false },
														"east": { "texture": "#plaindark", "uv": [ 4.0, 2.0, 14.0, 2.5 ], "autoUv": false },
														"south": { "texture": "#plaindark", "uv": [ 3.0, 8.5, 3.5, 9.0 ], "autoUv": false },
														"west": { "texture": "#plaindark", "uv": [ 5.0, 2.5, 15.0, 3.0 ], "autoUv": false },
														"up": { "texture": "#plaindark", "uv": [ 4.0, 5.0, 4.5, 15.0 ], "autoUv": false },
														"down": { "texture": "#plaindark", "uv": [ 0.5, 3.5, 1.0, 13.5 ], "autoUv": false }
													}
												},
												{
													"name": "LinenWrapgroup4",
													"from": [ 1.9373, -0.3162, 0.0445 ],
													"to": [ 1.9373, -0.3162, 0.0445 ],
													"rotationOrigin": [ 0.1003, 0.541, 0.167 ],
													"rotationX": 2.5343,
													"rotationY": 0.5969,
													"rotationZ": 6.0672,
													"faces": {
														"north": { "texture": "#plain", "uv": [ 0.0, 0.0, 0.5, 0.5 ], "autoUv": false },
														"east": { "texture": "#plain", "uv": [ 0.0, 0.0, 0.5, 0.5 ], "autoUv": false },
														"south": { "texture": "#plain", "uv": [ 0.0, 0.0, 0.5, 0.5 ], "autoUv": false },
														"west": { "texture": "#plain", "uv": [ 0.0, 0.0, 0.5, 0.5 ], "autoUv": false },
														"up": { "texture": "#plain", "uv": [ 0.0, 0.0, 0.5, 0.5 ], "autoUv": false },
														"down": { "texture": "#plain", "uv": [ 0.0, 0.0, 0.5, 0.5 ], "autoUv": false }
													},
													"children": [
														{
															"name": "linenwrap12",
															"from": [ 0.0, -0.0612, -0.1225 ],
															"to": [ 0.2449, 1.1634, 0.6735 ],
															"faces": {
																"north": { "texture": "#normal1", "uv": [ 1.0, 1.0, 2.0, 3.0 ], "autoUv": false },
																"east": { "texture": "#normal1", "uv": [ 1.0, 1.5, 2.5, 3.5 ], "autoUv": false },
																"south": { "texture": "#normal1", "uv": [ 0.5, 0.5, 1.5, 2.5 ], "autoUv": false },
																"west": { "texture": "#normal1", "uv": [ 1.5, 1.5, 2.5, 3.5 ], "autoUv": false },
																"up": { "texture": "#normal1", "uv": [ 1.0, 1.5, 2.0, 4.0 ], "autoUv": false },
																"down": { "texture": "#normal1", "uv": [ 1.0, 2.0, 2.0, 4.5 ], "autoUv": false }
															}
														},
														{
															"name": "linenwrap13",
															"from": [ 0.3674, -0.1225, -0.1225 ],
															"to": [ 0.6123, 1.1022, 0.6735 ],
															"rotationOrigin": [ 0.0, 0.0, 0.0 ],
															"rotationZ": 8.0,
															"faces": {
																"north": { "texture": "#normal1", "uv": [ 1.0, 1.0, 2.0, 3.0 ], "autoUv": false },
																"east": { "texture": "#normal1", "uv": [ 1.0, 1.5, 2.5, 3.5 ], "autoUv": false },
																"south": { "texture": "#normal1", "uv": [ 0.5, 0.5, 1.5, 2.5 ], "autoUv": false },
																"west": { "texture": "#normal1", "uv": [ 1.5, 1.5, 2.5, 3.5 ], "autoUv": false },
																"up": { "texture": "#normal1", "uv": [ 1.0, 1.5, 2.0, 4.0 ], "autoUv": false },
																"down": { "texture": "#normal1", "uv": [ 1.0, 2.0, 2.0, 4.5 ], "autoUv": false }
															}
														},
														{
															"name": "linenwrap14",
															"from": [ 1.592, -0.1225, -0.1225 ],
															"to": [ 1.837, 1.1022, 0.6735 ],
															"rotationOrigin": [ 1.2246, 0.0, 0.0 ],
															"rotationZ": -7.5,
															"faces": {
																"north": { "texture": "#normal1", "uv": [ 1.0, 1.0, 2.0, 3.0 ], "autoUv": false },
																"east": { "texture": "#normal1", "uv": [ 1.0, 1.5, 2.5, 3.5 ], "autoUv": false },
																"south": { "texture": "#normal1", "uv": [ 0.5, 0.5, 1.5, 2.5 ], "autoUv": false },
																"west": { "texture": "#normal1", "uv": [ 1.5, 1.5, 2.5, 3.5 ], "autoUv": false },
																"up": { "texture": "#normal1", "uv": [ 1.0, 1.5, 2.0, 4.0 ], "autoUv": false },
																"down": { "texture": "#normal1", "uv": [ 1.0, 2.0, 2.0, 4.5 ], "autoUv": false }
															}
														},
														{
															"name": "linenwrap15",
															"from": [ -0.8572, -0.0367, -0.0612 ],
															"to": [ -0.6123, 1.1879, 0.7348 ],
															"rotationOrigin": [ -1.2246, 0.0, 0.0 ],
															"rotationZ": 5.5,
															"faces": {
																"north": { "texture": "#normal1", "uv": [ 1.0, 1.0, 2.0, 3.0 ], "autoUv": false },
																"east": { "texture": "#normal1", "uv": [ 1.0, 1.5, 2.5, 3.5 ], "autoUv": false },
																"south": { "texture": "#normal1", "uv": [ 0.5, 0.5, 1.5, 2.5 ], "autoUv": false },
																"west": { "texture": "#normal1", "uv": [ 1.5, 1.5, 2.5, 3.5 ], "autoUv": false },
																"up": { "texture": "#normal1", "uv": [ 1.0, 1.5, 2.0, 4.0 ], "autoUv": false },
																"down": { "texture": "#normal1", "uv": [ 1.0, 2.0, 2.0, 4.5 ], "autoUv": false }
															}
														},
														{
															"name": "linenwrap16",
															"from": [ 4.0413, -0.4286, -0.1347 ],
															"to": [ 4.2862, 0.796, 0.6613 ],
															"rotationOrigin": [ 4.0413, -0.0367, 0.0 ],
															"rotationZ": 1.5,
															"faces": {
																"north": { "texture": "#normal1", "uv": [ 1.0, 1.0, 2.0, 3.0 ], "autoUv": false },
																"east": { "texture": "#normal1", "uv": [ 1.0, 1.5, 2.5, 3.5 ], "autoUv": false },
																"south": { "texture": "#normal1", "uv": [ 0.5, 0.5, 1.5, 2.5 ], "autoUv": false },
																"west": { "texture": "#normal1", "uv": [ 1.5, 1.5, 2.5, 3.5 ], "autoUv": false },
																"up": { "texture": "#normal1", "uv": [ 1.0, 1.5, 2.0, 4.0 ], "autoUv": false },
																"down": { "texture": "#normal1", "uv": [ 1.0, 2.0, 2.0, 4.5 ], "autoUv": false }
															}
														}
													]
												}
											]
										},
										{
											"name": "LinenWrapgroup3",
											"from": [ -2.6975, 2.7432, 1.5308 ],
											"to": [ -2.6975, 2.7432, 1.5308 ],
											"rotationOrigin": [ -2.6975, 2.8879, 2.1821 ],
											"rotationX": 11.53,
											"rotationY": 17.5,
											"rotationZ": -44.0,
											"faces": {
												"north": { "texture": "#plain", "uv": [ 0.0, 0.0, 0.5, 0.5 ], "autoUv": false },
												"east": { "texture": "#plain", "uv": [ 0.0, 0.0, 0.5, 0.5 ], "autoUv": false },
												"south": { "texture": "#plain", "uv": [ 0.0, 0.0, 0.5, 0.5 ], "autoUv": false },
												"west": { "texture": "#plain", "uv": [ 0.0, 0.0, 0.5, 0.5 ], "autoUv": false },
												"up": { "texture": "#plain", "uv": [ 0.0, 0.0, 0.5, 0.5 ], "autoUv": false },
												"down": { "texture": "#plain", "uv": [ 0.0, 0.0, 0.5, 0.5 ], "autoUv": false }
											},
											"children": [
												{
													"name": "linenwrap9",
													"from": [ 0.0, -0.1225, -0.1225 ],
													"to": [ 0.2449, 1.1022, 0.6735 ],
													"faces": {
														"north": { "texture": "#normal1", "uv": [ 1.0, 1.0, 2.0, 3.0 ], "autoUv": false },
														"east": { "texture": "#normal1", "uv": [ 1.0, 1.5, 2.5, 3.5 ], "autoUv": false },
														"south": { "texture": "#normal1", "uv": [ 0.5, 0.5, 1.5, 2.5 ], "autoUv": false },
														"west": { "texture": "#normal1", "uv": [ 1.5, 1.5, 2.5, 3.5 ], "autoUv": false },
														"up": { "texture": "#normal1", "uv": [ 1.0, 1.5, 2.0, 4.0 ], "autoUv": false },
														"down": { "texture": "#normal1", "uv": [ 1.0, 2.0, 2.0, 4.5 ], "autoUv": false }
													}
												},
												{
													"name": "linenwrap10",
													"from": [ 0.3674, -0.1837, -0.1225 ],
													"to": [ 0.6123, 1.0409, 0.6735 ],
													"rotationOrigin": [ 0.0, 0.0, 0.0 ],
													"rotationZ": 8.0,
													"faces": {
														"north": { "texture": "#normal1", "uv": [ 1.0, 1.0, 2.0, 3.0 ], "autoUv": false },
														"east": { "texture": "#normal1", "uv": [ 1.0, 1.5, 2.5, 3.5 ], "autoUv": false },
														"south": { "texture": "#normal1", "uv": [ 0.5, 0.5, 1.5, 2.5 ], "autoUv": false },
														"west": { "texture": "#normal1", "uv": [ 1.5, 1.5, 2.5, 3.5 ], "autoUv": false },
														"up": { "texture": "#normal1", "uv": [ 1.0, 1.5, 2.0, 4.0 ], "autoUv": false },
														"down": { "texture": "#normal1", "uv": [ 1.0, 2.0, 2.0, 4.5 ], "autoUv": false }
													}
												},
												{
													"name": "linenwrap11",
													"from": [ 1.592, -0.0367, -0.1225 ],
													"to": [ 1.837, 1.1879, 0.6735 ],
													"rotationOrigin": [ 1.2246, 0.0, 0.0 ],
													"rotationZ": -7.5,
													"faces": {
														"north": { "texture": "#normal1", "uv": [ 1.0, 1.0, 2.0, 3.0 ], "autoUv": false },
														"east": { "texture": "#normal1", "uv": [ 1.0, 1.5, 2.5, 3.5 ], "autoUv": false },
														"south": { "texture": "#normal1", "uv": [ 0.5, 0.5, 1.5, 2.5 ], "autoUv": false },
														"west": { "texture": "#normal1", "uv": [ 1.5, 1.5, 2.5, 3.5 ], "autoUv": false },
														"up": { "texture": "#normal1", "uv": [ 1.0, 1.5, 2.0, 4.0 ], "autoUv": false },
														"down": { "texture": "#normal1", "uv": [ 1.0, 2.0, 2.0, 4.5 ], "autoUv": false }
													}
												},
												{
													"name": "dragonteeth2",
													"from": [ 0.0, 0.0, 0.1966 ],
													"to": [ 0.0, 0.0, 0.1966 ],
													"rotationOrigin": [ 0.0, 0.0, 0.1966 ],
													"faces": {
														"north": { "texture": "#plain", "uv": [ 0.0, 0.0, 0.5, 0.5 ], "autoUv": false },
														"east": { "texture": "#plain", "uv": [ 0.0, 0.0, 0.5, 0.5 ], "autoUv": false },
														"south": { "texture": "#plain", "uv": [ 0.0, 0.0, 0.5, 0.5 ], "autoUv": false },
														"west": { "texture": "#plain", "uv": [ 0.0, 0.0, 0.5, 0.5 ], "autoUv": false },
														"up": { "texture": "#plain", "uv": [ 0.0, 0.0, 0.5, 0.5 ], "autoUv": false },
														"down": { "texture": "#plain", "uv": [ 0.0, 0.0, 0.5, 0.5 ], "autoUv": false }
													},
													"children": [
														{
															"name": "Cube175",
															"from": [ -0.0917, -0.796, -0.0107 ],
															"to": [ 0.2797, -0.2654, 0.3078 ],
															"rotationOrigin": [ 0.3184, -0.743, 0.0 ],
															"rotationZ": -3.0,
															"faces": {
																"north": { "texture": "#wyvernskeletion1", "uv": [ 2.25, 12.0, 3.75, 15.5 ], "rotation": 180, "autoUv": false },
																"east": { "texture": "#wyvernskeletion1", "uv": [ 2.25, 11.25, 3.75, 15.25 ], "rotation": 180, "autoUv": false },
																"south": { "texture": "#wyvernskeletion1", "uv": [ 2.0, 11.75, 3.5, 15.25 ], "rotation": 180, "autoUv": false },
																"west": { "texture": "#wyvernskeletion1", "uv": [ 2.25, 11.75, 3.75, 15.25 ], "rotation": 180, "autoUv": false },
																"up": { "texture": "#wyvernskeletion1", "uv": [ 1.75, 14.5, 3.25, 16.0 ], "autoUv": false },
																"down": { "texture": "#wyvernskeletion1", "uv": [ 0.25, 9.25, 1.5, 10.5 ], "autoUv": false }
															},
															"children": [
																{
																	"name": "Cube176",
																	"from": [ 0.053, -0.5308, 0.0107 ],
																	"to": [ 0.3184, 0.1062, 0.2759 ],
																	"rotationOrigin": [ 0.053, 0.0, 0.0107 ],
																	"rotationZ": 22.5,
																	"faces": {
																		"north": { "texture": "#wyvernskeletion1", "uv": [ 0.25, 7.5, 1.0, 10.25 ], "rotation": 180, "autoUv": false },
																		"east": { "texture": "#wyvernskeletion1", "uv": [ 0.25, 8.0, 1.0, 10.75 ], "rotation": 180, "autoUv": false },
																		"south": { "texture": "#wyvernskeletion1", "uv": [ 0.0, 8.0, 1.0, 10.75 ], "rotation": 180, "autoUv": false },
																		"west": { "texture": "#wyvernskeletion1", "uv": [ 0.0, 8.0, 0.75, 10.5 ], "rotation": 180, "autoUv": false },
																		"up": { "texture": "#wyvernskeletion1", "uv": [ 2.25, 8.75, 3.5, 10.0 ], "autoUv": false },
																		"down": { "texture": "#wyvernskeletion1", "uv": [ 0.0, 7.0, 0.75, 8.25 ], "autoUv": false }
																	}
																},
																{
																	"name": "Cube177",
																	"from": [ -0.0107, 0.3184, -0.0107 ],
																	"to": [ 0.3821, 0.5838, 0.3502 ],
																	"rotationOrigin": [ 0.0, 0.3184, 0.0 ],
																	"faces": {
																		"north": { "texture": "#plainblack", "uv": [ 0.0, 0.0, 0.5, 0.5 ], "autoUv": false },
																		"east": { "texture": "#plainblack", "uv": [ 0.0, 0.0, 0.5, 0.5 ], "autoUv": false },
																		"south": { "texture": "#plainblack", "uv": [ 0.0, 0.0, 0.5, 0.5 ], "autoUv": false },
																		"west": { "texture": "#plainblack", "uv": [ 0.0, 0.0, 0.5, 0.5 ], "autoUv": false },
																		"up": { "texture": "#plainblack", "uv": [ 0.0, 0.0, 0.5, 0.5 ], "autoUv": false },
																		"down": { "texture": "#plainblack", "uv": [ 0.0, 0.0, 0.5, 0.5 ], "autoUv": false }
																	}
																},
																{
																	"name": "Cube178",
																	"from": [ 0.0, 0.467, 0.1062 ],
																	"to": [ 0.3184, 0.5201, 0.2122 ],
																	"rotationOrigin": [ 0.0, 0.4776, 0.138 ],
																	"rotationZ": 45.0,
																	"faces": {
																		"north": { "texture": "#plainblack", "uv": [ 0.0, 0.0, 0.5, 0.5 ], "autoUv": false },
																		"east": { "texture": "#plainblack", "uv": [ 0.0, 0.0, 0.5, 0.5 ], "autoUv": false },
																		"south": { "texture": "#plainblack", "uv": [ 0.0, 0.0, 0.5, 0.5 ], "autoUv": false },
																		"west": { "texture": "#plainblack", "uv": [ 0.0, 0.0, 0.5, 0.5 ], "autoUv": false },
																		"up": { "texture": "#plainblack", "uv": [ 0.0, 0.0, 0.5, 0.5 ], "autoUv": false },
																		"down": { "texture": "#plainblack", "uv": [ 0.0, 0.0, 0.5, 0.5 ], "autoUv": false }
																	}
																},
																{
																	"name": "Cube179",
																	"from": [ 0.3714, 0.4458, 0.1167 ],
																	"to": [ 0.6687, 0.4988, 0.2229 ],
																	"rotationOrigin": [ 0.3714, 0.4776, 0.138 ],
																	"rotationZ": 128.0,
																	"faces": {
																		"north": { "texture": "#plainblack", "uv": [ 0.0, 0.0, 0.5, 0.5 ], "autoUv": false },
																		"east": { "texture": "#plainblack", "uv": [ 0.0, 0.0, 0.5, 0.5 ], "autoUv": false },
																		"south": { "texture": "#plainblack", "uv": [ 0.0, 0.0, 0.5, 0.5 ], "autoUv": false },
																		"west": { "texture": "#plainblack", "uv": [ 0.0, 0.0, 0.5, 0.5 ], "autoUv": false },
																		"up": { "texture": "#plainblack", "uv": [ 0.0, 0.0, 0.5, 0.5 ], "autoUv": false },
																		"down": { "texture": "#plainblack", "uv": [ 0.0, 0.0, 0.5, 0.5 ], "autoUv": false }
																	}
																}
															]
														},
														{
															"name": "Cube180",
															"from": [ 0.3931, -0.9828, -0.0131 ],
															"to": [ 0.8517, -0.3276, 0.38 ],
															"rotationOrigin": [ 0.3931, -0.9173, 0.0 ],
															"rotationZ": 7.0,
															"faces": {
																"north": { "texture": "#wyvernskeletion1", "uv": [ 2.25, 12.0, 3.75, 15.5 ], "rotation": 180, "autoUv": false },
																"east": { "texture": "#wyvernskeletion1", "uv": [ 2.25, 11.25, 3.75, 15.25 ], "rotation": 180, "autoUv": false },
																"south": { "texture": "#wyvernskeletion1", "uv": [ 2.0, 11.75, 3.5, 15.25 ], "rotation": 180, "autoUv": false },
																"west": { "texture": "#wyvernskeletion1", "uv": [ 2.25, 11.75, 3.75, 15.25 ], "rotation": 180, "autoUv": false },
																"up": { "texture": "#wyvernskeletion1", "uv": [ 1.75, 14.5, 3.25, 16.0 ], "autoUv": false },
																"down": { "texture": "#wyvernskeletion1", "uv": [ 0.25, 9.25, 1.5, 10.5 ], "autoUv": false }
															},
															"children": [
																{
																	"name": "Cube181",
																	"from": [ 0.0655, -0.6552, 0.0131 ],
																	"to": [ 0.3931, 0.131, 0.3407 ],
																	"rotationOrigin": [ 0.0655, 0.0, 0.0131 ],
																	"rotationZ": 22.5,
																	"faces": {
																		"north": { "texture": "#wyvernskeletion1", "uv": [ 0.0, 7.75, 1.0, 10.5 ], "rotation": 180, "autoUv": false },
																		"east": { "texture": "#wyvernskeletion1", "uv": [ 0.25, 8.0, 1.0, 10.75 ], "rotation": 180, "autoUv": false },
																		"south": { "texture": "#wyvernskeletion1", "uv": [ 0.0, 8.0, 1.0, 10.75 ], "rotation": 180, "autoUv": false },
																		"west": { "texture": "#wyvernskeletion1", "uv": [ 0.25, 8.0, 1.0, 10.75 ], "rotation": 180, "autoUv": false },
																		"up": { "texture": "#wyvernskeletion1", "uv": [ 2.25, 8.75, 3.5, 10.0 ], "autoUv": false },
																		"down": { "texture": "#wyvernskeletion1", "uv": [ 0.0, 7.0, 0.75, 8.25 ], "autoUv": false }
																	}
																},
																{
																	"name": "Cube182",
																	"from": [ -0.0131, 0.3931, -0.0131 ],
																	"to": [ 0.4717, 0.7207, 0.4324 ],
																	"rotationOrigin": [ 0.0, 0.3931, 0.0 ],
																	"faces": {
																		"north": { "texture": "#plainblack", "uv": [ 0.0, 0.0, 0.5, 0.5 ], "autoUv": false },
																		"east": { "texture": "#plainblack", "uv": [ 0.0, 0.0, 0.5, 0.5 ], "autoUv": false },
																		"south": { "texture": "#plainblack", "uv": [ 0.0, 0.0, 0.5, 0.5 ], "autoUv": false },
																		"west": { "texture": "#plainblack", "uv": [ 0.0, 0.0, 0.5, 0.5 ], "autoUv": false },
																		"up": { "texture": "#plainblack", "uv": [ 0.0, 0.0, 0.5, 0.5 ], "autoUv": false },
																		"down": { "texture": "#plainblack", "uv": [ 0.0, 0.0, 0.5, 0.5 ], "autoUv": false }
																	}
																},
																{
																	"name": "Cube183",
																	"from": [ 0.0, 0.5766, 0.131 ],
																	"to": [ 0.3931, 0.6421, 0.2621 ],
																	"rotationOrigin": [ 0.0, 0.5897, 0.1703 ],
																	"rotationZ": 45.0,
																	"faces": {
																		"north": { "texture": "#plainblack", "uv": [ 0.0, 0.0, 0.5, 0.5 ], "autoUv": false },
																		"east": { "texture": "#plainblack", "uv": [ 0.0, 0.0, 0.5, 0.5 ], "autoUv": false },
																		"south": { "texture": "#plainblack", "uv": [ 0.0, 0.0, 0.5, 0.5 ], "autoUv": false },
																		"west": { "texture": "#plainblack", "uv": [ 0.0, 0.0, 0.5, 0.5 ], "autoUv": false },
																		"up": { "texture": "#plainblack", "uv": [ 0.0, 0.0, 0.5, 0.5 ], "autoUv": false },
																		"down": { "texture": "#plainblack", "uv": [ 0.0, 0.0, 0.5, 0.5 ], "autoUv": false }
																	}
																},
																{
																	"name": "Cube184",
																	"from": [ 0.4586, 0.5504, 0.1441 ],
																	"to": [ 0.8255, 0.6159, 0.2752 ],
																	"rotationOrigin": [ 0.4586, 0.5897, 0.1703 ],
																	"rotationZ": 128.0,
																	"faces": {
																		"north": { "texture": "#plainblack", "uv": [ 0.0, 0.0, 0.5, 0.5 ], "autoUv": false },
																		"east": { "texture": "#plainblack", "uv": [ 0.0, 0.0, 0.5, 0.5 ], "autoUv": false },
																		"south": { "texture": "#plainblack", "uv": [ 0.0, 0.0, 0.5, 0.5 ], "autoUv": false },
																		"west": { "texture": "#plainblack", "uv": [ 0.0, 0.0, 0.5, 0.5 ], "autoUv": false },
																		"up": { "texture": "#plainblack", "uv": [ 0.0, 0.0, 0.5, 0.5 ], "autoUv": false },
																		"down": { "texture": "#plainblack", "uv": [ 0.0, 0.0, 0.5, 0.5 ], "autoUv": false }
																	}
																}
															]
														},
														{
															"name": "Cube185",
															"from": [ 1.4818, -0.76, -0.0107 ],
															"to": [ 1.8532, -0.2294, 0.3078 ],
															"rotationOrigin": [ 1.4818, -0.76, 0.0 ],
															"rotationZ": -5.0,
															"faces": {
																"north": { "texture": "#wyvernskeletion1", "uv": [ 2.25, 12.0, 3.75, 15.5 ], "rotation": 180, "autoUv": false },
																"east": { "texture": "#wyvernskeletion1", "uv": [ 2.25, 11.25, 3.75, 15.25 ], "rotation": 180, "autoUv": false },
																"south": { "texture": "#wyvernskeletion1", "uv": [ 2.0, 11.75, 3.5, 15.25 ], "rotation": 180, "autoUv": false },
																"west": { "texture": "#wyvernskeletion1", "uv": [ 2.25, 11.75, 3.75, 15.25 ], "rotation": 180, "autoUv": false },
																"up": { "texture": "#wyvernskeletion1", "uv": [ 1.75, 14.5, 3.25, 16.0 ], "autoUv": false },
																"down": { "texture": "#wyvernskeletion1", "uv": [ 0.25, 9.25, 1.5, 10.5 ], "autoUv": false }
															},
															"children": [
																{
																	"name": "Cube186",
																	"from": [ 0.053, -0.5308, 0.0107 ],
																	"to": [ 0.3184, 0.1062, 0.2759 ],
																	"rotationOrigin": [ 0.053, 0.0, 0.0107 ],
																	"rotationZ": 22.5,
																	"faces": {
																		"north": { "texture": "#wyvernskeletion1", "uv": [ 0.0, 8.0, 1.0, 10.5 ], "rotation": 180, "autoUv": false },
																		"east": { "texture": "#wyvernskeletion1", "uv": [ 0.25, 8.0, 1.0, 10.75 ], "rotation": 180, "autoUv": false },
																		"south": { "texture": "#wyvernskeletion1", "uv": [ 0.0, 8.0, 1.0, 10.75 ], "rotation": 180, "autoUv": false },
																		"west": { "texture": "#wyvernskeletion1", "uv": [ 0.0, 8.0, 1.0, 10.5 ], "rotation": 180, "autoUv": false },
																		"up": { "texture": "#wyvernskeletion1", "uv": [ 2.25, 8.75, 3.5, 10.0 ], "autoUv": false },
																		"down": { "texture": "#wyvernskeletion1", "uv": [ 0.0, 7.0, 0.75, 8.25 ], "autoUv": false }
																	}
																},
																{
																	"name": "Cube187",
																	"from": [ -0.0107, 0.3184, -0.0107 ],
																	"to": [ 0.3821, 0.5838, 0.3502 ],
																	"rotationOrigin": [ 0.0, 0.3184, 0.0 ],
																	"faces": {
																		"north": { "texture": "#plainblack", "uv": [ 0.0, 0.0, 0.5, 0.5 ], "autoUv": false },
																		"east": { "texture": "#plainblack", "uv": [ 0.0, 0.0, 0.5, 0.5 ], "autoUv": false },
																		"south": { "texture": "#plainblack", "uv": [ 0.0, 0.0, 0.5, 0.5 ], "autoUv": false },
																		"west": { "texture": "#plainblack", "uv": [ 0.0, 0.0, 0.5, 0.5 ], "autoUv": false },
																		"up": { "texture": "#plainblack", "uv": [ 0.0, 0.0, 0.5, 0.5 ], "autoUv": false },
																		"down": { "texture": "#plainblack", "uv": [ 0.0, 0.0, 0.5, 0.5 ], "autoUv": false }
																	}
																},
																{
																	"name": "Cube188",
																	"from": [ 0.0, 0.467, 0.1062 ],
																	"to": [ 0.3184, 0.5201, 0.2122 ],
																	"rotationOrigin": [ 0.0, 0.4776, 0.138 ],
																	"rotationZ": 45.0,
																	"faces": {
																		"north": { "texture": "#plainblack", "uv": [ 0.0, 0.0, 0.5, 0.5 ], "autoUv": false },
																		"east": { "texture": "#plainblack", "uv": [ 0.0, 0.0, 0.5, 0.5 ], "autoUv": false },
																		"south": { "texture": "#plainblack", "uv": [ 0.0, 0.0, 0.5, 0.5 ], "autoUv": false },
																		"west": { "texture": "#plainblack", "uv": [ 0.0, 0.0, 0.5, 0.5 ], "autoUv": false },
																		"up": { "texture": "#plainblack", "uv": [ 0.0, 0.0, 0.5, 0.5 ], "autoUv": false },
																		"down": { "texture": "#plainblack", "uv": [ 0.0, 0.0, 0.5, 0.5 ], "autoUv": false }
																	}
																},
																{
																	"name": "Cube189",
																	"from": [ 0.3714, 0.4458, 0.1167 ],
																	"to": [ 0.6687, 0.4988, 0.2229 ],
																	"rotationOrigin": [ 0.3714, 0.4776, 0.138 ],
																	"rotationZ": 128.0,
																	"faces": {
																		"north": { "texture": "#plainblack", "uv": [ 0.0, 0.0, 0.5, 0.5 ], "autoUv": false },
																		"east": { "texture": "#plainblack", "uv": [ 0.0, 0.0, 0.5, 0.5 ], "autoUv": false },
																		"south": { "texture": "#plainblack", "uv": [ 0.0, 0.0, 0.5, 0.5 ], "autoUv": false },
																		"west": { "texture": "#plainblack", "uv": [ 0.0, 0.0, 0.5, 0.5 ], "autoUv": false },
																		"up": { "texture": "#plainblack", "uv": [ 0.0, 0.0, 0.5, 0.5 ], "autoUv": false },
																		"down": { "texture": "#plainblack", "uv": [ 0.0, 0.0, 0.5, 0.5 ], "autoUv": false }
																	}
																}
															]
														}
													]
												}
											]
										}
									]
								}
							]
						},
						{
							"name": "ReinsS1",
							"from": [ 5.2659, 2.9024, 8.5724 ],
							"to": [ 12.6137, 3.8723, 9.1544 ],
							"rotationOrigin": [ 5.2659, 3.15, 8.5724 ],
							"rotationX": 6.52,
							"rotationY": -18.96,
							"rotationZ": 12.0,
							"faces": {
								"north": { "texture": "#plaindark", "uv": [ 2.5, 7.5, 7.5, 8.0 ], "autoUv": false },
								"east": { "texture": "#plaindark", "uv": [ 5.5, 8.5, 6.0, 9.0 ], "autoUv": false },
								"south": { "texture": "#plaindark", "uv": [ 0.0, 3.5, 5.0, 4.0 ], "autoUv": false },
								"west": { "texture": "#plaindark", "uv": [ 8.0, 14.0, 8.5, 14.5 ], "autoUv": false },
								"up": { "texture": "#plaindark", "uv": [ 1.0, 4.0, 6.0, 4.5 ], "autoUv": false },
								"down": { "texture": "#plaindark", "uv": [ 3.0, 14.5, 8.0, 15.0 ], "autoUv": false }
							},
							"children": [
								{
									"name": "ReinsS3",
									"from": [ 7.1694, -0.0326, -0.1734 ],
									"to": [ 13.8685, 0.9373, 0.4085 ],
									"rotationOrigin": [ 7.1694, -0.0326, -0.1734 ],
									"rotationX": -0.379,
									"rotationY": 25.412,
									"rotationZ": 40.168,
									"faces": {
										"north": { "texture": "#plaindark", "uv": [ 7.0, 4.5, 12.0, 5.0 ], "autoUv": false },
										"east": { "texture": "#plaindark", "uv": [ 3.5, 12.0, 4.0, 12.5 ], "autoUv": false },
										"south": { "texture": "#plaindark", "uv": [ 5.0, 8.5, 10.0, 9.0 ], "autoUv": false },
										"west": { "texture": "#plaindark", "uv": [ 8.5, 10.0, 9.0, 10.5 ], "autoUv": false },
										"up": { "texture": "#plaindark", "uv": [ 5.5, 11.0, 10.5, 11.5 ], "autoUv": false },
										"down": { "texture": "#plaindark", "uv": [ 9.0, 2.5, 14.0, 3.0 ], "autoUv": false }
									},
									"children": [
										{
											"name": "ReinsS4",
											"from": [ 6.45, 0.0, 0.0 ],
											"to": [ 14.2093, 0.9699, 0.5819 ],
											"rotationOrigin": [ 6.6991, 0.0, 0.0 ],
											"rotationY": 22.5,
											"rotationZ": -3.0,
											"faces": {
												"north": { "texture": "#plaindark", "uv": [ 4.5, 7.0, 8.5, 7.5 ], "autoUv": false },
												"east": { "texture": "#plaindark", "uv": [ 6.5, 5.5, 7.0, 6.0 ], "autoUv": false },
												"south": { "texture": "#plaindark", "uv": [ 0.5, 6.5, 4.5, 7.0 ], "autoUv": false },
												"west": { "texture": "#plaindark", "uv": [ 0.0, 8.0, 0.5, 8.5 ], "autoUv": false },
												"up": { "texture": "#plaindark", "uv": [ 1.5, 12.0, 5.5, 12.5 ], "autoUv": false },
												"down": { "texture": "#plaindark", "uv": [ 11.0, 12.0, 15.0, 12.5 ], "autoUv": false }
											},
											"children": [
												{
													"name": "LinenWrapgroup2",
													"from": [ 2.3342, -0.1902, -0.0721 ],
													"to": [ 2.3342, -0.1902, -0.0721 ],
													"rotationOrigin": [ 0.4972, -0.2514, -0.0721 ],
													"rotationX": 0.5486,
													"rotationY": -1.1061,
													"rotationZ": 3.1408,
													"faces": {
														"north": { "texture": "#plain", "uv": [ 0.0, 0.0, 0.5, 0.5 ], "autoUv": false },
														"east": { "texture": "#plain", "uv": [ 0.0, 0.0, 0.5, 0.5 ], "autoUv": false },
														"south": { "texture": "#plain", "uv": [ 0.0, 0.0, 0.5, 0.5 ], "autoUv": false },
														"west": { "texture": "#plain", "uv": [ 0.0, 0.0, 0.5, 0.5 ], "autoUv": false },
														"up": { "texture": "#plain", "uv": [ 0.0, 0.0, 0.5, 0.5 ], "autoUv": false },
														"down": { "texture": "#plain", "uv": [ 0.0, 0.0, 0.5, 0.5 ], "autoUv": false }
													},
													"children": [
														{
															"name": "linenwrap4",
															"from": [ 0.0, -0.1225, -0.1225 ],
															"to": [ 0.2449, 1.1022, 0.6735 ],
															"faces": {
																"north": { "texture": "#normal1", "uv": [ 1.0, 1.0, 2.0, 3.0 ], "autoUv": false },
																"east": { "texture": "#normal1", "uv": [ 1.0, 1.5, 2.5, 3.5 ], "autoUv": false },
																"south": { "texture": "#normal1", "uv": [ 0.5, 0.5, 1.5, 2.5 ], "autoUv": false },
																"west": { "texture": "#normal1", "uv": [ 1.5, 1.5, 2.5, 3.5 ], "autoUv": false },
																"up": { "texture": "#normal1", "uv": [ 1.0, 1.5, 2.0, 4.0 ], "autoUv": false },
																"down": { "texture": "#normal1", "uv": [ 1.0, 2.0, 2.0, 4.5 ], "autoUv": false }
															}
														},
														{
															"name": "linenwrap5",
															"from": [ 0.3674, -0.1837, -0.1225 ],
															"to": [ 0.6123, 1.0409, 0.6735 ],
															"rotationOrigin": [ 0.0, 0.0, 0.0 ],
															"rotationZ": 8.0,
															"faces": {
																"north": { "texture": "#normal1", "uv": [ 1.0, 1.0, 2.0, 3.0 ], "autoUv": false },
																"east": { "texture": "#normal1", "uv": [ 1.0, 1.5, 2.5, 3.5 ], "autoUv": false },
																"south": { "texture": "#normal1", "uv": [ 0.5, 0.5, 1.5, 2.5 ], "autoUv": false },
																"west": { "texture": "#normal1", "uv": [ 1.5, 1.5, 2.5, 3.5 ], "autoUv": false },
																"up": { "texture": "#normal1", "uv": [ 1.0, 1.5, 2.0, 4.0 ], "autoUv": false },
																"down": { "texture": "#normal1", "uv": [ 1.0, 2.0, 2.0, 4.5 ], "autoUv": false }
															}
														},
														{
															"name": "linenwrap6",
															"from": [ 1.592, -0.0367, -0.1225 ],
															"to": [ 1.837, 1.1879, 0.6735 ],
															"rotationOrigin": [ 1.2246, 0.0, 0.0 ],
															"rotationZ": -7.5,
															"faces": {
																"north": { "texture": "#normal1", "uv": [ 1.0, 1.0, 2.0, 3.0 ], "autoUv": false },
																"east": { "texture": "#normal1", "uv": [ 1.0, 1.5, 2.5, 3.5 ], "autoUv": false },
																"south": { "texture": "#normal1", "uv": [ 0.5, 0.5, 1.5, 2.5 ], "autoUv": false },
																"west": { "texture": "#normal1", "uv": [ 1.5, 1.5, 2.5, 3.5 ], "autoUv": false },
																"up": { "texture": "#normal1", "uv": [ 1.0, 1.5, 2.0, 4.0 ], "autoUv": false },
																"down": { "texture": "#normal1", "uv": [ 1.0, 2.0, 2.0, 4.5 ], "autoUv": false }
															}
														},
														{
															"name": "linenwrap7",
															"from": [ -0.8572, -0.0367, -0.0612 ],
															"to": [ -0.6123, 1.1879, 0.7348 ],
															"rotationOrigin": [ -1.2246, 0.0, 0.0 ],
															"rotationZ": 5.5,
															"faces": {
																"north": { "texture": "#normal1", "uv": [ 1.0, 1.0, 2.0, 3.0 ], "autoUv": false },
																"east": { "texture": "#normal1", "uv": [ 1.0, 1.5, 2.5, 3.5 ], "autoUv": false },
																"south": { "texture": "#normal1", "uv": [ 0.5, 0.5, 1.5, 2.5 ], "autoUv": false },
																"west": { "texture": "#normal1", "uv": [ 1.5, 1.5, 2.5, 3.5 ], "autoUv": false },
																"up": { "texture": "#normal1", "uv": [ 1.0, 1.5, 2.0, 4.0 ], "autoUv": false },
																"down": { "texture": "#normal1", "uv": [ 1.0, 2.0, 2.0, 4.5 ], "autoUv": false }
															}
														},
														{
															"name": "linenwrap8",
															"from": [ 4.0413, -0.3062, -0.1347 ],
															"to": [ 4.2862, 0.9185, 0.6613 ],
															"rotationOrigin": [ 4.0413, -0.0367, 0.0 ],
															"rotationZ": 1.5,
															"faces": {
																"north": { "texture": "#normal1", "uv": [ 1.0, 1.0, 2.0, 3.0 ], "autoUv": false },
																"east": { "texture": "#normal1", "uv": [ 1.0, 1.5, 2.5, 3.5 ], "autoUv": false },
																"south": { "texture": "#normal1", "uv": [ 0.5, 0.5, 1.5, 2.5 ], "autoUv": false },
																"west": { "texture": "#normal1", "uv": [ 1.5, 1.5, 2.5, 3.5 ], "autoUv": false },
																"up": { "texture": "#normal1", "uv": [ 1.0, 1.5, 2.0, 4.0 ], "autoUv": false },
																"down": { "texture": "#normal1", "uv": [ 1.0, 2.0, 2.0, 4.5 ], "autoUv": false }
															}
														}
													]
												}
											]
										}
									]
								},
								{
									"name": "LinenWrapgroup1",
									"from": [ 2.4472, -0.0023, 0.0028 ],
									"to": [ 2.4472, -0.0023, 0.0028 ],
									"rotationOrigin": [ 2.4472, -0.0023, 0.0028 ],
									"rotationX": 0.0,
									"rotationY": 0.0,
									"rotationZ": 0.0,
									"faces": {
										"north": { "texture": "#plain", "uv": [ 0.0, 0.0, 0.5, 0.5 ], "autoUv": false },
										"east": { "texture": "#plain", "uv": [ 0.0, 0.0, 0.5, 0.5 ], "autoUv": false },
										"south": { "texture": "#plain", "uv": [ 0.0, 0.0, 0.5, 0.5 ], "autoUv": false },
										"west": { "texture": "#plain", "uv": [ 0.0, 0.0, 0.5, 0.5 ], "autoUv": false },
										"up": { "texture": "#plain", "uv": [ 0.0, 0.0, 0.5, 0.5 ], "autoUv": false },
										"down": { "texture": "#plain", "uv": [ 0.0, 0.0, 0.5, 0.5 ], "autoUv": false }
									},
									"children": [
										{
											"name": "linenwrap1",
											"from": [ 0.0, -0.1225, -0.1225 ],
											"to": [ 0.2449, 1.1022, 0.6735 ],
											"faces": {
												"north": { "texture": "#normal1", "uv": [ 1.0, 1.0, 2.0, 3.0 ], "autoUv": false },
												"east": { "texture": "#normal1", "uv": [ 1.0, 1.5, 2.5, 3.5 ], "autoUv": false },
												"south": { "texture": "#normal1", "uv": [ 0.5, 0.5, 1.5, 2.5 ], "autoUv": false },
												"west": { "texture": "#normal1", "uv": [ 1.5, 1.5, 2.5, 3.5 ], "autoUv": false },
												"up": { "texture": "#normal1", "uv": [ 1.0, 1.5, 2.0, 4.0 ], "autoUv": false },
												"down": { "texture": "#normal1", "uv": [ 1.0, 2.0, 2.0, 4.5 ], "autoUv": false }
											}
										},
										{
											"name": "linenwrap2",
											"from": [ 0.3674, -0.1837, -0.1225 ],
											"to": [ 0.6123, 1.0409, 0.6735 ],
											"rotationOrigin": [ 0.0, 0.0, 0.0 ],
											"rotationZ": 8.0,
											"faces": {
												"north": { "texture": "#normal1", "uv": [ 1.0, 1.0, 2.0, 3.0 ], "autoUv": false },
												"east": { "texture": "#normal1", "uv": [ 1.0, 1.5, 2.5, 3.5 ], "autoUv": false },
												"south": { "texture": "#normal1", "uv": [ 0.5, 0.5, 1.5, 2.5 ], "autoUv": false },
												"west": { "texture": "#normal1", "uv": [ 1.5, 1.5, 2.5, 3.5 ], "autoUv": false },
												"up": { "texture": "#normal1", "uv": [ 1.0, 1.5, 2.0, 4.0 ], "autoUv": false },
												"down": { "texture": "#normal1", "uv": [ 1.0, 2.0, 2.0, 4.5 ], "autoUv": false }
											}
										},
										{
											"name": "linenwrap3",
											"from": [ 1.592, -0.0367, -0.1225 ],
											"to": [ 1.837, 1.1879, 0.6735 ],
											"rotationOrigin": [ 1.2246, 0.0, 0.0 ],
											"rotationZ": -7.5,
											"faces": {
												"north": { "texture": "#normal1", "uv": [ 1.0, 1.0, 2.0, 3.0 ], "autoUv": false },
												"east": { "texture": "#normal1", "uv": [ 1.0, 1.5, 2.5, 3.5 ], "autoUv": false },
												"south": { "texture": "#normal1", "uv": [ 0.5, 0.5, 1.5, 2.5 ], "autoUv": false },
												"west": { "texture": "#normal1", "uv": [ 1.5, 1.5, 2.5, 3.5 ], "autoUv": false },
												"up": { "texture": "#normal1", "uv": [ 1.0, 1.5, 2.0, 4.0 ], "autoUv": false },
												"down": { "texture": "#normal1", "uv": [ 1.0, 2.0, 2.0, 4.5 ], "autoUv": false }
											}
										},
										{
											"name": "dragonteeth1",
											"from": [ 0.0, 0.0, 0.1966 ],
											"to": [ 0.0, 0.0, 0.1966 ],
											"rotationOrigin": [ 0.0, 0.0, 0.1966 ],
											"faces": {
												"north": { "texture": "#plain", "uv": [ 0.0, 0.0, 0.5, 0.5 ], "autoUv": false },
												"east": { "texture": "#plain", "uv": [ 0.0, 0.0, 0.5, 0.5 ], "autoUv": false },
												"south": { "texture": "#plain", "uv": [ 0.0, 0.0, 0.5, 0.5 ], "autoUv": false },
												"west": { "texture": "#plain", "uv": [ 0.0, 0.0, 0.5, 0.5 ], "autoUv": false },
												"up": { "texture": "#plain", "uv": [ 0.0, 0.0, 0.5, 0.5 ], "autoUv": false },
												"down": { "texture": "#plain", "uv": [ 0.0, 0.0, 0.5, 0.5 ], "autoUv": false }
											},
											"children": [
												{
													"name": "Cube165",
													"from": [ -0.0917, -0.796, -0.0107 ],
													"to": [ 0.2797, -0.2654, 0.3078 ],
													"rotationOrigin": [ 0.3184, -0.743, 0.0 ],
													"rotationZ": -3.0,
													"faces": {
														"north": { "texture": "#wyvernskeletion1", "uv": [ 2.25, 12.0, 3.75, 15.5 ], "rotation": 180, "autoUv": false },
														"east": { "texture": "#wyvernskeletion1", "uv": [ 2.25, 11.25, 3.75, 15.25 ], "rotation": 180, "autoUv": false },
														"south": { "texture": "#wyvernskeletion1", "uv": [ 2.0, 11.75, 3.5, 15.25 ], "rotation": 180, "autoUv": false },
														"west": { "texture": "#wyvernskeletion1", "uv": [ 2.25, 11.75, 3.75, 15.25 ], "rotation": 180, "autoUv": false },
														"up": { "texture": "#wyvernskeletion1", "uv": [ 1.75, 14.5, 3.25, 16.0 ], "autoUv": false },
														"down": { "texture": "#wyvernskeletion1", "uv": [ 0.25, 9.25, 1.5, 10.5 ], "autoUv": false }
													},
													"children": [
														{
															"name": "Cube166",
															"from": [ 0.053, -0.5308, 0.0107 ],
															"to": [ 0.3184, 0.1062, 0.2759 ],
															"rotationOrigin": [ 0.053, 0.0, 0.0107 ],
															"rotationZ": 22.5,
															"faces": {
																"north": { "texture": "#wyvernskeletion1", "uv": [ 0.0, 7.75, 1.0, 10.5 ], "rotation": 180, "autoUv": false },
																"east": { "texture": "#wyvernskeletion1", "uv": [ 0.25, 8.0, 1.0, 10.75 ], "rotation": 180, "autoUv": false },
																"south": { "texture": "#wyvernskeletion1", "uv": [ 0.0, 8.0, 1.0, 10.75 ], "rotation": 180, "autoUv": false },
																"west": { "texture": "#wyvernskeletion1", "uv": [ 0.0, 8.0, 0.75, 10.5 ], "rotation": 180, "autoUv": false },
																"up": { "texture": "#wyvernskeletion1", "uv": [ 2.25, 8.75, 3.5, 10.0 ], "autoUv": false },
																"down": { "texture": "#wyvernskeletion1", "uv": [ 0.0, 7.0, 0.75, 8.25 ], "autoUv": false }
															}
														},
														{
															"name": "Cube167",
															"from": [ -0.0107, 0.3184, -0.0107 ],
															"to": [ 0.3821, 0.5838, 0.3502 ],
															"rotationOrigin": [ 0.0, 0.3184, 0.0 ],
															"faces": {
																"north": { "texture": "#plainblack", "uv": [ 0.0, 0.0, 0.5, 0.5 ], "autoUv": false },
																"east": { "texture": "#plainblack", "uv": [ 0.0, 0.0, 0.5, 0.5 ], "autoUv": false },
																"south": { "texture": "#plainblack", "uv": [ 0.0, 0.0, 0.5, 0.5 ], "autoUv": false },
																"west": { "texture": "#plainblack", "uv": [ 0.0, 0.0, 0.5, 0.5 ], "autoUv": false },
																"up": { "texture": "#plainblack", "uv": [ 0.0, 0.0, 0.5, 0.5 ], "autoUv": false },
																"down": { "texture": "#plainblack", "uv": [ 0.0, 0.0, 0.5, 0.5 ], "autoUv": false }
															}
														},
														{
															"name": "Cube168",
															"from": [ 0.0, 0.467, 0.1062 ],
															"to": [ 0.3184, 0.5201, 0.2122 ],
															"rotationOrigin": [ 0.0, 0.4776, 0.138 ],
															"rotationZ": 45.0,
															"faces": {
																"north": { "texture": "#plainblack", "uv": [ 0.0, 0.0, 0.5, 0.5 ], "autoUv": false },
																"east": { "texture": "#plainblack", "uv": [ 0.0, 0.0, 0.5, 0.5 ], "autoUv": false },
																"south": { "texture": "#plainblack", "uv": [ 0.0, 0.0, 0.5, 0.5 ], "autoUv": false },
																"west": { "texture": "#plainblack", "uv": [ 0.0, 0.0, 0.5, 0.5 ], "autoUv": false },
																"up": { "texture": "#plainblack", "uv": [ 0.0, 0.0, 0.5, 0.5 ], "autoUv": false },
																"down": { "texture": "#plainblack", "uv": [ 0.0, 0.0, 0.5, 0.5 ], "autoUv": false }
															}
														},
														{
															"name": "Cube169",
															"from": [ 0.3714, 0.4458, 0.1167 ],
															"to": [ 0.6687, 0.4988, 0.2229 ],
															"rotationOrigin": [ 0.3714, 0.4776, 0.138 ],
															"rotationZ": 128.0,
															"faces": {
																"north": { "texture": "#plainblack", "uv": [ 0.0, 0.0, 0.5, 0.5 ], "autoUv": false },
																"east": { "texture": "#plainblack", "uv": [ 0.0, 0.0, 0.5, 0.5 ], "autoUv": false },
																"south": { "texture": "#plainblack", "uv": [ 0.0, 0.0, 0.5, 0.5 ], "autoUv": false },
																"west": { "texture": "#plainblack", "uv": [ 0.0, 0.0, 0.5, 0.5 ], "autoUv": false },
																"up": { "texture": "#plainblack", "uv": [ 0.0, 0.0, 0.5, 0.5 ], "autoUv": false },
																"down": { "texture": "#plainblack", "uv": [ 0.0, 0.0, 0.5, 0.5 ], "autoUv": false }
															}
														}
													]
												},
												{
													"name": "Cube159",
													"from": [ 0.3931, -0.9828, -0.0131 ],
													"to": [ 0.8517, -0.3276, 0.38 ],
													"rotationOrigin": [ 0.3931, -0.9173, 0.0 ],
													"rotationZ": 7.0,
													"faces": {
														"north": { "texture": "#wyvernskeletion1", "uv": [ 2.25, 12.0, 3.75, 15.5 ], "rotation": 180, "autoUv": false },
														"east": { "texture": "#wyvernskeletion1", "uv": [ 2.25, 11.25, 3.75, 15.25 ], "rotation": 180, "autoUv": false },
														"south": { "texture": "#wyvernskeletion1", "uv": [ 2.0, 11.75, 3.5, 15.25 ], "rotation": 180, "autoUv": false },
														"west": { "texture": "#wyvernskeletion1", "uv": [ 2.25, 11.75, 3.75, 15.25 ], "rotation": 180, "autoUv": false },
														"up": { "texture": "#wyvernskeletion1", "uv": [ 1.75, 14.5, 3.25, 16.0 ], "autoUv": false },
														"down": { "texture": "#wyvernskeletion1", "uv": [ 0.25, 9.25, 1.5, 10.5 ], "autoUv": false }
													},
													"children": [
														{
															"name": "Cube158",
															"from": [ 0.0655, -0.6552, 0.0131 ],
															"to": [ 0.3931, 0.131, 0.3407 ],
															"rotationOrigin": [ 0.0655, 0.0, 0.0131 ],
															"rotationZ": 22.5,
															"faces": {
																"north": { "texture": "#wyvernskeletion1", "uv": [ 0.25, 8.0, 1.0, 10.75 ], "rotation": 180, "autoUv": false },
																"east": { "texture": "#wyvernskeletion1", "uv": [ 0.25, 8.0, 1.0, 10.75 ], "rotation": 180, "autoUv": false },
																"south": { "texture": "#wyvernskeletion1", "uv": [ 0.0, 8.0, 1.0, 10.75 ], "rotation": 180, "autoUv": false },
																"west": { "texture": "#wyvernskeletion1", "uv": [ 0.0, 8.0, 0.75, 10.5 ], "rotation": 180, "autoUv": false },
																"up": { "texture": "#wyvernskeletion1", "uv": [ 2.25, 8.75, 3.5, 10.0 ], "autoUv": false },
																"down": { "texture": "#wyvernskeletion1", "uv": [ 0.0, 7.0, 0.75, 8.25 ], "autoUv": false }
															}
														},
														{
															"name": "Cube160",
															"from": [ -0.0131, 0.3931, -0.0131 ],
															"to": [ 0.4717, 0.7207, 0.4324 ],
															"rotationOrigin": [ 0.0, 0.3931, 0.0 ],
															"faces": {
																"north": { "texture": "#plainblack", "uv": [ 0.0, 0.0, 0.5, 0.5 ], "autoUv": false },
																"east": { "texture": "#plainblack", "uv": [ 0.0, 0.0, 0.5, 0.5 ], "autoUv": false },
																"south": { "texture": "#plainblack", "uv": [ 0.0, 0.0, 0.5, 0.5 ], "autoUv": false },
																"west": { "texture": "#plainblack", "uv": [ 0.0, 0.0, 0.5, 0.5 ], "autoUv": false },
																"up": { "texture": "#plainblack", "uv": [ 0.0, 0.0, 0.5, 0.5 ], "autoUv": false },
																"down": { "texture": "#plainblack", "uv": [ 0.0, 0.0, 0.5, 0.5 ], "autoUv": false }
															}
														},
														{
															"name": "Cube163",
															"from": [ 0.0, 0.5766, 0.131 ],
															"to": [ 0.3931, 0.6421, 0.2621 ],
															"rotationOrigin": [ 0.0, 0.5897, 0.1703 ],
															"rotationZ": 45.0,
															"faces": {
																"north": { "texture": "#plainblack", "uv": [ 0.0, 0.0, 0.5, 0.5 ], "autoUv": false },
																"east": { "texture": "#plainblack", "uv": [ 0.0, 0.0, 0.5, 0.5 ], "autoUv": false },
																"south": { "texture": "#plainblack", "uv": [ 0.0, 0.0, 0.5, 0.5 ], "autoUv": false },
																"west": { "texture": "#plainblack", "uv": [ 0.0, 0.0, 0.5, 0.5 ], "autoUv": false },
																"up": { "texture": "#plainblack", "uv": [ 0.0, 0.0, 0.5, 0.5 ], "autoUv": false },
																"down": { "texture": "#plainblack", "uv": [ 0.0, 0.0, 0.5, 0.5 ], "autoUv": false }
															}
														},
														{
															"name": "Cube164",
															"from": [ 0.4586, 0.5504, 0.1441 ],
															"to": [ 0.8255, 0.6159, 0.2752 ],
															"rotationOrigin": [ 0.4586, 0.5897, 0.1703 ],
															"rotationZ": 128.0,
															"faces": {
																"north": { "texture": "#plainblack", "uv": [ 0.0, 0.0, 0.5, 0.5 ], "autoUv": false },
																"east": { "texture": "#plainblack", "uv": [ 0.0, 0.0, 0.5, 0.5 ], "autoUv": false },
																"south": { "texture": "#plainblack", "uv": [ 0.0, 0.0, 0.5, 0.5 ], "autoUv": false },
																"west": { "texture": "#plainblack", "uv": [ 0.0, 0.0, 0.5, 0.5 ], "autoUv": false },
																"up": { "texture": "#plainblack", "uv": [ 0.0, 0.0, 0.5, 0.5 ], "autoUv": false },
																"down": { "texture": "#plainblack", "uv": [ 0.0, 0.0, 0.5, 0.5 ], "autoUv": false }
															}
														}
													]
												},
												{
													"name": "Cube170",
													"from": [ 1.4818, -0.76, -0.0107 ],
													"to": [ 1.8532, -0.2294, 0.3078 ],
													"rotationOrigin": [ 1.4818, -0.76, 0.0 ],
													"rotationZ": -5.0,
													"faces": {
														"north": { "texture": "#wyvernskeletion1", "uv": [ 2.25, 12.0, 3.75, 15.5 ], "rotation": 180, "autoUv": false },
														"east": { "texture": "#wyvernskeletion1", "uv": [ 2.25, 11.25, 3.75, 15.25 ], "rotation": 180, "autoUv": false },
														"south": { "texture": "#wyvernskeletion1", "uv": [ 2.0, 11.75, 3.5, 15.25 ], "rotation": 180, "autoUv": false },
														"west": { "texture": "#wyvernskeletion1", "uv": [ 2.25, 11.75, 3.75, 15.25 ], "rotation": 180, "autoUv": false },
														"up": { "texture": "#wyvernskeletion1", "uv": [ 1.75, 14.5, 3.25, 16.0 ], "autoUv": false },
														"down": { "texture": "#wyvernskeletion1", "uv": [ 0.25, 9.25, 1.5, 10.5 ], "autoUv": false }
													},
													"children": [
														{
															"name": "Cube171",
															"from": [ 0.053, -0.5308, 0.0107 ],
															"to": [ 0.3184, 0.1062, 0.2759 ],
															"rotationOrigin": [ 0.053, 0.0, 0.0107 ],
															"rotationZ": 22.5,
															"faces": {
																"north": { "texture": "#wyvernskeletion1", "uv": [ 0.0, 8.0, 0.75, 10.75 ], "rotation": 180, "autoUv": false },
																"east": { "texture": "#wyvernskeletion1", "uv": [ 0.25, 8.0, 1.0, 10.75 ], "rotation": 180, "autoUv": false },
																"south": { "texture": "#wyvernskeletion1", "uv": [ 0.0, 8.0, 1.0, 10.75 ], "rotation": 180, "autoUv": false },
																"west": { "texture": "#wyvernskeletion1", "uv": [ 0.25, 7.75, 1.0, 10.25 ], "rotation": 180, "autoUv": false },
																"up": { "texture": "#wyvernskeletion1", "uv": [ 2.25, 8.75, 3.5, 10.0 ], "autoUv": false },
																"down": { "texture": "#wyvernskeletion1", "uv": [ 0.0, 7.0, 0.75, 8.25 ], "autoUv": false }
															}
														},
														{
															"name": "Cube172",
															"from": [ -0.0107, 0.3184, -0.0107 ],
															"to": [ 0.3821, 0.5838, 0.3502 ],
															"rotationOrigin": [ 0.0, 0.3184, 0.0 ],
															"faces": {
																"north": { "texture": "#plainblack", "uv": [ 0.0, 0.0, 0.5, 0.5 ], "autoUv": false },
																"east": { "texture": "#plainblack", "uv": [ 0.0, 0.0, 0.5, 0.5 ], "autoUv": false },
																"south": { "texture": "#plainblack", "uv": [ 0.0, 0.0, 0.5, 0.5 ], "autoUv": false },
																"west": { "texture": "#plainblack", "uv": [ 0.0, 0.0, 0.5, 0.5 ], "autoUv": false },
																"up": { "texture": "#plainblack", "uv": [ 0.0, 0.0, 0.5, 0.5 ], "autoUv": false },
																"down": { "texture": "#plainblack", "uv": [ 0.0, 0.0, 0.5, 0.5 ], "autoUv": false }
															}
														},
														{
															"name": "Cube173",
															"from": [ 0.0, 0.467, 0.1062 ],
															"to": [ 0.3184, 0.5201, 0.2122 ],
															"rotationOrigin": [ 0.0, 0.4776, 0.138 ],
															"rotationZ": 45.0,
															"faces": {
																"north": { "texture": "#plainblack", "uv": [ 0.0, 0.0, 0.5, 0.5 ], "autoUv": false },
																"east": { "texture": "#plainblack", "uv": [ 0.0, 0.0, 0.5, 0.5 ], "autoUv": false },
																"south": { "texture": "#plainblack", "uv": [ 0.0, 0.0, 0.5, 0.5 ], "autoUv": false },
																"west": { "texture": "#plainblack", "uv": [ 0.0, 0.0, 0.5, 0.5 ], "autoUv": false },
																"up": { "texture": "#plainblack", "uv": [ 0.0, 0.0, 0.5, 0.5 ], "autoUv": false },
																"down": { "texture": "#plainblack", "uv": [ 0.0, 0.0, 0.5, 0.5 ], "autoUv": false }
															}
														},
														{
															"name": "Cube174",
															"from": [ 0.3714, 0.4458, 0.1167 ],
															"to": [ 0.6687, 0.4988, 0.2229 ],
															"rotationOrigin": [ 0.3714, 0.4776, 0.138 ],
															"rotationZ": 128.0,
															"faces": {
																"north": { "texture": "#plainblack", "uv": [ 0.0, 0.0, 0.5, 0.5 ], "autoUv": false },
																"east": { "texture": "#plainblack", "uv": [ 0.0, 0.0, 0.5, 0.5 ], "autoUv": false },
																"south": { "texture": "#plainblack", "uv": [ 0.0, 0.0, 0.5, 0.5 ], "autoUv": false },
																"west": { "texture": "#plainblack", "uv": [ 0.0, 0.0, 0.5, 0.5 ], "autoUv": false },
																"up": { "texture": "#plainblack", "uv": [ 0.0, 0.0, 0.5, 0.5 ], "autoUv": false },
																"down": { "texture": "#plainblack", "uv": [ 0.0, 0.0, 0.5, 0.5 ], "autoUv": false }
															}
														}
													]
												}
											]
										}
									]
								}
							]
						},
						{
							"name": "Cube156",
							"from": [ 4.8985, 0.6123, 1.2246 ],
							"to": [ 6.1232, 1.2246, 7.9601 ],
							"rotationOrigin": [ 4.8985, 0.0, 1.2246 ],
							"rotationZ": 5.0,
							"faces": {
								"north": { "texture": "#plaindark", "uv": [ 0.0, 0.0, 1.0, 0.5 ], "autoUv": false },
								"east": { "texture": "#plaindark", "uv": [ 0.0, 0.0, 5.5, 0.5 ], "autoUv": false },
								"south": { "texture": "#plaindark", "uv": [ 0.0, 0.0, 1.0, 0.5 ], "autoUv": false },
								"west": { "texture": "#plaindark", "uv": [ 0.0, 0.0, 5.5, 0.5 ], "autoUv": false },
								"up": { "texture": "#plaindark", "uv": [ 0.0, 0.0, 1.0, 5.5 ], "autoUv": false },
								"down": { "texture": "#plaindark", "uv": [ 0.0, 0.0, 1.0, 5.5 ], "autoUv": false }
							},
							"children": [
								{
									"name": "Cube157",
									"from": [ 0.0122, -0.0612, -0.3062 ],
									"to": [ 1.2369, 1.7757, 0.1837 ],
									"rotationOrigin": [ 0.0, 0.0, -0.1837 ],
									"rotationX": -16.0,
									"faces": {
										"north": { "texture": "#plaindark", "uv": [ 0.0, 0.0, 1.0, 1.5 ], "autoUv": false },
										"east": { "texture": "#plaindark", "uv": [ 0.0, 0.0, 0.5, 1.5 ], "autoUv": false },
										"south": { "texture": "#plaindark", "uv": [ 0.0, 0.0, 1.0, 1.5 ], "autoUv": false },
										"west": { "texture": "#plaindark", "uv": [ 0.0, 0.0, 0.5, 1.5 ], "autoUv": false },
										"up": { "texture": "#plaindark", "uv": [ 0.0, 0.0, 1.0, 0.5 ], "autoUv": false },
										"down": { "texture": "#plaindark", "uv": [ 0.0, 0.0, 1.0, 0.5 ], "autoUv": false }
									}
								},
								{
									"name": "Cube161",
									"from": [ 0.0122, 0.0612, 6.5518 ],
									"to": [ 1.2369, 1.8982, 7.0417 ],
									"rotationOrigin": [ 0.0, 0.0, 6.5518 ],
									"rotationX": 16.0,
									"faces": {
										"north": { "texture": "#plaindark", "uv": [ 0.0, 0.0, 1.0, 1.5 ], "autoUv": false },
										"east": { "texture": "#plaindark", "uv": [ 0.0, 0.0, 0.5, 1.5 ], "autoUv": false },
										"south": { "texture": "#plaindark", "uv": [ 0.0, 0.0, 1.0, 1.5 ], "autoUv": false },
										"west": { "texture": "#plaindark", "uv": [ 0.0, 0.0, 0.5, 1.5 ], "autoUv": false },
										"up": { "texture": "#plaindark", "uv": [ 0.0, 0.0, 1.0, 0.5 ], "autoUv": false },
										"down": { "texture": "#plaindark", "uv": [ 0.0, 0.0, 1.0, 0.5 ], "autoUv": false }
									}
								}
							]
						}
					]
				}
			]
		}
	]}