{
	"editor": {
		"backDropShape": "C:/Users/Vies/Documents/GitHub/Mods-VintageStoryNet7/Mod-MythicLegends/mythiclegends/resources/mythiclegends/assets/mythiclegends/shapes/entities/land/wyvern/ridgeback/ridgeback-male-adult",
		"allAngles": true,
		"entityTextureMode": false
	},
	"textureWidth": 16,
	"textureHeight": 16,
	"textureSizes": {
	},
	"textures": {
	},
	"elements": [
		{
			"name": "ORIGINhaybed",
			"stepParentName": "BedrollParent",
			"from": [ 0.0, 0.0, 1.5 ],
			"to": [ 5.0, 5.0, 10.5 ],
			"rotationOrigin": [ 0.0, 0.0, 1.5 ],
			"faces": {
			},
			"children": [
				{
					"name": "StrawBedBody",
					"from": [ 0.0, 0.0, 0.0 ],
					"to": [ 5.0, 5.0, 9.0 ],
					"rotationOrigin": [ 0.0, 0.0, 0.0 ],
					"rotationZ": -8.0,
					"faces": {
						"north": { "texture": "#hay", "uv": [ 0.0, 0.0, 5.0, 5.0 ] },
						"east": { "texture": "#hay", "uv": [ 11.0, 4.0, 16.0, 13.0 ], "rotation": 90 },
						"south": { "texture": "#hay", "uv": [ 0.0, 0.0, 5.0, 5.0 ] },
						"west": { "texture": "#hay", "uv": [ 3.0, 4.0, 8.0, 13.0 ], "rotation": 90 },
						"up": { "texture": "#hay", "uv": [ 2.0, 4.0, 7.0, 13.0 ] },
						"down": { "texture": "#hay", "uv": [ 6.0, 4.0, 11.0, 13.0 ] }
					},
					"children": [
						{
							"name": "StrawBedends",
							"from": [ 2.0, 2.0, 9.0 ],
							"to": [ 5.0, 5.0, 12.0 ],
							"rotationOrigin": [ 2.0, 2.0, 9.0 ],
							"rotationX": -10.0,
							"rotationY": 10.0,
							"faces": {
								"north": { "texture": "#hay", "uv": [ 0.0, 0.0, 3.0, 3.0 ] },
								"east": { "texture": "#hay", "uv": [ 11.0, 4.0, 14.0, 7.0 ], "rotation": 90 },
								"south": { "texture": "#hay", "uv": [ 0.0, 0.0, 3.0, 3.0 ] },
								"west": { "texture": "#hay", "uv": [ 3.0, 4.0, 6.0, 7.0 ], "rotation": 90 },
								"up": { "texture": "#hay", "uv": [ 2.0, 4.0, 5.0, 7.0 ] },
								"down": { "texture": "#hay", "uv": [ 6.0, 4.0, 9.0, 7.0 ] }
							}
						},
						{
							"name": "StrawBedends2",
							"from": [ 0.0, 2.0, 9.0 ],
							"to": [ 3.0, 5.0, 12.0 ],
							"rotationOrigin": [ 3.0, 2.0, 9.0 ],
							"rotationX": -10.0,
							"rotationY": -10.0,
							"rotationZ": 1.0,
							"faces": {
								"north": { "texture": "#hay", "uv": [ 7.5, 1.5, 10.5, 4.5 ] },
								"east": { "texture": "#hay", "uv": [ 0.0, 8.5, 3.0, 11.5 ], "rotation": 90 },
								"south": { "texture": "#hay", "uv": [ 6.0, 8.5, 9.0, 11.5 ] },
								"west": { "texture": "#hay", "uv": [ 0.0, 10.0, 3.0, 13.0 ], "rotation": 90 },
								"up": { "texture": "#hay", "uv": [ 2.0, 9.5, 5.0, 12.5 ] },
								"down": { "texture": "#hay", "uv": [ 2.5, 11.0, 5.5, 14.0 ] }
							}
						},
						{
							"name": "StrawBedends3",
							"from": [ 2.0, 0.0, 9.0 ],
							"to": [ 5.0, 3.0, 12.0 ],
							"rotationOrigin": [ 2.0, 3.0, 9.0 ],
							"rotationX": 10.0,
							"rotationY": 10.0,
							"faces": {
								"north": { "texture": "#hay", "uv": [ 11.5, 1.5, 14.5, 4.5 ] },
								"east": { "texture": "#hay", "uv": [ 7.0, 8.0, 10.0, 11.0 ], "rotation": 90 },
								"south": { "texture": "#hay", "uv": [ 3.0, 0.0, 6.0, 3.0 ] },
								"west": { "texture": "#hay", "uv": [ 1.5, 0.0, 4.5, 3.0 ], "rotation": 90 },
								"up": { "texture": "#hay", "uv": [ 4.5, 11.5, 7.5, 14.5 ] },
								"down": { "texture": "#hay", "uv": [ 6.0, 8.0, 9.0, 11.0 ] }
							}
						},
						{
							"name": "StrawBedends4",
							"from": [ 0.0, 0.0, 9.0 ],
							"to": [ 3.0, 3.0, 12.0 ],
							"rotationOrigin": [ 3.0, 3.0, 9.0 ],
							"rotationX": 10.0,
							"rotationY": -10.0,
							"faces": {
								"north": { "texture": "#hay", "uv": [ 11.5, 1.5, 14.5, 4.5 ] },
								"east": { "texture": "#hay", "uv": [ 7.0, 8.0, 10.0, 11.0 ], "rotation": 90 },
								"south": { "texture": "#hay", "uv": [ 3.0, 0.0, 6.0, 3.0 ] },
								"west": { "texture": "#hay", "uv": [ 1.5, 0.0, 4.5, 3.0 ], "rotation": 90 },
								"up": { "texture": "#hay", "uv": [ 4.5, 11.5, 7.5, 14.5 ] },
								"down": { "texture": "#hay", "uv": [ 6.0, 8.0, 9.0, 11.0 ] }
							}
						},
						{
							"name": "StrawBedends5",
							"from": [ 0.0, 0.0, -2.0 ],
							"to": [ 3.0, 3.0, 1.0 ],
							"rotationOrigin": [ 0.0, 0.0, 1.0 ],
							"rotationX": -10.0,
							"rotationY": 10.0,
							"faces": {
								"north": { "texture": "#hay", "uv": [ 0.0, 0.0, 3.0, 3.0 ] },
								"east": { "texture": "#hay", "uv": [ 11.0, 4.0, 14.0, 7.0 ], "rotation": 90 },
								"south": { "texture": "#hay", "uv": [ 0.0, 0.0, 3.0, 3.0 ] },
								"west": { "texture": "#hay", "uv": [ 3.0, 4.0, 6.0, 7.0 ], "rotation": 90 },
								"up": { "texture": "#hay", "uv": [ 2.0, 4.0, 5.0, 7.0 ] },
								"down": { "texture": "#hay", "uv": [ 6.0, 4.0, 9.0, 7.0 ] }
							}
						},
						{
							"name": "StrawBedends6",
							"from": [ 2.0, 0.0, -2.0 ],
							"to": [ 5.0, 3.0, 1.0 ],
							"rotationOrigin": [ 5.0, 0.0, 1.0 ],
							"rotationX": -10.0,
							"rotationY": -10.0,
							"rotationZ": 1.0,
							"faces": {
								"north": { "texture": "#hay", "uv": [ 7.5, 1.5, 10.5, 4.5 ] },
								"east": { "texture": "#hay", "uv": [ 5.0, 10.0, 8.0, 13.0 ], "rotation": 90 },
								"south": { "texture": "#hay", "uv": [ 6.0, 8.5, 9.0, 11.5 ] },
								"west": { "texture": "#hay", "uv": [ 0.0, 10.0, 3.0, 13.0 ], "rotation": 90 },
								"up": { "texture": "#hay", "uv": [ 2.0, 9.5, 5.0, 12.5 ] },
								"down": { "texture": "#hay", "uv": [ 2.5, 11.0, 5.5, 14.0 ] }
							}
						},
						{
							"name": "StrawBedends7",
							"from": [ 0.0, 2.0, -3.0 ],
							"to": [ 3.0, 5.0, 0.0 ],
							"rotationOrigin": [ 3.0, 5.0, 0.0 ],
							"rotationX": 10.0,
							"rotationY": 10.0,
							"faces": {
								"north": { "texture": "#hay", "uv": [ 11.5, 1.5, 14.5, 4.5 ] },
								"east": { "texture": "#hay", "uv": [ 7.0, 8.0, 10.0, 11.0 ], "rotation": 90 },
								"south": { "texture": "#hay", "uv": [ 3.0, 0.0, 6.0, 3.0 ] },
								"west": { "texture": "#hay", "uv": [ 1.5, 0.0, 4.5, 3.0 ], "rotation": 90 },
								"up": { "texture": "#hay", "uv": [ 6.0, 1.5, 9.0, 4.5 ] },
								"down": { "texture": "#hay", "uv": [ 6.0, 8.0, 9.0, 11.0 ] }
							}
						},
						{
							"name": "StrawBedends8",
							"from": [ 2.0, 2.0, -3.0 ],
							"to": [ 5.0, 5.0, 0.0 ],
							"rotationOrigin": [ 2.0, 5.0, 0.0 ],
							"rotationX": 10.0,
							"rotationY": -10.0,
							"rotationZ": 1.0,
							"faces": {
								"north": { "texture": "#hay", "uv": [ 11.5, 1.5, 14.5, 4.5 ] },
								"east": { "texture": "#hay", "uv": [ 6.5, 10.0, 9.5, 13.0 ], "rotation": 90 },
								"south": { "texture": "#hay", "uv": [ 3.0, 0.0, 6.0, 3.0 ] },
								"west": { "texture": "#hay", "uv": [ 1.5, 0.0, 4.5, 3.0 ], "rotation": 90 },
								"up": { "texture": "#hay", "uv": [ 4.5, 10.0, 7.5, 13.0 ] },
								"down": { "texture": "#hay", "uv": [ 6.0, 8.0, 9.0, 11.0 ] }
							}
						}
					]
				}
			]
		}
	],
	"animations": [
		{
			"name": "idle",
			"code": "idle",
			"quantityframes": 60,
			"onActivityStopped": "Rewind",
			"onAnimationEnd": "Repeat",
			"keyframes": [

			]
		}
	]
}