{
	"editor": {
		"collapsedPaths": "Root/ORIGINbridle/ORIGINstraps/ReinsS1/LinenWrapgroup1,Root/ORIGINbridle/ORIGINstraps/ReinsN1/ReinsN3/LinenWrapgroup3",
		"allAngles": true,
		"entityTextureMode": false
	},
	"textureWidth": 16,
	"textureHeight": 16,
	"textureSizes": {
		"plain": [16,16]
	},
	"textures": {
	},
	"elements": [
		{
			"name": "ORIGINbridle",
			"stepParentName": "neck2",
			"from": [ 2.75, -0.4, 6.12 ],
			"to": [ 3.54, 0.39, 6.912 ],
			"rotationOrigin": [ 2.956, -0.22, 5.832 ],
			"rotationZ": -9.5,
			"faces": {
			},
			"children": [
				{
					"name": "ORIGINstraps",
					"from": [ 0.0, 0.0, 0.0 ],
					"to": [ 0.792, 0.792, 0.792 ],
					"faces": {
					},
					"children": [
						{
							"name": "BitEndN2",
							"from": [ 1.845, 0.805, 0.035 ],
							"to": [ 2.7162, 1.6762, 0.3518 ],
							"rotationOrigin": [ 1.8432, 0.8056, -0.2376 ],
							"rotationZ": 10.5,
							"faces": {
								"north": { "texture": "#brass", "uv": [ 4.5, 7.5, 5.5, 8.5 ], "autoUv": false },
								"east": { "texture": "#brass", "uv": [ 10.5, 10.0, 11.0, 11.0 ], "autoUv": false },
								"south": { "texture": "#brass", "uv": [ 12.0, 7.0, 13.0, 8.0 ], "autoUv": false },
								"west": { "texture": "#brass", "uv": [ 8.5, 5.0, 9.0, 6.0 ], "autoUv": false },
								"up": { "texture": "#brass", "uv": [ 8.5, 10.0, 9.5, 10.5 ], "autoUv": false },
								"down": { "texture": "#brass", "uv": [ 1.0, 0.0, 2.0, 0.5 ], "autoUv": false }
							},
							"children": [
								{
									"name": "BitEndN3",
									"from": [ 0.0, 0.0, 3.4 ],
									"to": [ 0.8712, 0.8712, 3.7168 ],
									"rotationOrigin": [ 0.0, 0.0, 3.4 ],
									"faces": {
										"north": { "texture": "#brass", "uv": [ 4.5, 7.5, 5.5, 8.5 ], "autoUv": false },
										"east": { "texture": "#brass", "uv": [ 10.5, 10.0, 11.0, 11.0 ], "autoUv": false },
										"south": { "texture": "#brass", "uv": [ 12.0, 7.0, 13.0, 8.0 ], "autoUv": false },
										"west": { "texture": "#brass", "uv": [ 8.5, 5.0, 9.0, 6.0 ], "autoUv": false },
										"up": { "texture": "#brass", "uv": [ 8.5, 10.0, 9.5, 10.5 ], "autoUv": false },
										"down": { "texture": "#brass", "uv": [ 1.0, 0.0, 2.0, 0.5 ], "autoUv": false }
									}
								}
							]
						},
						{
							"name": "StrapTop",
							"from": [ 2.0, 2.85, 0.2 ],
							"to": [ 2.395, 3.925, 0.4 ],
							"rotationOrigin": [ 2.0, 3.0, 0.425 ],
							"rotationX": 38.0,
							"rotationY": 5.0,
							"rotationZ": 3.0,
							"faces": {
								"north": { "texture": "#plaindark", "uv": [ 0.0, 0.0, 0.5, 2.5 ], "autoUv": false },
								"east": { "texture": "#plaindark", "uv": [ 0.0, 0.0, 0.5, 2.5 ], "autoUv": false, "windMode": [-1,-1,-1,-1] },
								"south": { "texture": "#plaindark", "uv": [ 0.0, 0.0, 0.5, 2.5 ], "autoUv": false, "windMode": [-1,-1,-1,-1] },
								"west": { "texture": "#plaindark", "uv": [ 0.0, 0.0, 0.5, 2.5 ], "autoUv": false },
								"up": { "texture": "#plaindark", "uv": [ 0.0, 0.0, 0.5, 0.5 ], "autoUv": false },
								"down": { "texture": "#plaindark", "uv": [ 0.0, 0.0, 0.5, 0.5 ], "autoUv": false, "windMode": [-1,-1,-1,-1] }
							}
						},
						{
							"name": "StrapTop2",
							"from": [ 2.0, 3.0, 3.35 ],
							"to": [ 2.396, 4.0, 3.5876 ],
							"rotationOrigin": [ 1.965, 3.125, 3.5 ],
							"rotationX": -38.0,
							"rotationY": -5.0,
							"rotationZ": 3.0,
							"faces": {
								"north": { "texture": "#plaindark", "uv": [ 0.0, 0.0, 0.5, 2.5 ], "autoUv": false },
								"east": { "texture": "#plaindark", "uv": [ 0.0, 0.0, 0.5, 2.5 ], "autoUv": false },
								"south": { "texture": "#plaindark", "uv": [ 0.0, 0.0, 0.5, 2.5 ], "autoUv": false },
								"west": { "texture": "#plaindark", "uv": [ 0.0, 0.0, 0.5, 2.5 ], "autoUv": false },
								"up": { "texture": "#plaindark", "uv": [ 0.0, 0.0, 0.5, 0.5 ], "autoUv": false },
								"down": { "texture": "#plaindark", "uv": [ 0.0, 0.0, 0.5, 0.5 ], "autoUv": false, "windMode": [-1,-1,-1,-1] }
							}
						},
						{
							"name": "StrapTop3",
							"from": [ 2.0, 3.65, 0.825 ],
							"to": [ 2.5, 3.85, 3.08 ],
							"rotationOrigin": [ 2.0, 3.365, 0.825 ],
							"rotationZ": 13.0,
							"faces": {
								"north": { "texture": "#plaindark", "uv": [ 0.0, 0.0, 0.5, 0.5 ], "autoUv": false, "windMode": [-1,-1,-1,-1], "windData": [1,1,1,1] },
								"east": { "texture": "#plaindark", "uv": [ 0.0, 0.0, 4.0, 0.5 ], "autoUv": false },
								"south": { "texture": "#plaindark", "uv": [ 0.0, 0.0, 0.5, 0.5 ], "autoUv": false, "windMode": [-1,-1,-1,-1], "windData": [1,1,1,1] },
								"west": { "texture": "#plaindark", "uv": [ 0.0, 0.0, 4.0, 0.5 ], "autoUv": false },
								"up": { "texture": "#plaindark", "uv": [ 0.0, 0.0, 0.5, 4.0 ], "autoUv": false }
							}
						},
						{
							"name": "StrapTop4",
							"from": [ 1.995, 1.72, 0.125 ],
							"to": [ 2.39, 3.02, 0.375 ],
							"rotationOrigin": [ 1.995, 1.72, 0.175 ],
							"faces": {
								"north": { "texture": "#plaindark", "uv": [ 0.0, 0.0, 0.5, 2.5 ], "autoUv": false },
								"east": { "texture": "#plaindark", "uv": [ 0.0, 0.0, 0.5, 2.5 ], "autoUv": false },
								"south": { "texture": "#plaindark", "uv": [ 0.0, 0.0, 0.5, 2.5 ], "autoUv": false },
								"west": { "texture": "#plaindark", "uv": [ 0.0, 0.0, 0.5, 2.5 ], "autoUv": false },
								"up": { "texture": "#plaindark", "uv": [ 0.0, 0.0, 0.5, 0.5 ], "autoUv": false },
								"down": { "texture": "#plaindark", "uv": [ 0.0, 0.0, 0.5, 0.5 ], "autoUv": false }
							}
						},
						{
							"name": "StrapTop5",
							"from": [ 1.995, 1.72, 3.45 ],
							"to": [ 2.39, 3.02, 3.7 ],
							"rotationOrigin": [ 1.995, 1.72, 3.45 ],
							"rotationX": -4.0,
							"faces": {
								"north": { "texture": "#plaindark", "uv": [ 0.0, 0.0, 0.5, 2.5 ], "autoUv": false },
								"east": { "texture": "#plaindark", "uv": [ 0.0, 0.0, 0.5, 2.5 ], "autoUv": false },
								"south": { "texture": "#plaindark", "uv": [ 0.0, 0.0, 0.5, 2.5 ], "autoUv": false },
								"west": { "texture": "#plaindark", "uv": [ 0.0, 0.0, 0.5, 2.5 ], "autoUv": false },
								"up": { "texture": "#plaindark", "uv": [ 0.0, 0.0, 0.5, 0.5 ], "autoUv": false },
								"down": { "texture": "#plaindark", "uv": [ 0.0, 0.0, 0.5, 0.5 ], "autoUv": false }
							}
						},
						{
							"name": "ReinsN1",
							"from": [ 2.1496, 1.175, -0.04 ],
							"to": [ 4.9996, 1.571, 0.1976 ],
							"rotationOrigin": [ 2.1476, 1.1758, -0.0401 ],
							"rotationX": -6.518,
							"rotationY": 18.96,
							"rotationZ": 11.45,
							"faces": {
								"north": { "texture": "#plaindark", "uv": [ 4.5, 6.0, 9.5, 6.5 ], "autoUv": false },
								"east": { "texture": "#plaindark", "uv": [ 9.5, 13.5, 10.0, 14.0 ], "autoUv": false },
								"south": { "texture": "#plaindark", "uv": [ 5.5, 11.5, 10.5, 12.0 ], "autoUv": false },
								"west": { "texture": "#plaindark", "uv": [ 10.0, 9.5, 10.5, 10.0 ], "autoUv": false },
								"up": { "texture": "#plaindark", "uv": [ 4.0, 13.0, 9.0, 13.5 ], "autoUv": false },
								"down": { "texture": "#plaindark", "uv": [ 8.5, 1.0, 13.5, 1.5 ], "autoUv": false }
							}
						},
						{
							"name": "ReinsS1",
							"from": [ 2.15, 1.185, 3.5 ],
							"to": [ 5.15, 1.581, 3.7376 ],
							"rotationOrigin": [ 2.15, 1.2861, 3.5 ],
							"rotationX": 6.52,
							"rotationY": -18.96,
							"rotationZ": 12.0,
							"faces": {
								"north": { "texture": "#plaindark", "uv": [ 2.5, 7.5, 7.5, 8.0 ], "autoUv": false },
								"east": { "texture": "#plaindark", "uv": [ 5.5, 8.5, 6.0, 9.0 ], "autoUv": false },
								"south": { "texture": "#plaindark", "uv": [ 0.0, 3.5, 5.0, 4.0 ], "autoUv": false },
								"west": { "texture": "#plaindark", "uv": [ 8.0, 14.0, 8.5, 14.5 ], "autoUv": false },
								"up": { "texture": "#plaindark", "uv": [ 1.0, 4.0, 6.0, 4.5 ], "autoUv": false },
								"down": { "texture": "#plaindark", "uv": [ 3.0, 14.5, 8.0, 15.0 ], "autoUv": false }
							},
							"children": [
								{
									"name": "LinenWrapgroup1",
									"from": [ 1.0, 0.0, 0.0 ],
									"to": [ 1.0, 0.0, 0.0 ],
									"rotationOrigin": [ 1.0, 0.0, 0.0 ],
									"faces": {
										"north": { "texture": "#plain", "uv": [ 0.0, 0.0, 0.5, 0.5 ], "autoUv": false },
										"east": { "texture": "#plain", "uv": [ 0.0, 0.0, 0.5, 0.5 ], "autoUv": false },
										"south": { "texture": "#plain", "uv": [ 0.0, 0.0, 0.5, 0.5 ], "autoUv": false },
										"west": { "texture": "#plain", "uv": [ 0.0, 0.0, 0.5, 0.5 ], "autoUv": false },
										"up": { "texture": "#plain", "uv": [ 0.0, 0.0, 0.5, 0.5 ], "autoUv": false },
										"down": { "texture": "#plain", "uv": [ 0.0, 0.0, 0.5, 0.5 ], "autoUv": false }
									},
									"children": [
										{
											"name": "linenwrap1",
											"from": [ 0.0, -0.05, -0.05 ],
											"to": [ 0.1, 0.45, 0.275 ],
											"faces": {
												"north": { "texture": "#normal1", "uv": [ 1.0, 1.0, 2.0, 3.0 ], "autoUv": false },
												"east": { "texture": "#normal1", "uv": [ 1.0, 1.5, 2.5, 3.5 ], "autoUv": false },
												"south": { "texture": "#normal1", "uv": [ 0.5, 0.5, 1.5, 2.5 ], "autoUv": false },
												"west": { "texture": "#normal1", "uv": [ 1.5, 1.5, 2.5, 3.5 ], "autoUv": false },
												"up": { "texture": "#normal1", "uv": [ 1.0, 1.5, 2.0, 4.0 ], "autoUv": false },
												"down": { "texture": "#normal1", "uv": [ 1.0, 2.0, 2.0, 4.5 ], "autoUv": false }
											}
										},
										{
											"name": "linenwrap2",
											"from": [ 0.15, -0.075, -0.05 ],
											"to": [ 0.25, 0.425, 0.275 ],
											"rotationOrigin": [ 0.0, 0.0, 0.0 ],
											"rotationZ": 8.0,
											"faces": {
												"north": { "texture": "#normal1", "uv": [ 1.0, 1.0, 2.0, 3.0 ], "autoUv": false },
												"east": { "texture": "#normal1", "uv": [ 1.0, 1.5, 2.5, 3.5 ], "autoUv": false },
												"south": { "texture": "#normal1", "uv": [ 0.5, 0.5, 1.5, 2.5 ], "autoUv": false },
												"west": { "texture": "#normal1", "uv": [ 1.5, 1.5, 2.5, 3.5 ], "autoUv": false },
												"up": { "texture": "#normal1", "uv": [ 1.0, 1.5, 2.0, 4.0 ], "autoUv": false },
												"down": { "texture": "#normal1", "uv": [ 1.0, 2.0, 2.0, 4.5 ], "autoUv": false }
											}
										},
										{
											"name": "linenwrap3",
											"from": [ 0.65, -0.015, -0.05 ],
											"to": [ 0.75, 0.485, 0.275 ],
											"rotationOrigin": [ 0.5, 0.0, 0.0 ],
											"rotationZ": -7.5,
											"faces": {
												"north": { "texture": "#normal1", "uv": [ 1.0, 1.0, 2.0, 3.0 ], "autoUv": false },
												"east": { "texture": "#normal1", "uv": [ 1.0, 1.5, 2.5, 3.5 ], "autoUv": false },
												"south": { "texture": "#normal1", "uv": [ 0.5, 0.5, 1.5, 2.5 ], "autoUv": false },
												"west": { "texture": "#normal1", "uv": [ 1.5, 1.5, 2.5, 3.5 ], "autoUv": false },
												"up": { "texture": "#normal1", "uv": [ 1.0, 1.5, 2.0, 4.0 ], "autoUv": false },
												"down": { "texture": "#normal1", "uv": [ 1.0, 2.0, 2.0, 4.5 ], "autoUv": false }
											}
										},
										{
											"name": "dragonteeth1",
											"from": [ 0.0, 0.0, 0.0803 ],
											"to": [ 0.0, 0.0, 0.0803 ],
											"rotationOrigin": [ 0.0, 0.0, 0.0803 ],
											"faces": {
												"north": { "texture": "#plain", "uv": [ 0.0, 0.0, 0.5, 0.5 ], "autoUv": false },
												"east": { "texture": "#plain", "uv": [ 0.0, 0.0, 0.5, 0.5 ], "autoUv": false },
												"south": { "texture": "#plain", "uv": [ 0.0, 0.0, 0.5, 0.5 ], "autoUv": false },
												"west": { "texture": "#plain", "uv": [ 0.0, 0.0, 0.5, 0.5 ], "autoUv": false },
												"up": { "texture": "#plain", "uv": [ 0.0, 0.0, 0.5, 0.5 ], "autoUv": false },
												"down": { "texture": "#plain", "uv": [ 0.0, 0.0, 0.5, 0.5 ], "autoUv": false }
											},
											"children": [
												{
													"name": "Cube165",
													"from": [ -0.0374, -0.325, -0.0043 ],
													"to": [ 0.1142, -0.1083, 0.1257 ],
													"rotationOrigin": [ 0.13, -0.3033, 0.0 ],
													"rotationZ": -3.0,
													"faces": {
														"north": { "texture": "#wyvernskeletion1", "uv": [ 2.25, 12.0, 3.75, 15.5 ], "rotation": 180, "autoUv": false },
														"east": { "texture": "#wyvernskeletion1", "uv": [ 2.25, 11.25, 3.75, 15.25 ], "rotation": 180, "autoUv": false },
														"south": { "texture": "#wyvernskeletion1", "uv": [ 2.0, 11.75, 3.5, 15.25 ], "rotation": 180, "autoUv": false },
														"west": { "texture": "#wyvernskeletion1", "uv": [ 2.25, 11.75, 3.75, 15.25 ], "rotation": 180, "autoUv": false },
														"up": { "texture": "#wyvernskeletion1", "uv": [ 1.75, 14.5, 3.25, 16.0 ], "autoUv": false },
														"down": { "texture": "#wyvernskeletion1", "uv": [ 0.25, 9.25, 1.5, 10.5 ], "autoUv": false }
													},
													"children": [
														{
															"name": "Cube166",
															"from": [ 0.0217, -0.2167, 0.0044 ],
															"to": [ 0.13, 0.0434, 0.1127 ],
															"rotationOrigin": [ 0.0217, 0.0, 0.0044 ],
															"rotationZ": 22.5,
															"faces": {
																"north": { "texture": "#wyvernskeletion1", "uv": [ 0.0, 7.75, 1.0, 10.5 ], "rotation": 180, "autoUv": false },
																"east": { "texture": "#wyvernskeletion1", "uv": [ 0.25, 8.0, 1.0, 10.75 ], "rotation": 180, "autoUv": false },
																"south": { "texture": "#wyvernskeletion1", "uv": [ 0.0, 8.0, 1.0, 10.75 ], "rotation": 180, "autoUv": false },
																"west": { "texture": "#wyvernskeletion1", "uv": [ 0.0, 8.0, 0.75, 10.5 ], "rotation": 180, "autoUv": false },
																"up": { "texture": "#wyvernskeletion1", "uv": [ 2.25, 8.75, 3.5, 10.0 ], "autoUv": false },
																"down": { "texture": "#wyvernskeletion1", "uv": [ 0.0, 7.0, 0.75, 8.25 ], "autoUv": false }
															}
														},
														{
															"name": "Cube167",
															"from": [ -0.0043, 0.13, -0.0043 ],
															"to": [ 0.156, 0.2384, 0.143 ],
															"rotationOrigin": [ 0.0, 0.13, 0.0 ],
															"faces": {
																"north": { "texture": "#plainblack", "uv": [ 0.0, 0.0, 0.5, 0.5 ], "autoUv": false },
																"east": { "texture": "#plainblack", "uv": [ 0.0, 0.0, 0.5, 0.5 ], "autoUv": false },
																"south": { "texture": "#plainblack", "uv": [ 0.0, 0.0, 0.5, 0.5 ], "autoUv": false },
																"west": { "texture": "#plainblack", "uv": [ 0.0, 0.0, 0.5, 0.5 ], "autoUv": false },
																"up": { "texture": "#plainblack", "uv": [ 0.0, 0.0, 0.5, 0.5 ], "autoUv": false },
																"down": { "texture": "#plainblack", "uv": [ 0.0, 0.0, 0.5, 0.5 ], "autoUv": false }
															}
														},
														{
															"name": "Cube168",
															"from": [ 0.0, 0.1906, 0.0434 ],
															"to": [ 0.13, 0.2124, 0.0867 ],
															"rotationOrigin": [ 0.0, 0.195, 0.0564 ],
															"rotationZ": 45.0,
															"faces": {
																"north": { "texture": "#plainblack", "uv": [ 0.0, 0.0, 0.5, 0.5 ], "autoUv": false },
																"east": { "texture": "#plainblack", "uv": [ 0.0, 0.0, 0.5, 0.5 ], "autoUv": false },
																"south": { "texture": "#plainblack", "uv": [ 0.0, 0.0, 0.5, 0.5 ], "autoUv": false },
																"west": { "texture": "#plainblack", "uv": [ 0.0, 0.0, 0.5, 0.5 ], "autoUv": false },
																"up": { "texture": "#plainblack", "uv": [ 0.0, 0.0, 0.5, 0.5 ], "autoUv": false },
																"down": { "texture": "#plainblack", "uv": [ 0.0, 0.0, 0.5, 0.5 ], "autoUv": false }
															}
														},
														{
															"name": "Cube169",
															"from": [ 0.1517, 0.182, 0.0477 ],
															"to": [ 0.273, 0.2037, 0.091 ],
															"rotationOrigin": [ 0.1517, 0.195, 0.0564 ],
															"rotationZ": 128.0,
															"faces": {
																"north": { "texture": "#plainblack", "uv": [ 0.0, 0.0, 0.5, 0.5 ], "autoUv": false },
																"east": { "texture": "#plainblack", "uv": [ 0.0, 0.0, 0.5, 0.5 ], "autoUv": false },
																"south": { "texture": "#plainblack", "uv": [ 0.0, 0.0, 0.5, 0.5 ], "autoUv": false },
																"west": { "texture": "#plainblack", "uv": [ 0.0, 0.0, 0.5, 0.5 ], "autoUv": false },
																"up": { "texture": "#plainblack", "uv": [ 0.0, 0.0, 0.5, 0.5 ], "autoUv": false },
																"down": { "texture": "#plainblack", "uv": [ 0.0, 0.0, 0.5, 0.5 ], "autoUv": false }
															}
														}
													]
												},
												{
													"name": "Cube159",
													"from": [ 0.1605, -0.4012, -0.0053 ],
													"to": [ 0.3478, -0.1338, 0.1552 ],
													"rotationOrigin": [ 0.1605, -0.3745, 0.0 ],
													"rotationZ": 7.0,
													"faces": {
														"north": { "texture": "#wyvernskeletion1", "uv": [ 2.25, 12.0, 3.75, 15.5 ], "rotation": 180, "autoUv": false },
														"east": { "texture": "#wyvernskeletion1", "uv": [ 2.25, 11.25, 3.75, 15.25 ], "rotation": 180, "autoUv": false },
														"south": { "texture": "#wyvernskeletion1", "uv": [ 2.0, 11.75, 3.5, 15.25 ], "rotation": 180, "autoUv": false },
														"west": { "texture": "#wyvernskeletion1", "uv": [ 2.25, 11.75, 3.75, 15.25 ], "rotation": 180, "autoUv": false },
														"up": { "texture": "#wyvernskeletion1", "uv": [ 1.75, 14.5, 3.25, 16.0 ], "autoUv": false },
														"down": { "texture": "#wyvernskeletion1", "uv": [ 0.25, 9.25, 1.5, 10.5 ], "autoUv": false }
													},
													"children": [
														{
															"name": "Cube158",
															"from": [ 0.0268, -0.2675, 0.0054 ],
															"to": [ 0.1605, 0.0535, 0.1391 ],
															"rotationOrigin": [ 0.0268, 0.0, 0.0054 ],
															"rotationZ": 22.5,
															"faces": {
																"north": { "texture": "#wyvernskeletion1", "uv": [ 0.25, 8.0, 1.0, 10.75 ], "rotation": 180, "autoUv": false },
																"east": { "texture": "#wyvernskeletion1", "uv": [ 0.25, 8.0, 1.0, 10.75 ], "rotation": 180, "autoUv": false },
																"south": { "texture": "#wyvernskeletion1", "uv": [ 0.0, 8.0, 1.0, 10.75 ], "rotation": 180, "autoUv": false },
																"west": { "texture": "#wyvernskeletion1", "uv": [ 0.0, 8.0, 0.75, 10.5 ], "rotation": 180, "autoUv": false },
																"up": { "texture": "#wyvernskeletion1", "uv": [ 2.25, 8.75, 3.5, 10.0 ], "autoUv": false },
																"down": { "texture": "#wyvernskeletion1", "uv": [ 0.0, 7.0, 0.75, 8.25 ], "autoUv": false }
															}
														},
														{
															"name": "Cube160",
															"from": [ -0.0053, 0.1605, -0.0053 ],
															"to": [ 0.1926, 0.2943, 0.1766 ],
															"rotationOrigin": [ 0.0, 0.1605, 0.0 ],
															"faces": {
																"north": { "texture": "#plainblack", "uv": [ 0.0, 0.0, 0.5, 0.5 ], "autoUv": false },
																"east": { "texture": "#plainblack", "uv": [ 0.0, 0.0, 0.5, 0.5 ], "autoUv": false },
																"south": { "texture": "#plainblack", "uv": [ 0.0, 0.0, 0.5, 0.5 ], "autoUv": false },
																"west": { "texture": "#plainblack", "uv": [ 0.0, 0.0, 0.5, 0.5 ], "autoUv": false },
																"up": { "texture": "#plainblack", "uv": [ 0.0, 0.0, 0.5, 0.5 ], "autoUv": false },
																"down": { "texture": "#plainblack", "uv": [ 0.0, 0.0, 0.5, 0.5 ], "autoUv": false }
															}
														},
														{
															"name": "Cube163",
															"from": [ 0.0, 0.2354, 0.0535 ],
															"to": [ 0.1605, 0.2622, 0.107 ],
															"rotationOrigin": [ 0.0, 0.2408, 0.0696 ],
															"rotationZ": 45.0,
															"faces": {
																"north": { "texture": "#plainblack", "uv": [ 0.0, 0.0, 0.5, 0.5 ], "autoUv": false },
																"east": { "texture": "#plainblack", "uv": [ 0.0, 0.0, 0.5, 0.5 ], "autoUv": false },
																"south": { "texture": "#plainblack", "uv": [ 0.0, 0.0, 0.5, 0.5 ], "autoUv": false },
																"west": { "texture": "#plainblack", "uv": [ 0.0, 0.0, 0.5, 0.5 ], "autoUv": false },
																"up": { "texture": "#plainblack", "uv": [ 0.0, 0.0, 0.5, 0.5 ], "autoUv": false },
																"down": { "texture": "#plainblack", "uv": [ 0.0, 0.0, 0.5, 0.5 ], "autoUv": false }
															}
														},
														{
															"name": "Cube164",
															"from": [ 0.1873, 0.2247, 0.0589 ],
															"to": [ 0.3371, 0.2515, 0.1124 ],
															"rotationOrigin": [ 0.1873, 0.2408, 0.0696 ],
															"rotationZ": 128.0,
															"faces": {
																"north": { "texture": "#plainblack", "uv": [ 0.0, 0.0, 0.5, 0.5 ], "autoUv": false },
																"east": { "texture": "#plainblack", "uv": [ 0.0, 0.0, 0.5, 0.5 ], "autoUv": false },
																"south": { "texture": "#plainblack", "uv": [ 0.0, 0.0, 0.5, 0.5 ], "autoUv": false },
																"west": { "texture": "#plainblack", "uv": [ 0.0, 0.0, 0.5, 0.5 ], "autoUv": false },
																"up": { "texture": "#plainblack", "uv": [ 0.0, 0.0, 0.5, 0.5 ], "autoUv": false },
																"down": { "texture": "#plainblack", "uv": [ 0.0, 0.0, 0.5, 0.5 ], "autoUv": false }
															}
														}
													]
												},
												{
													"name": "Cube170",
													"from": [ 0.605, -0.3103, -0.0043 ],
													"to": [ 0.7567, -0.0937, 0.1257 ],
													"rotationOrigin": [ 0.605, -0.3103, 0.0 ],
													"rotationZ": -5.0,
													"faces": {
														"north": { "texture": "#wyvernskeletion1", "uv": [ 2.25, 12.0, 3.75, 15.5 ], "rotation": 180, "autoUv": false },
														"east": { "texture": "#wyvernskeletion1", "uv": [ 2.25, 11.25, 3.75, 15.25 ], "rotation": 180, "autoUv": false },
														"south": { "texture": "#wyvernskeletion1", "uv": [ 2.0, 11.75, 3.5, 15.25 ], "rotation": 180, "autoUv": false },
														"west": { "texture": "#wyvernskeletion1", "uv": [ 2.25, 11.75, 3.75, 15.25 ], "rotation": 180, "autoUv": false },
														"up": { "texture": "#wyvernskeletion1", "uv": [ 1.75, 14.5, 3.25, 16.0 ], "autoUv": false },
														"down": { "texture": "#wyvernskeletion1", "uv": [ 0.25, 9.25, 1.5, 10.5 ], "autoUv": false }
													},
													"children": [
														{
															"name": "Cube171",
															"from": [ 0.0217, -0.2167, 0.0044 ],
															"to": [ 0.13, 0.0434, 0.1127 ],
															"rotationOrigin": [ 0.0217, 0.0, 0.0044 ],
															"rotationZ": 22.5,
															"faces": {
																"north": { "texture": "#wyvernskeletion1", "uv": [ 0.0, 8.0, 0.75, 10.75 ], "rotation": 180, "autoUv": false },
																"east": { "texture": "#wyvernskeletion1", "uv": [ 0.25, 8.0, 1.0, 10.75 ], "rotation": 180, "autoUv": false },
																"south": { "texture": "#wyvernskeletion1", "uv": [ 0.0, 8.0, 1.0, 10.75 ], "rotation": 180, "autoUv": false },
																"west": { "texture": "#wyvernskeletion1", "uv": [ 0.25, 7.75, 1.0, 10.25 ], "rotation": 180, "autoUv": false },
																"up": { "texture": "#wyvernskeletion1", "uv": [ 2.25, 8.75, 3.5, 10.0 ], "autoUv": false },
																"down": { "texture": "#wyvernskeletion1", "uv": [ 0.0, 7.0, 0.75, 8.25 ], "autoUv": false }
															}
														},
														{
															"name": "Cube172",
															"from": [ -0.0043, 0.13, -0.0043 ],
															"to": [ 0.156, 0.2384, 0.143 ],
															"rotationOrigin": [ 0.0, 0.13, 0.0 ],
															"faces": {
																"north": { "texture": "#plainblack", "uv": [ 0.0, 0.0, 0.5, 0.5 ], "autoUv": false },
																"east": { "texture": "#plainblack", "uv": [ 0.0, 0.0, 0.5, 0.5 ], "autoUv": false },
																"south": { "texture": "#plainblack", "uv": [ 0.0, 0.0, 0.5, 0.5 ], "autoUv": false },
																"west": { "texture": "#plainblack", "uv": [ 0.0, 0.0, 0.5, 0.5 ], "autoUv": false },
																"up": { "texture": "#plainblack", "uv": [ 0.0, 0.0, 0.5, 0.5 ], "autoUv": false },
																"down": { "texture": "#plainblack", "uv": [ 0.0, 0.0, 0.5, 0.5 ], "autoUv": false }
															}
														},
														{
															"name": "Cube173",
															"from": [ 0.0, 0.1906, 0.0434 ],
															"to": [ 0.13, 0.2124, 0.0867 ],
															"rotationOrigin": [ 0.0, 0.195, 0.0564 ],
															"rotationZ": 45.0,
															"faces": {
																"north": { "texture": "#plainblack", "uv": [ 0.0, 0.0, 0.5, 0.5 ], "autoUv": false },
																"east": { "texture": "#plainblack", "uv": [ 0.0, 0.0, 0.5, 0.5 ], "autoUv": false },
																"south": { "texture": "#plainblack", "uv": [ 0.0, 0.0, 0.5, 0.5 ], "autoUv": false },
																"west": { "texture": "#plainblack", "uv": [ 0.0, 0.0, 0.5, 0.5 ], "autoUv": false },
																"up": { "texture": "#plainblack", "uv": [ 0.0, 0.0, 0.5, 0.5 ], "autoUv": false },
																"down": { "texture": "#plainblack", "uv": [ 0.0, 0.0, 0.5, 0.5 ], "autoUv": false }
															}
														},
														{
															"name": "Cube174",
															"from": [ 0.1517, 0.182, 0.0477 ],
															"to": [ 0.273, 0.2037, 0.091 ],
															"rotationOrigin": [ 0.1517, 0.195, 0.0564 ],
															"rotationZ": 128.0,
															"faces": {
																"north": { "texture": "#plainblack", "uv": [ 0.0, 0.0, 0.5, 0.5 ], "autoUv": false },
																"east": { "texture": "#plainblack", "uv": [ 0.0, 0.0, 0.5, 0.5 ], "autoUv": false },
																"south": { "texture": "#plainblack", "uv": [ 0.0, 0.0, 0.5, 0.5 ], "autoUv": false },
																"west": { "texture": "#plainblack", "uv": [ 0.0, 0.0, 0.5, 0.5 ], "autoUv": false },
																"up": { "texture": "#plainblack", "uv": [ 0.0, 0.0, 0.5, 0.5 ], "autoUv": false },
																"down": { "texture": "#plainblack", "uv": [ 0.0, 0.0, 0.5, 0.5 ], "autoUv": false }
															}
														}
													]
												}
											]
										}
									]
								}
							]
						},
						{
							"name": "Cube156",
							"from": [ 2.0, 0.25, 0.5 ],
							"to": [ 2.5, 0.5, 3.25 ],
							"rotationOrigin": [ 2.0, 0.0, 0.5 ],
							"rotationZ": 5.0,
							"faces": {
								"north": { "texture": "#plaindark", "uv": [ 0.0, 0.0, 1.0, 0.5 ], "autoUv": false },
								"east": { "texture": "#plaindark", "uv": [ 0.0, 0.0, 5.5, 0.5 ], "autoUv": false },
								"south": { "texture": "#plaindark", "uv": [ 0.0, 0.0, 1.0, 0.5 ], "autoUv": false },
								"west": { "texture": "#plaindark", "uv": [ 0.0, 0.0, 5.5, 0.5 ], "autoUv": false },
								"up": { "texture": "#plaindark", "uv": [ 0.0, 0.0, 1.0, 5.5 ], "autoUv": false },
								"down": { "texture": "#plaindark", "uv": [ 0.0, 0.0, 1.0, 5.5 ], "autoUv": false }
							},
							"children": [
								{
									"name": "Cube157",
									"from": [ 0.005, -0.025, -0.125 ],
									"to": [ 0.505, 0.725, 0.075 ],
									"rotationOrigin": [ 0.0, 0.0, -0.075 ],
									"rotationX": -16.0,
									"faces": {
										"north": { "texture": "#plaindark", "uv": [ 0.0, 0.0, 1.0, 1.5 ], "autoUv": false },
										"east": { "texture": "#plaindark", "uv": [ 0.0, 0.0, 0.5, 1.5 ], "autoUv": false },
										"south": { "texture": "#plaindark", "uv": [ 0.0, 0.0, 1.0, 1.5 ], "autoUv": false },
										"west": { "texture": "#plaindark", "uv": [ 0.0, 0.0, 0.5, 1.5 ], "autoUv": false },
										"up": { "texture": "#plaindark", "uv": [ 0.0, 0.0, 1.0, 0.5 ], "autoUv": false },
										"down": { "texture": "#plaindark", "uv": [ 0.0, 0.0, 1.0, 0.5 ], "autoUv": false }
									}
								},
								{
									"name": "Cube161",
									"from": [ 0.005, 0.025, 2.675 ],
									"to": [ 0.505, 0.775, 2.875 ],
									"rotationOrigin": [ 0.0, 0.0, 2.675 ],
									"rotationX": 16.0,
									"faces": {
										"north": { "texture": "#plaindark", "uv": [ 0.0, 0.0, 1.0, 1.5 ], "autoUv": false },
										"east": { "texture": "#plaindark", "uv": [ 0.0, 0.0, 0.5, 1.5 ], "autoUv": false },
										"south": { "texture": "#plaindark", "uv": [ 0.0, 0.0, 1.0, 1.5 ], "autoUv": false },
										"west": { "texture": "#plaindark", "uv": [ 0.0, 0.0, 0.5, 1.5 ], "autoUv": false },
										"up": { "texture": "#plaindark", "uv": [ 0.0, 0.0, 1.0, 0.5 ], "autoUv": false },
										"down": { "texture": "#plaindark", "uv": [ 0.0, 0.0, 1.0, 0.5 ], "autoUv": false }
									}
								}
							]
						},
						{
							"name": "ReinsS3",
							"from": [ 4.9034, 1.6807, 4.4218 ],
							"to": [ 8.8634, 2.0767, 4.6594 ],
							"rotationOrigin": [ 4.9034, 1.6807, 4.4218 ],
							"rotationX": 4.44,
							"rotationY": 4.67,
							"rotationZ": 10.44,
							"faces": {
								"north": { "texture": "#plaindark", "uv": [ 7.0, 4.5, 12.0, 5.0 ], "autoUv": false },
								"east": { "texture": "#plaindark", "uv": [ 3.5, 12.0, 4.0, 12.5 ], "autoUv": false },
								"south": { "texture": "#plaindark", "uv": [ 5.0, 8.5, 10.0, 9.0 ], "autoUv": false },
								"west": { "texture": "#plaindark", "uv": [ 8.5, 10.0, 9.0, 10.5 ], "autoUv": false },
								"up": { "texture": "#plaindark", "uv": [ 5.5, 11.0, 10.5, 11.5 ], "autoUv": false },
								"down": { "texture": "#plaindark", "uv": [ 9.0, 2.5, 14.0, 3.0 ], "autoUv": false }
							},
							"children": [
								{
									"name": "ReinsS4",
									"from": [ 3.86, 0.0, 0.0 ],
									"to": [ 7.028, 0.396, 0.2376 ],
									"rotationOrigin": [ 3.96, 0.0, 0.0 ],
									"rotationY": 22.5,
									"rotationZ": -3.0,
									"faces": {
										"north": { "texture": "#plaindark", "uv": [ 4.5, 7.0, 8.5, 7.5 ], "autoUv": false },
										"east": { "texture": "#plaindark", "uv": [ 6.5, 5.5, 7.0, 6.0 ], "autoUv": false },
										"south": { "texture": "#plaindark", "uv": [ 0.5, 6.5, 4.5, 7.0 ], "autoUv": false },
										"west": { "texture": "#plaindark", "uv": [ 0.0, 8.0, 0.5, 8.5 ], "autoUv": false },
										"up": { "texture": "#plaindark", "uv": [ 1.5, 12.0, 5.5, 12.5 ], "autoUv": false },
										"down": { "texture": "#plaindark", "uv": [ 11.0, 12.0, 15.0, 12.5 ], "autoUv": false }
									}
								},
								{
									"name": "LinenWrapgroup2",
									"from": [ 4.7888, -0.0829, -0.0645 ],
									"to": [ 4.7888, -0.0829, -0.0645 ],
									"rotationOrigin": [ 4.0388, -0.1079, -0.0645 ],
									"rotationX": 0.526,
									"rotationY": 21.366,
									"rotationZ": -0.061,
									"faces": {
										"north": { "texture": "#plain", "uv": [ 0.0, 0.0, 0.5, 0.5 ], "autoUv": false },
										"east": { "texture": "#plain", "uv": [ 0.0, 0.0, 0.5, 0.5 ], "autoUv": false },
										"south": { "texture": "#plain", "uv": [ 0.0, 0.0, 0.5, 0.5 ], "autoUv": false },
										"west": { "texture": "#plain", "uv": [ 0.0, 0.0, 0.5, 0.5 ], "autoUv": false },
										"up": { "texture": "#plain", "uv": [ 0.0, 0.0, 0.5, 0.5 ], "autoUv": false },
										"down": { "texture": "#plain", "uv": [ 0.0, 0.0, 0.5, 0.5 ], "autoUv": false }
									},
									"children": [
										{
											"name": "linenwrap4",
											"from": [ 0.0, -0.05, -0.05 ],
											"to": [ 0.1, 0.45, 0.275 ],
											"faces": {
												"north": { "texture": "#normal1", "uv": [ 1.0, 1.0, 2.0, 3.0 ], "autoUv": false },
												"east": { "texture": "#normal1", "uv": [ 1.0, 1.5, 2.5, 3.5 ], "autoUv": false },
												"south": { "texture": "#normal1", "uv": [ 0.5, 0.5, 1.5, 2.5 ], "autoUv": false },
												"west": { "texture": "#normal1", "uv": [ 1.5, 1.5, 2.5, 3.5 ], "autoUv": false },
												"up": { "texture": "#normal1", "uv": [ 1.0, 1.5, 2.0, 4.0 ], "autoUv": false },
												"down": { "texture": "#normal1", "uv": [ 1.0, 2.0, 2.0, 4.5 ], "autoUv": false }
											}
										},
										{
											"name": "linenwrap5",
											"from": [ 0.15, -0.075, -0.05 ],
											"to": [ 0.25, 0.425, 0.275 ],
											"rotationOrigin": [ 0.0, 0.0, 0.0 ],
											"rotationZ": 8.0,
											"faces": {
												"north": { "texture": "#normal1", "uv": [ 1.0, 1.0, 2.0, 3.0 ], "autoUv": false },
												"east": { "texture": "#normal1", "uv": [ 1.0, 1.5, 2.5, 3.5 ], "autoUv": false },
												"south": { "texture": "#normal1", "uv": [ 0.5, 0.5, 1.5, 2.5 ], "autoUv": false },
												"west": { "texture": "#normal1", "uv": [ 1.5, 1.5, 2.5, 3.5 ], "autoUv": false },
												"up": { "texture": "#normal1", "uv": [ 1.0, 1.5, 2.0, 4.0 ], "autoUv": false },
												"down": { "texture": "#normal1", "uv": [ 1.0, 2.0, 2.0, 4.5 ], "autoUv": false }
											}
										},
										{
											"name": "linenwrap6",
											"from": [ 0.65, -0.015, -0.05 ],
											"to": [ 0.75, 0.485, 0.275 ],
											"rotationOrigin": [ 0.5, 0.0, 0.0 ],
											"rotationZ": -7.5,
											"faces": {
												"north": { "texture": "#normal1", "uv": [ 1.0, 1.0, 2.0, 3.0 ], "autoUv": false },
												"east": { "texture": "#normal1", "uv": [ 1.0, 1.5, 2.5, 3.5 ], "autoUv": false },
												"south": { "texture": "#normal1", "uv": [ 0.5, 0.5, 1.5, 2.5 ], "autoUv": false },
												"west": { "texture": "#normal1", "uv": [ 1.5, 1.5, 2.5, 3.5 ], "autoUv": false },
												"up": { "texture": "#normal1", "uv": [ 1.0, 1.5, 2.0, 4.0 ], "autoUv": false },
												"down": { "texture": "#normal1", "uv": [ 1.0, 2.0, 2.0, 4.5 ], "autoUv": false }
											}
										},
										{
											"name": "linenwrap7",
											"from": [ -0.35, -0.015, -0.025 ],
											"to": [ -0.25, 0.485, 0.3 ],
											"rotationOrigin": [ -0.5, 0.0, 0.0 ],
											"rotationZ": 5.5,
											"faces": {
												"north": { "texture": "#normal1", "uv": [ 1.0, 1.0, 2.0, 3.0 ], "autoUv": false },
												"east": { "texture": "#normal1", "uv": [ 1.0, 1.5, 2.5, 3.5 ], "autoUv": false },
												"south": { "texture": "#normal1", "uv": [ 0.5, 0.5, 1.5, 2.5 ], "autoUv": false },
												"west": { "texture": "#normal1", "uv": [ 1.5, 1.5, 2.5, 3.5 ], "autoUv": false },
												"up": { "texture": "#normal1", "uv": [ 1.0, 1.5, 2.0, 4.0 ], "autoUv": false },
												"down": { "texture": "#normal1", "uv": [ 1.0, 2.0, 2.0, 4.5 ], "autoUv": false }
											}
										},
										{
											"name": "linenwrap8",
											"from": [ 1.65, -0.125, -0.055 ],
											"to": [ 1.75, 0.375, 0.27 ],
											"rotationOrigin": [ 1.65, -0.015, 0.0 ],
											"rotationZ": 1.5,
											"faces": {
												"north": { "texture": "#normal1", "uv": [ 1.0, 1.0, 2.0, 3.0 ], "autoUv": false },
												"east": { "texture": "#normal1", "uv": [ 1.0, 1.5, 2.5, 3.5 ], "autoUv": false },
												"south": { "texture": "#normal1", "uv": [ 0.5, 0.5, 1.5, 2.5 ], "autoUv": false },
												"west": { "texture": "#normal1", "uv": [ 1.5, 1.5, 2.5, 3.5 ], "autoUv": false },
												"up": { "texture": "#normal1", "uv": [ 1.0, 1.5, 2.0, 4.0 ], "autoUv": false },
												"down": { "texture": "#normal1", "uv": [ 1.0, 2.0, 2.0, 4.5 ], "autoUv": false }
											}
										}
									]
								},
								{
									"name": "ReinsN3",
									"from": [ 0.2098, -0.5203, -5.3791 ],
									"to": [ 4.1698, -0.1203, -5.1415 ],
									"rotationOrigin": [ 0.2098, -0.5203, -5.3791 ],
									"rotationX": -6.32,
									"rotationY": -5.066,
									"rotationZ": 1.28,
									"faces": {
										"north": { "texture": "#plaindark", "uv": [ 5.5, 7.5, 10.5, 8.0 ], "autoUv": false },
										"east": { "texture": "#plaindark", "uv": [ 13.0, 0.0, 13.5, 0.5 ], "autoUv": false },
										"south": { "texture": "#plaindark", "uv": [ 3.5, 15.0, 8.5, 15.5 ], "autoUv": false },
										"west": { "texture": "#plaindark", "uv": [ 11.5, 4.0, 12.0, 4.5 ], "autoUv": false },
										"up": { "texture": "#plaindark", "uv": [ 6.0, 14.0, 11.0, 14.5 ], "autoUv": false },
										"down": { "texture": "#plaindark", "uv": [ 9.0, 14.5, 14.0, 15.0 ], "autoUv": false }
									},
									"children": [
										{
											"name": "ReinsN4",
											"from": [ 3.96, 0.0, 0.0 ],
											"to": [ 7.128, 0.396, 0.2376 ],
											"rotationOrigin": [ 3.96, 0.0, 0.0 ],
											"rotationY": -22.5,
											"faces": {
												"north": { "texture": "#plaindark", "uv": [ 8.5, 3.5, 12.5, 4.0 ], "autoUv": false },
												"east": { "texture": "#plaindark", "uv": [ 3.5, 13.5, 4.0, 14.0 ], "autoUv": false },
												"south": { "texture": "#plaindark", "uv": [ 6.5, 5.5, 10.5, 6.0 ], "autoUv": false },
												"west": { "texture": "#plaindark", "uv": [ 2.0, 4.0, 2.5, 4.5 ], "autoUv": false },
												"up": { "texture": "#plaindark", "uv": [ 1.0, 5.5, 5.0, 6.0 ], "autoUv": false },
												"down": { "texture": "#plaindark", "uv": [ 2.0, 15.0, 6.0, 15.5 ], "autoUv": false }
											},
											"children": [
												{
													"name": "ReinsAcross",
													"from": [ 2.9304, 0.0, 0.0 ],
													"to": [ 3.168, 0.396, 2.75 ],
													"rotationOrigin": [ 2.9304, 0.0, 0.0 ],
													"rotationX": 7.0,
													"rotationY": 26.5,
													"faces": {
														"north": { "texture": "#plaindark", "uv": [ 11.5, 8.0, 12.0, 8.5 ], "autoUv": false },
														"east": { "texture": "#plaindark", "uv": [ 4.0, 2.0, 14.0, 2.5 ], "autoUv": false },
														"south": { "texture": "#plaindark", "uv": [ 3.0, 8.5, 3.5, 9.0 ], "autoUv": false },
														"west": { "texture": "#plaindark", "uv": [ 5.0, 2.5, 15.0, 3.0 ], "autoUv": false },
														"up": { "texture": "#plaindark", "uv": [ 4.0, 5.0, 4.5, 15.0 ], "autoUv": false },
														"down": { "texture": "#plaindark", "uv": [ 0.5, 3.5, 1.0, 13.5 ], "autoUv": false }
													}
												}
											]
										},
										{
											"name": "LinenWrapgroup4",
											"from": [ 4.7218, -0.1291, 0.0287 ],
											"to": [ 4.7218, -0.1291, 0.0287 ],
											"rotationOrigin": [ 3.9718, 0.2209, 0.0787 ],
											"rotationX": 2.731,
											"rotationY": -21.88,
											"rotationZ": 7.112,
											"faces": {
												"north": { "texture": "#plain", "uv": [ 0.0, 0.0, 0.5, 0.5 ], "autoUv": false },
												"east": { "texture": "#plain", "uv": [ 0.0, 0.0, 0.5, 0.5 ], "autoUv": false },
												"south": { "texture": "#plain", "uv": [ 0.0, 0.0, 0.5, 0.5 ], "autoUv": false },
												"west": { "texture": "#plain", "uv": [ 0.0, 0.0, 0.5, 0.5 ], "autoUv": false },
												"up": { "texture": "#plain", "uv": [ 0.0, 0.0, 0.5, 0.5 ], "autoUv": false },
												"down": { "texture": "#plain", "uv": [ 0.0, 0.0, 0.5, 0.5 ], "autoUv": false }
											},
											"children": [
												{
													"name": "linenwrap12",
													"from": [ 0.0, -0.025, -0.05 ],
													"to": [ 0.1, 0.475, 0.275 ],
													"faces": {
														"north": { "texture": "#normal1", "uv": [ 1.0, 1.0, 2.0, 3.0 ], "autoUv": false },
														"east": { "texture": "#normal1", "uv": [ 1.0, 1.5, 2.5, 3.5 ], "autoUv": false },
														"south": { "texture": "#normal1", "uv": [ 0.5, 0.5, 1.5, 2.5 ], "autoUv": false },
														"west": { "texture": "#normal1", "uv": [ 1.5, 1.5, 2.5, 3.5 ], "autoUv": false },
														"up": { "texture": "#normal1", "uv": [ 1.0, 1.5, 2.0, 4.0 ], "autoUv": false },
														"down": { "texture": "#normal1", "uv": [ 1.0, 2.0, 2.0, 4.5 ], "autoUv": false }
													}
												},
												{
													"name": "linenwrap13",
													"from": [ 0.15, -0.05, -0.05 ],
													"to": [ 0.25, 0.45, 0.275 ],
													"rotationOrigin": [ 0.0, 0.0, 0.0 ],
													"rotationZ": 8.0,
													"faces": {
														"north": { "texture": "#normal1", "uv": [ 1.0, 1.0, 2.0, 3.0 ], "autoUv": false },
														"east": { "texture": "#normal1", "uv": [ 1.0, 1.5, 2.5, 3.5 ], "autoUv": false },
														"south": { "texture": "#normal1", "uv": [ 0.5, 0.5, 1.5, 2.5 ], "autoUv": false },
														"west": { "texture": "#normal1", "uv": [ 1.5, 1.5, 2.5, 3.5 ], "autoUv": false },
														"up": { "texture": "#normal1", "uv": [ 1.0, 1.5, 2.0, 4.0 ], "autoUv": false },
														"down": { "texture": "#normal1", "uv": [ 1.0, 2.0, 2.0, 4.5 ], "autoUv": false }
													}
												},
												{
													"name": "linenwrap14",
													"from": [ 0.65, -0.05, -0.05 ],
													"to": [ 0.75, 0.45, 0.275 ],
													"rotationOrigin": [ 0.5, 0.0, 0.0 ],
													"rotationZ": -7.5,
													"faces": {
														"north": { "texture": "#normal1", "uv": [ 1.0, 1.0, 2.0, 3.0 ], "autoUv": false },
														"east": { "texture": "#normal1", "uv": [ 1.0, 1.5, 2.5, 3.5 ], "autoUv": false },
														"south": { "texture": "#normal1", "uv": [ 0.5, 0.5, 1.5, 2.5 ], "autoUv": false },
														"west": { "texture": "#normal1", "uv": [ 1.5, 1.5, 2.5, 3.5 ], "autoUv": false },
														"up": { "texture": "#normal1", "uv": [ 1.0, 1.5, 2.0, 4.0 ], "autoUv": false },
														"down": { "texture": "#normal1", "uv": [ 1.0, 2.0, 2.0, 4.5 ], "autoUv": false }
													}
												},
												{
													"name": "linenwrap15",
													"from": [ -0.35, -0.015, -0.025 ],
													"to": [ -0.25, 0.485, 0.3 ],
													"rotationOrigin": [ -0.5, 0.0, 0.0 ],
													"rotationZ": 5.5,
													"faces": {
														"north": { "texture": "#normal1", "uv": [ 1.0, 1.0, 2.0, 3.0 ], "autoUv": false },
														"east": { "texture": "#normal1", "uv": [ 1.0, 1.5, 2.5, 3.5 ], "autoUv": false },
														"south": { "texture": "#normal1", "uv": [ 0.5, 0.5, 1.5, 2.5 ], "autoUv": false },
														"west": { "texture": "#normal1", "uv": [ 1.5, 1.5, 2.5, 3.5 ], "autoUv": false },
														"up": { "texture": "#normal1", "uv": [ 1.0, 1.5, 2.0, 4.0 ], "autoUv": false },
														"down": { "texture": "#normal1", "uv": [ 1.0, 2.0, 2.0, 4.5 ], "autoUv": false }
													}
												},
												{
													"name": "linenwrap16",
													"from": [ 1.65, -0.175, -0.055 ],
													"to": [ 1.75, 0.325, 0.27 ],
													"rotationOrigin": [ 1.65, -0.015, 0.0 ],
													"rotationZ": 1.5,
													"faces": {
														"north": { "texture": "#normal1", "uv": [ 1.0, 1.0, 2.0, 3.0 ], "autoUv": false },
														"east": { "texture": "#normal1", "uv": [ 1.0, 1.5, 2.5, 3.5 ], "autoUv": false },
														"south": { "texture": "#normal1", "uv": [ 0.5, 0.5, 1.5, 2.5 ], "autoUv": false },
														"west": { "texture": "#normal1", "uv": [ 1.5, 1.5, 2.5, 3.5 ], "autoUv": false },
														"up": { "texture": "#normal1", "uv": [ 1.0, 1.5, 2.0, 4.0 ], "autoUv": false },
														"down": { "texture": "#normal1", "uv": [ 1.0, 2.0, 2.0, 4.5 ], "autoUv": false }
													}
												}
											]
										}
									]
								}
							]
						},
						{
							"name": "LinenWrapgroup3",
							"from": [ 3.25, 1.3736, -0.4273 ],
							"to": [ 3.25, 1.3736, -0.4273 ],
							"rotationOrigin": [ 3.25, 1.4327, -0.1614 ],
							"rotationX": -6.471,
							"rotationY": 17.263,
							"rotationZ": 11.785,
							"faces": {
								"north": { "texture": "#plain", "uv": [ 0.0, 0.0, 0.5, 0.5 ], "autoUv": false },
								"east": { "texture": "#plain", "uv": [ 0.0, 0.0, 0.5, 0.5 ], "autoUv": false },
								"south": { "texture": "#plain", "uv": [ 0.0, 0.0, 0.5, 0.5 ], "autoUv": false },
								"west": { "texture": "#plain", "uv": [ 0.0, 0.0, 0.5, 0.5 ], "autoUv": false },
								"up": { "texture": "#plain", "uv": [ 0.0, 0.0, 0.5, 0.5 ], "autoUv": false },
								"down": { "texture": "#plain", "uv": [ 0.0, 0.0, 0.5, 0.5 ], "autoUv": false }
							},
							"children": [
								{
									"name": "linenwrap9",
									"from": [ 0.0, -0.05, -0.05 ],
									"to": [ 0.1, 0.45, 0.275 ],
									"faces": {
										"north": { "texture": "#normal1", "uv": [ 1.0, 1.0, 2.0, 3.0 ], "autoUv": false },
										"east": { "texture": "#normal1", "uv": [ 1.0, 1.5, 2.5, 3.5 ], "autoUv": false },
										"south": { "texture": "#normal1", "uv": [ 0.5, 0.5, 1.5, 2.5 ], "autoUv": false },
										"west": { "texture": "#normal1", "uv": [ 1.5, 1.5, 2.5, 3.5 ], "autoUv": false },
										"up": { "texture": "#normal1", "uv": [ 1.0, 1.5, 2.0, 4.0 ], "autoUv": false },
										"down": { "texture": "#normal1", "uv": [ 1.0, 2.0, 2.0, 4.5 ], "autoUv": false }
									}
								},
								{
									"name": "linenwrap10",
									"from": [ 0.15, -0.075, -0.05 ],
									"to": [ 0.25, 0.425, 0.275 ],
									"rotationOrigin": [ 0.0, 0.0, 0.0 ],
									"rotationZ": 8.0,
									"faces": {
										"north": { "texture": "#normal1", "uv": [ 1.0, 1.0, 2.0, 3.0 ], "autoUv": false },
										"east": { "texture": "#normal1", "uv": [ 1.0, 1.5, 2.5, 3.5 ], "autoUv": false },
										"south": { "texture": "#normal1", "uv": [ 0.5, 0.5, 1.5, 2.5 ], "autoUv": false },
										"west": { "texture": "#normal1", "uv": [ 1.5, 1.5, 2.5, 3.5 ], "autoUv": false },
										"up": { "texture": "#normal1", "uv": [ 1.0, 1.5, 2.0, 4.0 ], "autoUv": false },
										"down": { "texture": "#normal1", "uv": [ 1.0, 2.0, 2.0, 4.5 ], "autoUv": false }
									}
								},
								{
									"name": "linenwrap11",
									"from": [ 0.65, -0.015, -0.05 ],
									"to": [ 0.75, 0.485, 0.275 ],
									"rotationOrigin": [ 0.5, 0.0, 0.0 ],
									"rotationZ": -7.5,
									"faces": {
										"north": { "texture": "#normal1", "uv": [ 1.0, 1.0, 2.0, 3.0 ], "autoUv": false },
										"east": { "texture": "#normal1", "uv": [ 1.0, 1.5, 2.5, 3.5 ], "autoUv": false },
										"south": { "texture": "#normal1", "uv": [ 0.5, 0.5, 1.5, 2.5 ], "autoUv": false },
										"west": { "texture": "#normal1", "uv": [ 1.5, 1.5, 2.5, 3.5 ], "autoUv": false },
										"up": { "texture": "#normal1", "uv": [ 1.0, 1.5, 2.0, 4.0 ], "autoUv": false },
										"down": { "texture": "#normal1", "uv": [ 1.0, 2.0, 2.0, 4.5 ], "autoUv": false }
									}
								},
								{
									"name": "dragonteeth2",
									"from": [ 0.0, 0.0, 0.0803 ],
									"to": [ 0.0, 0.0, 0.0803 ],
									"rotationOrigin": [ 0.0, 0.0, 0.0803 ],
									"faces": {
										"north": { "texture": "#plain", "uv": [ 0.0, 0.0, 0.5, 0.5 ], "autoUv": false },
										"east": { "texture": "#plain", "uv": [ 0.0, 0.0, 0.5, 0.5 ], "autoUv": false },
										"south": { "texture": "#plain", "uv": [ 0.0, 0.0, 0.5, 0.5 ], "autoUv": false },
										"west": { "texture": "#plain", "uv": [ 0.0, 0.0, 0.5, 0.5 ], "autoUv": false },
										"up": { "texture": "#plain", "uv": [ 0.0, 0.0, 0.5, 0.5 ], "autoUv": false },
										"down": { "texture": "#plain", "uv": [ 0.0, 0.0, 0.5, 0.5 ], "autoUv": false }
									},
									"children": [
										{
											"name": "Cube175",
											"from": [ -0.0374, -0.325, -0.0043 ],
											"to": [ 0.1142, -0.1083, 0.1257 ],
											"rotationOrigin": [ 0.13, -0.3033, 0.0 ],
											"rotationZ": -3.0,
											"faces": {
												"north": { "texture": "#wyvernskeletion1", "uv": [ 2.25, 12.0, 3.75, 15.5 ], "rotation": 180, "autoUv": false },
												"east": { "texture": "#wyvernskeletion1", "uv": [ 2.25, 11.25, 3.75, 15.25 ], "rotation": 180, "autoUv": false },
												"south": { "texture": "#wyvernskeletion1", "uv": [ 2.0, 11.75, 3.5, 15.25 ], "rotation": 180, "autoUv": false },
												"west": { "texture": "#wyvernskeletion1", "uv": [ 2.25, 11.75, 3.75, 15.25 ], "rotation": 180, "autoUv": false },
												"up": { "texture": "#wyvernskeletion1", "uv": [ 1.75, 14.5, 3.25, 16.0 ], "autoUv": false },
												"down": { "texture": "#wyvernskeletion1", "uv": [ 0.25, 9.25, 1.5, 10.5 ], "autoUv": false }
											},
											"children": [
												{
													"name": "Cube176",
													"from": [ 0.0217, -0.2167, 0.0044 ],
													"to": [ 0.13, 0.0434, 0.1127 ],
													"rotationOrigin": [ 0.0217, 0.0, 0.0044 ],
													"rotationZ": 22.5,
													"faces": {
														"north": { "texture": "#wyvernskeletion1", "uv": [ 0.25, 7.5, 1.0, 10.25 ], "rotation": 180, "autoUv": false },
														"east": { "texture": "#wyvernskeletion1", "uv": [ 0.25, 8.0, 1.0, 10.75 ], "rotation": 180, "autoUv": false },
														"south": { "texture": "#wyvernskeletion1", "uv": [ 0.0, 8.0, 1.0, 10.75 ], "rotation": 180, "autoUv": false },
														"west": { "texture": "#wyvernskeletion1", "uv": [ 0.0, 8.0, 0.75, 10.5 ], "rotation": 180, "autoUv": false },
														"up": { "texture": "#wyvernskeletion1", "uv": [ 2.25, 8.75, 3.5, 10.0 ], "autoUv": false },
														"down": { "texture": "#wyvernskeletion1", "uv": [ 0.0, 7.0, 0.75, 8.25 ], "autoUv": false }
													}
												},
												{
													"name": "Cube177",
													"from": [ -0.0043, 0.13, -0.0043 ],
													"to": [ 0.156, 0.2384, 0.143 ],
													"rotationOrigin": [ 0.0, 0.13, 0.0 ],
													"faces": {
														"north": { "texture": "#plainblack", "uv": [ 0.0, 0.0, 0.5, 0.5 ], "autoUv": false },
														"east": { "texture": "#plainblack", "uv": [ 0.0, 0.0, 0.5, 0.5 ], "autoUv": false },
														"south": { "texture": "#plainblack", "uv": [ 0.0, 0.0, 0.5, 0.5 ], "autoUv": false },
														"west": { "texture": "#plainblack", "uv": [ 0.0, 0.0, 0.5, 0.5 ], "autoUv": false },
														"up": { "texture": "#plainblack", "uv": [ 0.0, 0.0, 0.5, 0.5 ], "autoUv": false },
														"down": { "texture": "#plainblack", "uv": [ 0.0, 0.0, 0.5, 0.5 ], "autoUv": false }
													}
												},
												{
													"name": "Cube178",
													"from": [ 0.0, 0.1906, 0.0434 ],
													"to": [ 0.13, 0.2124, 0.0867 ],
													"rotationOrigin": [ 0.0, 0.195, 0.0564 ],
													"rotationZ": 45.0,
													"faces": {
														"north": { "texture": "#plainblack", "uv": [ 0.0, 0.0, 0.5, 0.5 ], "autoUv": false },
														"east": { "texture": "#plainblack", "uv": [ 0.0, 0.0, 0.5, 0.5 ], "autoUv": false },
														"south": { "texture": "#plainblack", "uv": [ 0.0, 0.0, 0.5, 0.5 ], "autoUv": false },
														"west": { "texture": "#plainblack", "uv": [ 0.0, 0.0, 0.5, 0.5 ], "autoUv": false },
														"up": { "texture": "#plainblack", "uv": [ 0.0, 0.0, 0.5, 0.5 ], "autoUv": false },
														"down": { "texture": "#plainblack", "uv": [ 0.0, 0.0, 0.5, 0.5 ], "autoUv": false }
													}
												},
												{
													"name": "Cube179",
													"from": [ 0.1517, 0.182, 0.0477 ],
													"to": [ 0.273, 0.2037, 0.091 ],
													"rotationOrigin": [ 0.1517, 0.195, 0.0564 ],
													"rotationZ": 128.0,
													"faces": {
														"north": { "texture": "#plainblack", "uv": [ 0.0, 0.0, 0.5, 0.5 ], "autoUv": false },
														"east": { "texture": "#plainblack", "uv": [ 0.0, 0.0, 0.5, 0.5 ], "autoUv": false },
														"south": { "texture": "#plainblack", "uv": [ 0.0, 0.0, 0.5, 0.5 ], "autoUv": false },
														"west": { "texture": "#plainblack", "uv": [ 0.0, 0.0, 0.5, 0.5 ], "autoUv": false },
														"up": { "texture": "#plainblack", "uv": [ 0.0, 0.0, 0.5, 0.5 ], "autoUv": false },
														"down": { "texture": "#plainblack", "uv": [ 0.0, 0.0, 0.5, 0.5 ], "autoUv": false }
													}
												}
											]
										},
										{
											"name": "Cube180",
											"from": [ 0.1605, -0.4012, -0.0053 ],
											"to": [ 0.3478, -0.1338, 0.1552 ],
											"rotationOrigin": [ 0.1605, -0.3745, 0.0 ],
											"rotationZ": 7.0,
											"faces": {
												"north": { "texture": "#wyvernskeletion1", "uv": [ 2.25, 12.0, 3.75, 15.5 ], "rotation": 180, "autoUv": false },
												"east": { "texture": "#wyvernskeletion1", "uv": [ 2.25, 11.25, 3.75, 15.25 ], "rotation": 180, "autoUv": false },
												"south": { "texture": "#wyvernskeletion1", "uv": [ 2.0, 11.75, 3.5, 15.25 ], "rotation": 180, "autoUv": false },
												"west": { "texture": "#wyvernskeletion1", "uv": [ 2.25, 11.75, 3.75, 15.25 ], "rotation": 180, "autoUv": false },
												"up": { "texture": "#wyvernskeletion1", "uv": [ 1.75, 14.5, 3.25, 16.0 ], "autoUv": false },
												"down": { "texture": "#wyvernskeletion1", "uv": [ 0.25, 9.25, 1.5, 10.5 ], "autoUv": false }
											},
											"children": [
												{
													"name": "Cube181",
													"from": [ 0.0268, -0.2675, 0.0054 ],
													"to": [ 0.1605, 0.0535, 0.1391 ],
													"rotationOrigin": [ 0.0268, 0.0, 0.0054 ],
													"rotationZ": 22.5,
													"faces": {
														"north": { "texture": "#wyvernskeletion1", "uv": [ 0.0, 7.75, 1.0, 10.5 ], "rotation": 180, "autoUv": false },
														"east": { "texture": "#wyvernskeletion1", "uv": [ 0.25, 8.0, 1.0, 10.75 ], "rotation": 180, "autoUv": false },
														"south": { "texture": "#wyvernskeletion1", "uv": [ 0.0, 8.0, 1.0, 10.75 ], "rotation": 180, "autoUv": false },
														"west": { "texture": "#wyvernskeletion1", "uv": [ 0.25, 8.0, 1.0, 10.75 ], "rotation": 180, "autoUv": false },
														"up": { "texture": "#wyvernskeletion1", "uv": [ 2.25, 8.75, 3.5, 10.0 ], "autoUv": false },
														"down": { "texture": "#wyvernskeletion1", "uv": [ 0.0, 7.0, 0.75, 8.25 ], "autoUv": false }
													}
												},
												{
													"name": "Cube182",
													"from": [ -0.0053, 0.1605, -0.0053 ],
													"to": [ 0.1926, 0.2943, 0.1766 ],
													"rotationOrigin": [ 0.0, 0.1605, 0.0 ],
													"faces": {
														"north": { "texture": "#plainblack", "uv": [ 0.0, 0.0, 0.5, 0.5 ], "autoUv": false },
														"east": { "texture": "#plainblack", "uv": [ 0.0, 0.0, 0.5, 0.5 ], "autoUv": false },
														"south": { "texture": "#plainblack", "uv": [ 0.0, 0.0, 0.5, 0.5 ], "autoUv": false },
														"west": { "texture": "#plainblack", "uv": [ 0.0, 0.0, 0.5, 0.5 ], "autoUv": false },
														"up": { "texture": "#plainblack", "uv": [ 0.0, 0.0, 0.5, 0.5 ], "autoUv": false },
														"down": { "texture": "#plainblack", "uv": [ 0.0, 0.0, 0.5, 0.5 ], "autoUv": false }
													}
												},
												{
													"name": "Cube183",
													"from": [ 0.0, 0.2354, 0.0535 ],
													"to": [ 0.1605, 0.2622, 0.107 ],
													"rotationOrigin": [ 0.0, 0.2408, 0.0696 ],
													"rotationZ": 45.0,
													"faces": {
														"north": { "texture": "#plainblack", "uv": [ 0.0, 0.0, 0.5, 0.5 ], "autoUv": false },
														"east": { "texture": "#plainblack", "uv": [ 0.0, 0.0, 0.5, 0.5 ], "autoUv": false },
														"south": { "texture": "#plainblack", "uv": [ 0.0, 0.0, 0.5, 0.5 ], "autoUv": false },
														"west": { "texture": "#plainblack", "uv": [ 0.0, 0.0, 0.5, 0.5 ], "autoUv": false },
														"up": { "texture": "#plainblack", "uv": [ 0.0, 0.0, 0.5, 0.5 ], "autoUv": false },
														"down": { "texture": "#plainblack", "uv": [ 0.0, 0.0, 0.5, 0.5 ], "autoUv": false }
													}
												},
												{
													"name": "Cube184",
													"from": [ 0.1873, 0.2247, 0.0589 ],
													"to": [ 0.3371, 0.2515, 0.1124 ],
													"rotationOrigin": [ 0.1873, 0.2408, 0.0696 ],
													"rotationZ": 128.0,
													"faces": {
														"north": { "texture": "#plainblack", "uv": [ 0.0, 0.0, 0.5, 0.5 ], "autoUv": false },
														"east": { "texture": "#plainblack", "uv": [ 0.0, 0.0, 0.5, 0.5 ], "autoUv": false },
														"south": { "texture": "#plainblack", "uv": [ 0.0, 0.0, 0.5, 0.5 ], "autoUv": false },
														"west": { "texture": "#plainblack", "uv": [ 0.0, 0.0, 0.5, 0.5 ], "autoUv": false },
														"up": { "texture": "#plainblack", "uv": [ 0.0, 0.0, 0.5, 0.5 ], "autoUv": false },
														"down": { "texture": "#plainblack", "uv": [ 0.0, 0.0, 0.5, 0.5 ], "autoUv": false }
													}
												}
											]
										},
										{
											"name": "Cube185",
											"from": [ 0.605, -0.3103, -0.0043 ],
											"to": [ 0.7567, -0.0937, 0.1257 ],
											"rotationOrigin": [ 0.605, -0.3103, 0.0 ],
											"rotationZ": -5.0,
											"faces": {
												"north": { "texture": "#wyvernskeletion1", "uv": [ 2.25, 12.0, 3.75, 15.5 ], "rotation": 180, "autoUv": false },
												"east": { "texture": "#wyvernskeletion1", "uv": [ 2.25, 11.25, 3.75, 15.25 ], "rotation": 180, "autoUv": false },
												"south": { "texture": "#wyvernskeletion1", "uv": [ 2.0, 11.75, 3.5, 15.25 ], "rotation": 180, "autoUv": false },
												"west": { "texture": "#wyvernskeletion1", "uv": [ 2.25, 11.75, 3.75, 15.25 ], "rotation": 180, "autoUv": false },
												"up": { "texture": "#wyvernskeletion1", "uv": [ 1.75, 14.5, 3.25, 16.0 ], "autoUv": false },
												"down": { "texture": "#wyvernskeletion1", "uv": [ 0.25, 9.25, 1.5, 10.5 ], "autoUv": false }
											},
											"children": [
												{
													"name": "Cube186",
													"from": [ 0.0217, -0.2167, 0.0044 ],
													"to": [ 0.13, 0.0434, 0.1127 ],
													"rotationOrigin": [ 0.0217, 0.0, 0.0044 ],
													"rotationZ": 22.5,
													"faces": {
														"north": { "texture": "#wyvernskeletion1", "uv": [ 0.0, 8.0, 1.0, 10.5 ], "rotation": 180, "autoUv": false },
														"east": { "texture": "#wyvernskeletion1", "uv": [ 0.25, 8.0, 1.0, 10.75 ], "rotation": 180, "autoUv": false },
														"south": { "texture": "#wyvernskeletion1", "uv": [ 0.0, 8.0, 1.0, 10.75 ], "rotation": 180, "autoUv": false },
														"west": { "texture": "#wyvernskeletion1", "uv": [ 0.0, 8.0, 1.0, 10.5 ], "rotation": 180, "autoUv": false },
														"up": { "texture": "#wyvernskeletion1", "uv": [ 2.25, 8.75, 3.5, 10.0 ], "autoUv": false },
														"down": { "texture": "#wyvernskeletion1", "uv": [ 0.0, 7.0, 0.75, 8.25 ], "autoUv": false }
													}
												},
												{
													"name": "Cube187",
													"from": [ -0.0043, 0.13, -0.0043 ],
													"to": [ 0.156, 0.2384, 0.143 ],
													"rotationOrigin": [ 0.0, 0.13, 0.0 ],
													"faces": {
														"north": { "texture": "#plainblack", "uv": [ 0.0, 0.0, 0.5, 0.5 ], "autoUv": false },
														"east": { "texture": "#plainblack", "uv": [ 0.0, 0.0, 0.5, 0.5 ], "autoUv": false },
														"south": { "texture": "#plainblack", "uv": [ 0.0, 0.0, 0.5, 0.5 ], "autoUv": false },
														"west": { "texture": "#plainblack", "uv": [ 0.0, 0.0, 0.5, 0.5 ], "autoUv": false },
														"up": { "texture": "#plainblack", "uv": [ 0.0, 0.0, 0.5, 0.5 ], "autoUv": false },
														"down": { "texture": "#plainblack", "uv": [ 0.0, 0.0, 0.5, 0.5 ], "autoUv": false }
													}
												},
												{
													"name": "Cube188",
													"from": [ 0.0, 0.1906, 0.0434 ],
													"to": [ 0.13, 0.2124, 0.0867 ],
													"rotationOrigin": [ 0.0, 0.195, 0.0564 ],
													"rotationZ": 45.0,
													"faces": {
														"north": { "texture": "#plainblack", "uv": [ 0.0, 0.0, 0.5, 0.5 ], "autoUv": false },
														"east": { "texture": "#plainblack", "uv": [ 0.0, 0.0, 0.5, 0.5 ], "autoUv": false },
														"south": { "texture": "#plainblack", "uv": [ 0.0, 0.0, 0.5, 0.5 ], "autoUv": false },
														"west": { "texture": "#plainblack", "uv": [ 0.0, 0.0, 0.5, 0.5 ], "autoUv": false },
														"up": { "texture": "#plainblack", "uv": [ 0.0, 0.0, 0.5, 0.5 ], "autoUv": false },
														"down": { "texture": "#plainblack", "uv": [ 0.0, 0.0, 0.5, 0.5 ], "autoUv": false }
													}
												},
												{
													"name": "Cube189",
													"from": [ 0.1517, 0.182, 0.0477 ],
													"to": [ 0.273, 0.2037, 0.091 ],
													"rotationOrigin": [ 0.1517, 0.195, 0.0564 ],
													"rotationZ": 128.0,
													"faces": {
														"north": { "texture": "#plainblack", "uv": [ 0.0, 0.0, 0.5, 0.5 ], "autoUv": false },
														"east": { "texture": "#plainblack", "uv": [ 0.0, 0.0, 0.5, 0.5 ], "autoUv": false },
														"south": { "texture": "#plainblack", "uv": [ 0.0, 0.0, 0.5, 0.5 ], "autoUv": false },
														"west": { "texture": "#plainblack", "uv": [ 0.0, 0.0, 0.5, 0.5 ], "autoUv": false },
														"up": { "texture": "#plainblack", "uv": [ 0.0, 0.0, 0.5, 0.5 ], "autoUv": false },
														"down": { "texture": "#plainblack", "uv": [ 0.0, 0.0, 0.5, 0.5 ], "autoUv": false }
													}
												}
											]
										}
									]
								}
							]
						}
					]
				}
			]
		}
	]}