{
	"editor": {
		"backDropShape": "C:/Users/Poiso/Desktop/mythiclegends_0.0.14/assets/mythiclegends/shapes/entities/land/wyvern/ridgeback/ridgeback-male-adult",
		"collapsedPaths": "Root/Saddle/SaddleLeather,Root/Saddle",
		"allAngles": false,
		"entityTextureMode": false
	},
	"textureWidth": 16,
	"textureHeight": 16,
	"textureSizes": {
		"pillmat": [16,16],
		"plain": [16,16]
	},
	"textures": {
	},
	"elements": [
		{
			"name": "Saddle",
			"stepParentName": "body",
			"from": [ 6.8, 9.8, 6.0 ],
			"to": [ 6.8, 9.8, 6.0 ],
			"rotationOrigin": [ 6.0, 9.2, 6.4 ],
			"faces": {
				"north": { "texture": "#plaindark", "uv": [ 0.0, 0.0, 0.5, 0.5 ], "autoUv": false },
				"east": { "texture": "#plaindark", "uv": [ 0.0, 0.0, 0.5, 0.5 ], "autoUv": false },
				"south": { "texture": "#plaindark", "uv": [ 0.0, 0.0, 0.5, 0.5 ], "autoUv": false },
				"west": { "texture": "#plaindark", "uv": [ 0.0, 0.0, 0.5, 0.5 ], "autoUv": false },
				"up": { "texture": "#plaindark", "uv": [ 0.0, 0.0, 0.5, 0.5 ], "autoUv": false },
				"down": { "texture": "#plaindark", "uv": [ 0.0, 0.0, 0.5, 0.5 ], "autoUv": false }
			},
			"children": [
				{
					"name": "SaddleLeather",
					"from": [ 1.2, 0.0, 0.0 ],
					"to": [ 1.2, 0.0, 0.0 ],
					"rotationOrigin": [ 1.2, 0.6, 0.288 ],
					"faces": {
						"north": { "texture": "#plain", "uv": [ 0.0, 0.0, 0.5, 0.5 ], "autoUv": false },
						"east": { "texture": "#plain", "uv": [ 0.0, 0.0, 0.5, 0.5 ], "autoUv": false },
						"south": { "texture": "#plain", "uv": [ 0.0, 0.0, 0.5, 0.5 ], "autoUv": false },
						"west": { "texture": "#plain", "uv": [ 0.0, 0.0, 0.5, 0.5 ], "autoUv": false },
						"up": { "texture": "#plain", "uv": [ 0.0, 0.0, 0.5, 0.5 ], "autoUv": false },
						"down": { "texture": "#plain", "uv": [ 0.0, 0.0, 0.5, 0.5 ], "autoUv": false }
					},
					"children": [
						{
							"name": "SaddleLeather1",
							"from": [ -4.8, 0.24, -3.6 ],
							"to": [ 7.2, 0.6, 3.84 ],
							"rotationOrigin": [ -4.8, 0.24, -3.6 ],
							"faces": {
								"north": { "texture": "#plain", "uv": [ 0.0, 0.0, 10.0, 0.5 ], "autoUv": false },
								"east": { "texture": "#plain", "uv": [ 0.0, 0.0, 6.0, 0.5 ], "autoUv": false },
								"south": { "texture": "#plain", "uv": [ 0.0, 0.0, 10.0, 0.5 ], "autoUv": false },
								"west": { "texture": "#plain", "uv": [ 0.0, 0.0, 6.0, 0.5 ], "autoUv": false },
								"up": { "texture": "#plain", "uv": [ 0.0, 0.0, 10.0, 6.0 ], "autoUv": false },
								"down": { "texture": "#plain", "uv": [ 0.0, 0.0, 10.0, 6.0 ], "autoUv": false }
							}
						},
						{
							"name": "SaddleLeather2",
							"from": [ 7.2, 0.48, -1.656 ],
							"to": [ 13.2, 1.32, 1.908 ],
							"rotationOrigin": [ 13.2, 0.24, -2.4 ],
							"rotationZ": 7.0,
							"faces": {
								"north": { "texture": "#plain", "uv": [ 0.0, 0.0, 5.0, 0.5 ], "autoUv": false },
								"east": { "texture": "#plain", "uv": [ 0.0, 0.0, 2.5, 0.5 ], "autoUv": false },
								"south": { "texture": "#plain", "uv": [ 0.0, 0.0, 5.0, 0.5 ], "autoUv": false },
								"west": { "texture": "#plain", "uv": [ 0.0, 0.0, 2.5, 0.5 ], "autoUv": false },
								"up": { "texture": "#plain", "uv": [ 0.0, 0.0, 5.0, 2.5 ], "autoUv": false },
								"down": { "texture": "#plain", "uv": [ 0.0, 0.0, 5.0, 2.5 ], "autoUv": false }
							}
						},
						{
							"name": "SaddleLeather3",
							"from": [ -8.76, 0.72, -2.4 ],
							"to": [ -4.56, 1.08, 2.4 ],
							"rotationOrigin": [ -8.76, 0.72, -2.4 ],
							"rotationZ": -7.0,
							"faces": {
								"north": { "texture": "#plain", "uv": [ 0.0, 0.0, 3.5, 0.5 ], "autoUv": false },
								"east": { "texture": "#plain", "uv": [ 0.0, 0.0, 4.0, 0.5 ], "autoUv": false },
								"south": { "texture": "#plain", "uv": [ 0.0, 0.0, 3.5, 0.5 ], "autoUv": false },
								"west": { "texture": "#plain", "uv": [ 0.0, 0.0, 4.0, 0.5 ], "autoUv": false },
								"up": { "texture": "#plain", "uv": [ 0.0, 0.0, 3.5, 4.0 ], "autoUv": false },
								"down": { "texture": "#plain", "uv": [ 0.0, 0.0, 3.5, 4.0 ], "autoUv": false }
							}
						},
						{
							"name": "SaddleLeather4",
							"from": [ -4.8, -0.96, -6.0 ],
							"to": [ 7.2, -0.6, -3.0 ],
							"rotationOrigin": [ -4.8, -0.96, -6.0 ],
							"rotationX": -24.0,
							"faces": {
								"north": { "texture": "#plain", "uv": [ 0.0, 0.0, 10.0, 0.5 ], "autoUv": false },
								"east": { "texture": "#plain", "uv": [ 0.0, 0.0, 2.5, 0.5 ], "autoUv": false },
								"south": { "texture": "#plain", "uv": [ 0.0, 0.0, 10.0, 0.5 ], "autoUv": false },
								"west": { "texture": "#plain", "uv": [ 0.0, 0.0, 2.5, 0.5 ], "autoUv": false },
								"up": { "texture": "#plain", "uv": [ 0.0, 0.0, 10.0, 2.5 ], "autoUv": false },
								"down": { "texture": "#plain", "uv": [ 0.0, 0.0, 10.0, 2.5 ], "autoUv": false }
							}
						},
						{
							"name": "SaddleLeather5",
							"from": [ -4.8, 0.24, 3.6 ],
							"to": [ 7.2, 0.6, 6.6 ],
							"rotationOrigin": [ -4.8, 0.24, 3.6 ],
							"rotationX": 24.0,
							"faces": {
								"north": { "texture": "#plain", "uv": [ 0.0, 0.0, 10.0, 0.5 ], "autoUv": false },
								"east": { "texture": "#plain", "uv": [ 0.0, 0.0, 2.5, 0.5 ], "autoUv": false },
								"south": { "texture": "#plain", "uv": [ 0.0, 0.0, 10.0, 0.5 ], "autoUv": false },
								"west": { "texture": "#plain", "uv": [ 0.0, 0.0, 2.5, 0.5 ], "autoUv": false },
								"up": { "texture": "#plain", "uv": [ 0.0, 0.0, 10.0, 2.5 ], "autoUv": false },
								"down": { "texture": "#plain", "uv": [ 0.0, 0.0, 10.0, 2.5 ], "autoUv": false }
							}
						},
						{
							"name": "SaddleLeather6",
							"from": [ -1.2, -3.6, -6.36 ],
							"to": [ 7.2, -0.9, -6.0 ],
							"rotationOrigin": [ -1.2, -3.6, -6.0 ],
							"rotationX": 5.0,
							"faces": {
								"north": { "texture": "#plain", "uv": [ 0.0, 0.0, 7.0, 2.0 ], "autoUv": false },
								"east": { "texture": "#plain", "uv": [ 0.0, 0.0, 0.5, 2.0 ], "autoUv": false },
								"south": { "texture": "#plain", "uv": [ 0.0, 0.0, 7.0, 2.0 ], "autoUv": false },
								"west": { "texture": "#plain", "uv": [ 0.0, 0.0, 0.5, 2.0 ], "autoUv": false },
								"up": { "texture": "#plain", "uv": [ 0.0, 0.0, 7.0, 0.5 ], "autoUv": false },
								"down": { "texture": "#plain", "uv": [ 0.0, 0.0, 7.0, 0.5 ], "autoUv": false }
							}
						},
						{
							"name": "SaddleLeather7",
							"from": [ -1.2, -3.6, 6.24 ],
							"to": [ 7.2, -0.9, 6.6 ],
							"rotationOrigin": [ -1.2, -3.6, 6.0 ],
							"rotationX": -5.0,
							"faces": {
								"north": { "texture": "#plain", "uv": [ 0.0, 0.0, 7.0, 2.0 ], "autoUv": false },
								"east": { "texture": "#plain", "uv": [ 0.0, 0.0, 0.5, 2.0 ], "autoUv": false },
								"south": { "texture": "#plain", "uv": [ 0.0, 0.0, 7.0, 2.0 ], "autoUv": false },
								"west": { "texture": "#plain", "uv": [ 0.0, 0.0, 0.5, 2.0 ], "autoUv": false },
								"up": { "texture": "#plain", "uv": [ 0.0, 0.0, 7.0, 0.5 ], "autoUv": false },
								"down": { "texture": "#plain", "uv": [ 0.0, 0.0, 7.0, 0.5 ], "autoUv": false }
							}
						},
						{
							"name": "SaddleLeather8",
							"from": [ 7.2, -0.48, 1.896 ],
							"to": [ 10.2, 0.576, 3.732 ],
							"rotationOrigin": [ 7.2, 0.24, 1.944 ],
							"faces": {
								"north": { "texture": "#plain", "uv": [ 0.0, 0.0, 2.5, 0.5 ], "autoUv": false },
								"east": { "texture": "#plain", "uv": [ 0.0, 0.0, 1.5, 0.5 ], "autoUv": false },
								"south": { "texture": "#plain", "uv": [ 0.0, 0.0, 2.5, 0.5 ], "autoUv": false },
								"west": { "texture": "#plain", "uv": [ 0.0, 0.0, 1.5, 0.5 ], "autoUv": false },
								"up": { "texture": "#plain", "uv": [ 0.0, 0.0, 2.5, 1.5 ], "autoUv": false },
								"down": { "texture": "#plain", "uv": [ 0.0, 0.0, 2.5, 1.5 ], "autoUv": false }
							}
						},
						{
							"name": "SaddleLeather9",
							"from": [ 10.5, 0.24, 1.464 ],
							"to": [ 12.66, 0.816, 7.176 ],
							"rotationOrigin": [ 12.6, 0.24, 1.944 ],
							"rotationX": 27.0,
							"rotationY": -30.5,
							"rotationZ": 13.0,
							"faces": {
								"north": { "texture": "#plain", "uv": [ 0.0, 0.0, 1.5, 0.5 ], "autoUv": false },
								"east": { "texture": "#plain", "uv": [ 0.0, 0.0, 4.5, 0.5 ], "autoUv": false },
								"south": { "texture": "#plain", "uv": [ 0.0, 0.0, 1.5, 0.5 ], "autoUv": false },
								"west": { "texture": "#plain", "uv": [ 0.0, 0.0, 4.5, 0.5 ], "autoUv": false },
								"up": { "texture": "#plain", "uv": [ 0.0, 0.0, 1.5, 4.5 ], "autoUv": false },
								"down": { "texture": "#plain", "uv": [ 0.0, 0.0, 1.5, 4.5 ], "autoUv": false }
							}
						},
						{
							"name": "SaddleLeather10",
							"from": [ 7.08, -0.12, 3.48 ],
							"to": [ 9.96, 0.48, 6.516 ],
							"rotationOrigin": [ 7.08, -0.12, 3.72 ],
							"rotationX": 24.0,
							"rotationZ": -12.0,
							"faces": {
								"north": { "texture": "#plain", "uv": [ 0.0, 0.0, 2.0, 0.5 ], "autoUv": false },
								"east": { "texture": "#plain", "uv": [ 0.0, 0.0, 2.5, 0.5 ], "autoUv": false },
								"south": { "texture": "#plain", "uv": [ 0.0, 0.0, 2.0, 0.5 ], "autoUv": false },
								"west": { "texture": "#plain", "uv": [ 0.0, 0.0, 2.5, 0.5 ], "autoUv": false },
								"up": { "texture": "#plain", "uv": [ 0.0, 0.0, 2.0, 2.5 ], "autoUv": false },
								"down": { "texture": "#plain", "uv": [ 0.0, 0.0, 2.0, 2.5 ], "autoUv": false }
							}
						},
						{
							"name": "SaddleLeather11",
							"from": [ 6.96, -3.24, 5.94 ],
							"to": [ 9.48, -1.74, 6.576 ],
							"rotationOrigin": [ 6.96, -3.24, 5.94 ],
							"rotationX": -8.0,
							"rotationY": 8.0,
							"rotationZ": 14.0,
							"faces": {
								"north": { "texture": "#plain", "uv": [ 0.0, 0.0, 2.0, 1.0 ], "autoUv": false },
								"east": { "texture": "#plain", "uv": [ 0.0, 0.0, 0.5, 1.0 ], "autoUv": false },
								"south": { "texture": "#plain", "uv": [ 0.0, 0.0, 2.0, 1.0 ], "autoUv": false },
								"west": { "texture": "#plain", "uv": [ 0.0, 0.0, 0.5, 1.0 ], "autoUv": false },
								"up": { "texture": "#plain", "uv": [ 0.0, 0.0, 2.0, 0.5 ], "autoUv": false },
								"down": { "texture": "#plain", "uv": [ 0.0, 0.0, 2.0, 0.5 ], "autoUv": false }
							}
						},
						{
							"name": "SaddleLeather12",
							"from": [ 6.96, -2.28, 5.82 ],
							"to": [ 9.48, -0.9, 6.456 ],
							"rotationOrigin": [ 6.96, -2.04, 5.94 ],
							"rotationX": -4.0,
							"rotationY": 8.0,
							"rotationZ": -10.5,
							"faces": {
								"north": { "texture": "#plain", "uv": [ 0.0, 0.0, 2.0, 1.0 ], "autoUv": false },
								"east": { "texture": "#plain", "uv": [ 0.0, 0.0, 0.5, 1.0 ], "autoUv": false },
								"south": { "texture": "#plain", "uv": [ 0.0, 0.0, 2.0, 1.0 ], "autoUv": false },
								"west": { "texture": "#plain", "uv": [ 0.0, 0.0, 0.5, 1.0 ], "autoUv": false },
								"up": { "texture": "#plain", "uv": [ 0.0, 0.0, 2.0, 0.5 ], "autoUv": false },
								"down": { "texture": "#plain", "uv": [ 0.0, 0.0, 2.0, 0.5 ], "autoUv": false }
							}
						},
						{
							"name": "SaddleLeather13",
							"from": [ -3.36, -2.52, 5.82 ],
							"to": [ -0.48, -0.78, 6.456 ],
							"rotationOrigin": [ -3.36, -2.04, 5.94 ],
							"rotationX": -5.0,
							"rotationY": -0.25,
							"rotationZ": -4.5,
							"faces": {
								"north": { "texture": "#plain", "uv": [ 0.0, 0.0, 2.0, 1.0 ], "autoUv": false },
								"east": { "texture": "#plain", "uv": [ 0.0, 0.0, 0.5, 1.0 ], "autoUv": false },
								"south": { "texture": "#plain", "uv": [ 0.0, 0.0, 2.0, 1.0 ], "autoUv": false },
								"west": { "texture": "#plain", "uv": [ 0.0, 0.0, 0.5, 1.0 ], "autoUv": false },
								"up": { "texture": "#plain", "uv": [ 0.0, 0.0, 2.0, 0.5 ], "autoUv": false },
								"down": { "texture": "#plain", "uv": [ 0.0, 0.0, 2.0, 0.5 ], "autoUv": false }
							}
						},
						{
							"name": "SaddleLeather14",
							"from": [ -4.56, -1.8, 5.82 ],
							"to": [ -1.68, -0.84, 6.456 ],
							"rotationOrigin": [ -4.56, -2.04, 5.94 ],
							"rotationX": -5.0,
							"rotationY": -0.25,
							"rotationZ": -4.5,
							"faces": {
								"north": { "texture": "#plain", "uv": [ 0.0, 0.0, 2.0, 0.5 ], "autoUv": false },
								"east": { "texture": "#plain", "uv": [ 0.0, 0.0, 0.5, 0.5 ], "autoUv": false },
								"south": { "texture": "#plain", "uv": [ 0.0, 0.0, 2.0, 0.5 ], "autoUv": false },
								"west": { "texture": "#plain", "uv": [ 0.0, 0.0, 0.5, 0.5 ], "autoUv": false },
								"up": { "texture": "#plain", "uv": [ 0.0, 0.0, 2.0, 0.5 ], "autoUv": false },
								"down": { "texture": "#plain", "uv": [ 0.0, 0.0, 2.0, 0.5 ], "autoUv": false }
							}
						},
						{
							"name": "SaddleLeather15",
							"from": [ -7.2, 0.36, -3.6 ],
							"to": [ -4.68, 0.72, -2.4 ],
							"rotationOrigin": [ -7.56, 0.72, -3.6 ],
							"rotationZ": -2.5,
							"faces": {
								"north": { "texture": "#plain", "uv": [ 0.0, 0.0, 2.0, 0.5 ], "autoUv": false },
								"east": { "texture": "#plain", "uv": [ 0.0, 0.0, 1.0, 0.5 ], "autoUv": false },
								"south": { "texture": "#plain", "uv": [ 0.0, 0.0, 2.0, 0.5 ], "autoUv": false },
								"west": { "texture": "#plain", "uv": [ 0.0, 0.0, 1.0, 0.5 ], "autoUv": false },
								"up": { "texture": "#plain", "uv": [ 0.0, 0.0, 2.0, 1.0 ], "autoUv": false },
								"down": { "texture": "#plain", "uv": [ 0.0, 0.0, 2.0, 1.0 ], "autoUv": false }
							}
						},
						{
							"name": "SaddleLeather16",
							"from": [ -7.2, 0.36, 2.4 ],
							"to": [ -4.68, 0.72, 3.6 ],
							"rotationOrigin": [ -7.56, 0.72, 2.4 ],
							"rotationZ": -2.5,
							"faces": {
								"north": { "texture": "#plain", "uv": [ 0.0, 0.0, 2.0, 0.5 ], "autoUv": false },
								"east": { "texture": "#plain", "uv": [ 0.0, 0.0, 1.0, 0.5 ], "autoUv": false },
								"south": { "texture": "#plain", "uv": [ 0.0, 0.0, 2.0, 0.5 ], "autoUv": false },
								"west": { "texture": "#plain", "uv": [ 0.0, 0.0, 1.0, 0.5 ], "autoUv": false },
								"up": { "texture": "#plain", "uv": [ 0.0, 0.0, 2.0, 1.0 ], "autoUv": false },
								"down": { "texture": "#plain", "uv": [ 0.0, 0.0, 2.0, 1.0 ], "autoUv": false }
							}
						},
						{
							"name": "SaddleLeather17",
							"from": [ -4.56, -1.8, -6.18 ],
							"to": [ -1.68, -0.84, -5.544 ],
							"rotationOrigin": [ -4.56, -2.04, -6.06 ],
							"rotationX": 5.0,
							"rotationY": 0.75,
							"rotationZ": -2.5,
							"faces": {
								"north": { "texture": "#plain", "uv": [ 0.0, 0.0, 2.0, 0.5 ], "autoUv": false },
								"east": { "texture": "#plain", "uv": [ 0.0, 0.0, 0.5, 0.5 ], "autoUv": false },
								"south": { "texture": "#plain", "uv": [ 0.0, 0.0, 2.0, 0.5 ], "autoUv": false },
								"west": { "texture": "#plain", "uv": [ 0.0, 0.0, 0.5, 0.5 ], "autoUv": false },
								"up": { "texture": "#plain", "uv": [ 0.0, 0.0, 2.0, 0.5 ], "autoUv": false },
								"down": { "texture": "#plain", "uv": [ 0.0, 0.0, 2.0, 0.5 ], "autoUv": false }
							}
						},
						{
							"name": "SaddleLeather18",
							"from": [ -3.36, -2.52, -6.18 ],
							"to": [ -0.48, -0.78, -5.544 ],
							"rotationOrigin": [ -3.36, -2.04, -6.06 ],
							"rotationX": 5.0,
							"rotationY": -0.25,
							"rotationZ": -4.5,
							"faces": {
								"north": { "texture": "#plain", "uv": [ 0.0, 0.0, 2.0, 1.0 ], "autoUv": false },
								"east": { "texture": "#plain", "uv": [ 0.0, 0.0, 0.5, 1.0 ], "autoUv": false },
								"south": { "texture": "#plain", "uv": [ 0.0, 0.0, 2.0, 1.0 ], "autoUv": false },
								"west": { "texture": "#plain", "uv": [ 0.0, 0.0, 0.5, 1.0 ], "autoUv": false },
								"up": { "texture": "#plain", "uv": [ 0.0, 0.0, 2.0, 0.5 ], "autoUv": false },
								"down": { "texture": "#plain", "uv": [ 0.0, 0.0, 2.0, 0.5 ], "autoUv": false }
							}
						},
						{
							"name": "SaddleLeather19",
							"from": [ 7.2, -0.48, -3.48 ],
							"to": [ 10.2, 0.576, -1.644 ],
							"rotationOrigin": [ 7.2, 0.24, -2.4 ],
							"faces": {
								"north": { "texture": "#plain", "uv": [ 0.0, 0.0, 2.5, 0.5 ], "autoUv": false },
								"east": { "texture": "#plain", "uv": [ 0.0, 0.0, 1.5, 0.5 ], "autoUv": false },
								"south": { "texture": "#plain", "uv": [ 0.0, 0.0, 2.5, 0.5 ], "autoUv": false },
								"west": { "texture": "#plain", "uv": [ 0.0, 0.0, 1.5, 0.5 ], "autoUv": false },
								"up": { "texture": "#plain", "uv": [ 0.0, 0.0, 2.5, 1.5 ], "autoUv": false },
								"down": { "texture": "#plain", "uv": [ 0.0, 0.0, 2.5, 1.5 ], "autoUv": false }
							}
						},
						{
							"name": "SaddleLeather20",
							"from": [ 10.26, -0.024, -6.936 ],
							"to": [ 12.42, 0.552, -1.536 ],
							"rotationOrigin": [ 12.6, 0.24, -2.136 ],
							"rotationX": -26.0,
							"rotationY": 28.5,
							"rotationZ": 6.0,
							"faces": {
								"north": { "texture": "#plain", "uv": [ 0.0, 0.0, 1.5, 0.5 ], "autoUv": false },
								"east": { "texture": "#plain", "uv": [ 0.0, 0.0, 4.5, 0.5 ], "autoUv": false },
								"south": { "texture": "#plain", "uv": [ 0.0, 0.0, 1.5, 0.5 ], "autoUv": false },
								"west": { "texture": "#plain", "uv": [ 0.0, 0.0, 4.5, 0.5 ], "autoUv": false },
								"up": { "texture": "#plain", "uv": [ 0.0, 0.0, 1.5, 4.5 ], "autoUv": false },
								"down": { "texture": "#plain", "uv": [ 0.0, 0.0, 1.5, 4.5 ], "autoUv": false }
							}
						},
						{
							"name": "SaddleLeather21",
							"from": [ 7.02, -0.12, -6.12 ],
							"to": [ 9.9, 0.48, -3.084 ],
							"rotationOrigin": [ 7.08, -0.12, -3.54 ],
							"rotationX": -25.0,
							"rotationZ": -15.0,
							"faces": {
								"north": { "texture": "#plain", "uv": [ 0.0, 0.0, 2.0, 0.5 ], "autoUv": false },
								"east": { "texture": "#plain", "uv": [ 0.0, 0.0, 2.5, 0.5 ], "autoUv": false },
								"south": { "texture": "#plain", "uv": [ 0.0, 0.0, 2.0, 0.5 ], "autoUv": false },
								"west": { "texture": "#plain", "uv": [ 0.0, 0.0, 2.5, 0.5 ], "autoUv": false },
								"up": { "texture": "#plain", "uv": [ 0.0, 0.0, 2.0, 2.5 ], "autoUv": false },
								"down": { "texture": "#plain", "uv": [ 0.0, 0.0, 2.0, 2.5 ], "autoUv": false }
							}
						},
						{
							"name": "SaddleLeather22",
							"from": [ 6.96, -2.28, -6.18 ],
							"to": [ 9.48, -0.9, -5.544 ],
							"rotationOrigin": [ 6.96, -2.04, -6.06 ],
							"rotationX": 4.0,
							"rotationY": -8.0,
							"rotationZ": -10.5,
							"faces": {
								"north": { "texture": "#plain", "uv": [ 0.0, 0.0, 2.0, 1.0 ], "autoUv": false },
								"east": { "texture": "#plain", "uv": [ 0.0, 0.0, 0.5, 1.0 ], "autoUv": false },
								"south": { "texture": "#plain", "uv": [ 0.0, 0.0, 2.0, 1.0 ], "autoUv": false },
								"west": { "texture": "#plain", "uv": [ 0.0, 0.0, 0.5, 1.0 ], "autoUv": false },
								"up": { "texture": "#plain", "uv": [ 0.0, 0.0, 2.0, 0.5 ], "autoUv": false },
								"down": { "texture": "#plain", "uv": [ 0.0, 0.0, 2.0, 0.5 ], "autoUv": false }
							}
						},
						{
							"name": "SaddleLeather23",
							"from": [ 6.96, -3.24, -6.336 ],
							"to": [ 9.48, -1.74, -5.7 ],
							"rotationOrigin": [ 6.96, -3.24, -6.06 ],
							"rotationX": 8.0,
							"rotationY": -8.0,
							"rotationZ": 14.0,
							"faces": {
								"north": { "texture": "#plain", "uv": [ 0.0, 0.0, 2.0, 1.0 ], "autoUv": false },
								"east": { "texture": "#plain", "uv": [ 0.0, 0.0, 0.5, 1.0 ], "autoUv": false },
								"south": { "texture": "#plain", "uv": [ 0.0, 0.0, 2.0, 1.0 ], "autoUv": false },
								"west": { "texture": "#plain", "uv": [ 0.0, 0.0, 0.5, 1.0 ], "autoUv": false },
								"up": { "texture": "#plain", "uv": [ 0.0, 0.0, 2.0, 0.5 ], "autoUv": false },
								"down": { "texture": "#plain", "uv": [ 0.0, 0.0, 2.0, 0.5 ], "autoUv": false }
							}
						},
						{
							"name": "SaddleLeather24",
							"from": [ -7.2, 0.324, -3.6 ],
							"to": [ -6.0, 0.684, -1.8 ],
							"rotationOrigin": [ -7.2, 0.0, -3.6 ],
							"rotationX": 1.0,
							"rotationY": -45.0,
							"faces": {
								"north": { "texture": "#plain", "uv": [ 0.0, 0.0, 1.0, 0.5 ], "autoUv": false },
								"east": { "texture": "#plain", "uv": [ 0.0, 0.0, 1.5, 0.5 ], "autoUv": false },
								"south": { "texture": "#plain", "uv": [ 0.0, 0.0, 1.0, 0.5 ], "autoUv": false },
								"west": { "texture": "#plain", "uv": [ 0.0, 0.0, 1.5, 0.5 ], "autoUv": false },
								"up": { "texture": "#plain", "uv": [ 0.0, 0.0, 1.0, 1.5 ], "autoUv": false },
								"down": { "texture": "#plain", "uv": [ 0.0, 0.0, 1.0, 1.5 ], "autoUv": false }
							}
						},
						{
							"name": "SaddleLeather25",
							"from": [ -5.4, -0.876, -6.18 ],
							"to": [ -3.54, -0.456, -2.58 ],
							"rotationOrigin": [ -4.8, -0.876, -6.0 ],
							"rotationX": -19.5,
							"rotationY": -27.5,
							"rotationZ": -8.0,
							"faces": {
								"north": { "texture": "#plain", "uv": [ 0.0, 0.0, 1.5, 0.5 ], "autoUv": false },
								"east": { "texture": "#plain", "uv": [ 0.0, 0.0, 3.0, 0.5 ], "autoUv": false },
								"south": { "texture": "#plain", "uv": [ 0.0, 0.0, 1.5, 0.5 ], "autoUv": false },
								"west": { "texture": "#plain", "uv": [ 0.0, 0.0, 3.0, 0.5 ], "autoUv": false },
								"up": { "texture": "#plain", "uv": [ 0.0, 0.0, 1.5, 3.0 ], "autoUv": false },
								"down": { "texture": "#plain", "uv": [ 0.0, 0.0, 1.5, 3.0 ], "autoUv": false }
							}
						},
						{
							"name": "SaddleLeather26",
							"from": [ -8.4, 0.324, 2.4 ],
							"to": [ -7.2, 0.684, 4.2 ],
							"rotationOrigin": [ -8.4, 0.0, 2.4 ],
							"rotationX": 1.0,
							"rotationY": 22.5,
							"faces": {
								"north": { "texture": "#plain", "uv": [ 0.0, 0.0, 1.0, 0.5 ], "autoUv": false },
								"east": { "texture": "#plain", "uv": [ 0.0, 0.0, 1.5, 0.5 ], "autoUv": false },
								"south": { "texture": "#plain", "uv": [ 0.0, 0.0, 1.0, 0.5 ], "autoUv": false },
								"west": { "texture": "#plain", "uv": [ 0.0, 0.0, 1.5, 0.5 ], "autoUv": false },
								"up": { "texture": "#plain", "uv": [ 0.0, 0.0, 1.0, 1.5 ], "autoUv": false },
								"down": { "texture": "#plain", "uv": [ 0.0, 0.0, 1.0, 1.5 ], "autoUv": false }
							}
						},
						{
							"name": "SaddleLeather27",
							"from": [ -7.2, 0.0, 3.42 ],
							"to": [ -5.232, 0.48, 7.02 ],
							"rotationOrigin": [ -7.2, -0.876, 3.6 ],
							"rotationX": 22.0,
							"rotationY": 43.0,
							"rotationZ": -7.0,
							"faces": {
								"north": { "texture": "#plain", "uv": [ 0.0, 0.0, 1.5, 0.5 ], "autoUv": false },
								"east": { "texture": "#plain", "uv": [ 0.0, 0.0, 3.0, 0.5 ], "autoUv": false },
								"south": { "texture": "#plain", "uv": [ 0.0, 0.0, 1.5, 0.5 ], "autoUv": false },
								"west": { "texture": "#plain", "uv": [ 0.0, 0.0, 3.0, 0.5 ], "autoUv": false },
								"up": { "texture": "#plain", "uv": [ 0.0, 0.0, 1.5, 3.0 ], "autoUv": false },
								"down": { "texture": "#plain", "uv": [ 0.0, 0.0, 1.5, 3.0 ], "autoUv": false }
							}
						}
					]
				},
				{
					"name": "SaddleRim",
					"from": [ 0.0, 0.0, 0.0 ],
					"to": [ 0.0, 0.0, 0.0 ],
					"faces": {
						"north": { "texture": "#plaindark", "uv": [ 0.0, 0.0, 0.5, 0.5 ], "autoUv": false },
						"east": { "texture": "#plaindark", "uv": [ 0.0, 0.0, 0.5, 0.5 ], "autoUv": false },
						"south": { "texture": "#plaindark", "uv": [ 0.0, 0.0, 0.5, 0.5 ], "autoUv": false },
						"west": { "texture": "#plaindark", "uv": [ 0.0, 0.0, 0.5, 0.5 ], "autoUv": false },
						"up": { "texture": "#plaindark", "uv": [ 0.0, 0.0, 0.5, 0.5 ], "autoUv": false },
						"down": { "texture": "#plaindark", "uv": [ 0.0, 0.0, 0.5, 0.5 ], "autoUv": false }
					},
					"children": [
						{
							"name": "Cube6",
							"from": [ -8.016, 0.9, -2.16 ],
							"to": [ -7.056, 2.1, 2.64 ],
							"rotationOrigin": [ -8.016, 1.2, -2.1 ],
							"rotationZ": -22.5,
							"faces": {
								"north": { "texture": "#plaindark", "uv": [ 0.0, 0.0, 0.5, 1.0 ], "autoUv": false },
								"east": { "texture": "#plaindark", "uv": [ 0.0, 0.0, 4.0, 1.0 ], "autoUv": false },
								"south": { "texture": "#plaindark", "uv": [ 0.0, 0.0, 0.5, 1.0 ], "autoUv": false },
								"west": { "texture": "#plaindark", "uv": [ 0.0, 0.0, 4.0, 1.0 ], "autoUv": false },
								"up": { "texture": "#plaindark", "uv": [ 0.0, 0.0, 0.5, 4.0 ], "autoUv": false },
								"down": { "texture": "#plaindark", "uv": [ 0.0, 0.0, 0.5, 4.0 ], "autoUv": false }
							}
						},
						{
							"name": "Cube47",
							"from": [ -8.04, 1.2, -1.86 ],
							"to": [ -1.32, 2.4, -1.02 ],
							"rotationOrigin": [ -8.4, 1.2, -1.74 ],
							"rotationX": 27.94,
							"rotationY": 36.8,
							"rotationZ": -39.36,
							"faces": {
								"north": { "texture": "#plaindark", "uv": [ 0.0, 0.0, 5.5, 1.0 ], "autoUv": false },
								"east": { "texture": "#plaindark", "uv": [ 0.0, 0.0, 0.5, 1.0 ], "autoUv": false },
								"south": { "texture": "#plaindark", "uv": [ 0.0, 0.0, 5.5, 1.0 ], "autoUv": false },
								"west": { "texture": "#plaindark", "uv": [ 0.0, 0.0, 0.5, 1.0 ], "autoUv": false },
								"up": { "texture": "#plaindark", "uv": [ 0.0, 0.0, 5.5, 0.5 ], "autoUv": false },
								"down": { "texture": "#plaindark", "uv": [ 0.0, 0.0, 5.5, 0.5 ], "autoUv": false }
							}
						},
						{
							"name": "Cube48",
							"from": [ -3.18, -6.6, -6.84 ],
							"to": [ -1.98, -0.6, -6.0 ],
							"rotationOrigin": [ -3.18, -1.8, -6.84 ],
							"rotationZ": 53.5,
							"faces": {
								"north": { "texture": "#plaindark", "uv": [ 0.0, 0.0, 1.0, 5.0 ], "autoUv": false },
								"east": { "texture": "#plaindark", "uv": [ 0.0, 0.0, 0.5, 5.0 ], "autoUv": false },
								"south": { "texture": "#plaindark", "uv": [ 0.0, 0.0, 1.0, 5.0 ], "autoUv": false },
								"west": { "texture": "#plaindark", "uv": [ 0.0, 0.0, 0.5, 5.0 ], "autoUv": false },
								"up": { "texture": "#plaindark", "uv": [ 0.0, 0.0, 1.0, 0.5 ], "autoUv": false },
								"down": { "texture": "#plaindark", "uv": [ 0.0, 0.0, 1.0, 0.5 ], "autoUv": false }
							}
						},
						{
							"name": "Cube51",
							"from": [ 0.6, -4.62, -6.852 ],
							"to": [ 6.6, -3.42, -6.012 ],
							"rotationOrigin": [ 0.6, -4.62, -6.84 ],
							"faces": {
								"north": { "texture": "#plaindark", "uv": [ 0.0, 0.0, 5.0, 1.0 ], "autoUv": false },
								"east": { "texture": "#plaindark", "uv": [ 0.0, 0.0, 0.5, 1.0 ], "autoUv": false },
								"south": { "texture": "#plaindark", "uv": [ 0.0, 0.0, 5.0, 1.0 ], "autoUv": false },
								"west": { "texture": "#plaindark", "uv": [ 0.0, 0.0, 0.5, 1.0 ], "autoUv": false },
								"up": { "texture": "#plaindark", "uv": [ 0.0, 0.0, 5.0, 0.5 ], "autoUv": false },
								"down": { "texture": "#plaindark", "uv": [ 0.0, 0.0, 5.0, 0.5 ], "autoUv": false }
							}
						},
						{
							"name": "Cube52",
							"from": [ 7.62, -9.0, -6.6 ],
							"to": [ 8.82, -3.0, -5.76 ],
							"rotationOrigin": [ 7.62, -4.2, -6.6 ],
							"rotationY": -11.0,
							"rotationZ": 112.5,
							"faces": {
								"north": { "texture": "#plaindark", "uv": [ 0.0, 0.0, 1.0, 5.0 ], "autoUv": false },
								"east": { "texture": "#plaindark", "uv": [ 0.0, 0.0, 0.5, 5.0 ], "autoUv": false },
								"south": { "texture": "#plaindark", "uv": [ 0.0, 0.0, 1.0, 5.0 ], "autoUv": false },
								"west": { "texture": "#plaindark", "uv": [ 0.0, 0.0, 0.5, 5.0 ], "autoUv": false },
								"up": { "texture": "#plaindark", "uv": [ 0.0, 0.0, 1.0, 0.5 ], "autoUv": false },
								"down": { "texture": "#plaindark", "uv": [ 0.0, 0.0, 1.0, 0.5 ], "autoUv": false }
							}
						},
						{
							"name": "Cube61",
							"from": [ 14.4, 0.0, 0.0 ],
							"to": [ 20.76, 1.2, 0.84 ],
							"rotationOrigin": [ 14.4, 0.0, -0.18 ],
							"rotationX": -152.06,
							"rotationY": 45.0,
							"rotationZ": 134.0,
							"faces": {
								"north": { "texture": "#plaindark", "uv": [ 0.0, 0.0, 5.0, 1.0 ], "autoUv": false },
								"east": { "texture": "#plaindark", "uv": [ 0.0, 0.0, 0.5, 1.0 ], "autoUv": false },
								"south": { "texture": "#plaindark", "uv": [ 0.0, 0.0, 5.0, 1.0 ], "autoUv": false },
								"west": { "texture": "#plaindark", "uv": [ 0.0, 0.0, 0.5, 1.0 ], "autoUv": false },
								"up": { "texture": "#plaindark", "uv": [ 0.0, 0.0, 5.0, 0.5 ], "autoUv": false },
								"down": { "texture": "#plaindark", "uv": [ 0.0, 0.0, 5.0, 0.5 ], "autoUv": false }
							}
						},
						{
							"name": "Cube60",
							"from": [ 14.16, -0.084, -1.68 ],
							"to": [ 15.24, 1.116, 1.92 ],
							"rotationOrigin": [ 14.16, -0.084, -2.16 ],
							"rotationZ": 22.5,
							"faces": {
								"north": { "texture": "#plaindark", "uv": [ 0.0, 0.0, 0.5, 1.0 ], "autoUv": false },
								"east": { "texture": "#plaindark", "uv": [ 0.0, 0.0, 3.0, 1.0 ], "autoUv": false },
								"south": { "texture": "#plaindark", "uv": [ 0.0, 0.0, 0.5, 1.0 ], "autoUv": false },
								"west": { "texture": "#plaindark", "uv": [ 0.0, 0.0, 3.0, 1.0 ], "autoUv": false },
								"up": { "texture": "#plaindark", "uv": [ 0.0, 0.0, 0.5, 3.0 ], "autoUv": false },
								"down": { "texture": "#plaindark", "uv": [ 0.0, 0.0, 0.5, 3.0 ], "autoUv": false }
							}
						},
						{
							"name": "Cube67",
							"from": [ -8.34, 0.96, 2.64 ],
							"to": [ -7.14, 2.16, 9.12 ],
							"rotationOrigin": [ -8.22, 0.96, 2.64 ],
							"rotationX": 26.94,
							"rotationY": 41.29,
							"rotationZ": -39.36,
							"faces": {
								"north": { "texture": "#plaindark", "uv": [ 0.0, 0.0, 1.0, 1.0 ], "autoUv": false },
								"east": { "texture": "#plaindark", "uv": [ 0.0, 0.0, 5.0, 1.0 ], "autoUv": false },
								"south": { "texture": "#plaindark", "uv": [ 0.0, 0.0, 1.0, 1.0 ], "autoUv": false },
								"west": { "texture": "#plaindark", "uv": [ 0.0, 0.0, 5.0, 1.0 ], "autoUv": false },
								"up": { "texture": "#plaindark", "uv": [ 0.0, 0.0, 1.0, 5.0 ], "autoUv": false },
								"down": { "texture": "#plaindark", "uv": [ 0.0, 0.0, 1.0, 5.0 ], "autoUv": false }
							}
						},
						{
							"name": "Cube69",
							"from": [ -3.18, -6.6, 6.24 ],
							"to": [ -1.98, -0.6, 7.08 ],
							"rotationOrigin": [ -3.18, -1.8, 6.24 ],
							"rotationZ": 53.5,
							"faces": {
								"north": { "texture": "#plaindark", "uv": [ 0.0, 0.0, 1.0, 5.0 ], "autoUv": false },
								"east": { "texture": "#plaindark", "uv": [ 0.0, 0.0, 0.5, 5.0 ], "autoUv": false },
								"south": { "texture": "#plaindark", "uv": [ 0.0, 0.0, 1.0, 5.0 ], "autoUv": false },
								"west": { "texture": "#plaindark", "uv": [ 0.0, 0.0, 0.5, 5.0 ], "autoUv": false },
								"up": { "texture": "#plaindark", "uv": [ 0.0, 0.0, 1.0, 0.5 ], "autoUv": false },
								"down": { "texture": "#plaindark", "uv": [ 0.0, 0.0, 1.0, 0.5 ], "autoUv": false }
							}
						},
						{
							"name": "Cube71",
							"from": [ 0.6, -4.62, 6.252 ],
							"to": [ 6.6, -3.42, 7.092 ],
							"rotationOrigin": [ 0.6, -4.62, 6.36 ],
							"faces": {
								"north": { "texture": "#plaindark", "uv": [ 0.0, 0.0, 5.0, 1.0 ], "autoUv": false },
								"east": { "texture": "#plaindark", "uv": [ 0.0, 0.0, 0.5, 1.0 ], "autoUv": false },
								"south": { "texture": "#plaindark", "uv": [ 0.0, 0.0, 5.0, 1.0 ], "autoUv": false },
								"west": { "texture": "#plaindark", "uv": [ 0.0, 0.0, 0.5, 1.0 ], "autoUv": false },
								"up": { "texture": "#plaindark", "uv": [ 0.0, 0.0, 5.0, 0.5 ], "autoUv": false },
								"down": { "texture": "#plaindark", "uv": [ 0.0, 0.0, 5.0, 0.5 ], "autoUv": false }
							}
						},
						{
							"name": "Cube72",
							"from": [ 7.68, -8.58, 6.0 ],
							"to": [ 8.88, -2.82, 6.84 ],
							"rotationOrigin": [ 7.62, -4.2, 6.0 ],
							"rotationY": 6.0,
							"rotationZ": 112.5,
							"faces": {
								"north": { "texture": "#plaindark", "uv": [ 0.0, 0.0, 1.0, 4.5 ], "autoUv": false },
								"east": { "texture": "#plaindark", "uv": [ 0.0, 0.0, 0.5, 4.5 ], "autoUv": false },
								"south": { "texture": "#plaindark", "uv": [ 0.0, 0.0, 1.0, 4.5 ], "autoUv": false },
								"west": { "texture": "#plaindark", "uv": [ 0.0, 0.0, 0.5, 4.5 ], "autoUv": false },
								"up": { "texture": "#plaindark", "uv": [ 0.0, 0.0, 1.0, 0.5 ], "autoUv": false },
								"down": { "texture": "#plaindark", "uv": [ 0.0, 0.0, 1.0, 0.5 ], "autoUv": false }
							}
						},
						{
							"name": "Cube74",
							"from": [ 15.78, 1.08, 2.04 ],
							"to": [ 16.98, 1.92, 8.4 ],
							"rotationOrigin": [ 15.6, 0.24, 2.28 ],
							"rotationX": 29.0,
							"rotationY": -32.0,
							"rotationZ": 129.06,
							"faces": {
								"north": { "texture": "#plaindark", "uv": [ 0.0, 0.0, 1.0, 0.5 ], "autoUv": false },
								"east": { "texture": "#plaindark", "uv": [ 0.0, 0.0, 5.0, 0.5 ], "autoUv": false },
								"south": { "texture": "#plaindark", "uv": [ 0.0, 0.0, 1.0, 0.5 ], "autoUv": false },
								"west": { "texture": "#plaindark", "uv": [ 0.0, 0.0, 5.0, 0.5 ], "autoUv": false },
								"up": { "texture": "#plaindark", "uv": [ 0.0, 0.0, 1.0, 5.0 ], "autoUv": false },
								"down": { "texture": "#plaindark", "uv": [ 0.0, 0.0, 1.0, 5.0 ], "autoUv": false }
							}
						},
						{
							"name": "Cube9",
							"from": [ 12.0, -0.3, -1.08 ],
							"to": [ 15.6, 0.9, 1.32 ],
							"rotationOrigin": [ 10.8, 0.0, -1.2 ],
							"rotationZ": 11.0,
							"faces": {
								"north": { "texture": "#plaindark", "uv": [ 0.0, 0.0, 3.0, 1.0 ], "autoUv": false },
								"east": { "texture": "#plaindark", "uv": [ 0.0, 0.0, 2.0, 1.0 ], "autoUv": false },
								"south": { "texture": "#plaindark", "uv": [ 0.0, 0.0, 3.0, 1.0 ], "autoUv": false },
								"west": { "texture": "#plaindark", "uv": [ 0.0, 0.0, 2.0, 1.0 ], "autoUv": false },
								"up": { "texture": "#plaindark", "uv": [ 0.0, 0.0, 3.0, 2.0 ], "autoUv": false },
								"down": { "texture": "#plaindark", "uv": [ 0.0, 0.0, 3.0, 2.0 ], "autoUv": false }
							}
						},
						{
							"name": "Cube62",
							"from": [ -7.8, 1.032, -1.02 ],
							"to": [ -6.36, 2.232, 1.38 ],
							"rotationOrigin": [ -7.2, 2.4, 0.0 ],
							"rotationZ": -57.5,
							"faces": {
								"north": { "texture": "#plaindark", "uv": [ 0.0, 0.0, 1.0, 1.0 ], "autoUv": false },
								"east": { "texture": "#plaindark", "uv": [ 0.0, 0.0, 2.0, 1.0 ], "autoUv": false },
								"south": { "texture": "#plaindark", "uv": [ 0.0, 0.0, 1.0, 1.0 ], "autoUv": false },
								"west": { "texture": "#plaindark", "uv": [ 0.0, 0.0, 2.0, 1.0 ], "autoUv": false },
								"up": { "texture": "#plaindark", "uv": [ 0.0, 0.0, 1.0, 2.0 ], "autoUv": false },
								"down": { "texture": "#plaindark", "uv": [ 0.0, 0.0, 1.0, 2.0 ], "autoUv": false }
							}
						},
						{
							"name": "Cube63",
							"from": [ -9.0, 2.232, -0.9 ],
							"to": [ -7.38, 3.432, 1.26 ],
							"rotationOrigin": [ -8.4, 3.6, 0.0 ],
							"rotationZ": -39.5,
							"faces": {
								"north": { "texture": "#plaindark", "uv": [ 0.0, 0.0, 1.0, 1.0 ], "autoUv": false },
								"east": { "texture": "#plaindark", "uv": [ 0.0, 0.0, 1.5, 1.0 ], "autoUv": false },
								"south": { "texture": "#plaindark", "uv": [ 0.0, 0.0, 1.0, 1.0 ], "autoUv": false },
								"west": { "texture": "#plaindark", "uv": [ 0.0, 0.0, 1.5, 1.0 ], "autoUv": false },
								"up": { "texture": "#plaindark", "uv": [ 0.0, 0.0, 1.0, 1.5 ], "autoUv": false },
								"down": { "texture": "#plaindark", "uv": [ 0.0, 0.0, 1.0, 1.5 ], "autoUv": false }
							}
						}
					]
				},
				{
					"name": "SChestStraps",
					"from": [ -6.0, -0.6, 0.0 ],
					"to": [ -6.0, -0.6, 0.0 ],
					"rotationOrigin": [ -6.0, -1.2, 0.0 ],
					"rotationZ": 8.0,
					"faces": {
						"north": { "texture": "#plainblack", "uv": [ 0.0, 0.0, 0.5, 0.5 ], "autoUv": false },
						"east": { "texture": "#plainblack", "uv": [ 0.0, 0.0, 0.5, 0.5 ], "autoUv": false },
						"south": { "texture": "#plainblack", "uv": [ 0.0, 0.0, 0.5, 0.5 ], "autoUv": false },
						"west": { "texture": "#plainblack", "uv": [ 0.0, 0.0, 0.5, 0.5 ], "autoUv": false },
						"up": { "texture": "#plainblack", "uv": [ 0.0, 0.0, 0.5, 0.5 ], "autoUv": false },
						"down": { "texture": "#plainblack", "uv": [ 0.0, 0.0, 0.5, 0.5 ], "autoUv": false }
					},
					"children": [
						{
							"name": "Cube65",
							"from": [ -3.6, -8.4, -6.36 ],
							"to": [ -1.8, 1.2, -6.0 ],
							"rotationOrigin": [ -3.6, -8.4, -6.0 ],
							"rotationZ": -33.5,
							"faces": {
								"north": { "texture": "#plainblack", "uv": [ 0.0, 0.0, 1.5, 8.0 ], "autoUv": false },
								"east": { "texture": "#plainblack", "uv": [ 0.0, 0.0, 0.5, 8.0 ], "autoUv": false },
								"south": { "texture": "#plainblack", "uv": [ 0.0, 0.0, 1.5, 8.0 ], "autoUv": false },
								"west": { "texture": "#plainblack", "uv": [ 0.0, 0.0, 0.5, 8.0 ], "autoUv": false },
								"up": { "texture": "#plainblack", "uv": [ 0.0, 0.0, 1.5, 0.5 ], "autoUv": false },
								"down": { "texture": "#plainblack", "uv": [ 0.0, 0.0, 1.5, 0.5 ], "autoUv": false }
							}
						},
						{
							"name": "Cube75",
							"from": [ -3.6, -8.4, -6.36 ],
							"to": [ -1.8, -8.04, -0.72 ],
							"rotationOrigin": [ -3.6, -8.4, -6.0 ],
							"rotationX": 17.0,
							"rotationY": -13.0,
							"rotationZ": -33.5,
							"faces": {
								"north": { "texture": "#plainblack", "uv": [ 0.0, 0.0, 1.5, 0.5 ], "autoUv": false },
								"east": { "texture": "#plainblack", "uv": [ 0.0, 0.0, 4.5, 0.5 ], "autoUv": false },
								"south": { "texture": "#plainblack", "uv": [ 0.0, 0.0, 1.5, 0.5 ], "autoUv": false },
								"west": { "texture": "#plainblack", "uv": [ 0.0, 0.0, 4.5, 0.5 ], "autoUv": false },
								"up": { "texture": "#plainblack", "uv": [ 0.0, 0.0, 1.5, 4.5 ], "autoUv": false },
								"down": { "texture": "#plainblack", "uv": [ 0.0, 0.0, 1.5, 4.5 ], "autoUv": false }
							},
							"children": [
								{
									"name": "Cube140",
									"from": [ 0.012, -0.24, 5.16 ],
									"to": [ 0.372, 0.48, 5.88 ],
									"rotationOrigin": [ 0.0, 0.0, 5.16 ],
									"faces": {
										"north": { "texture": "#plainblack", "uv": [ 0.0, 0.0, 0.5, 0.5 ], "autoUv": false },
										"east": { "texture": "#plainblack", "uv": [ 0.0, 0.0, 0.5, 0.5 ], "autoUv": false },
										"south": { "texture": "#plainblack", "uv": [ 0.0, 0.0, 0.5, 0.5 ], "autoUv": false },
										"west": { "texture": "#plainblack", "uv": [ 0.0, 0.0, 0.5, 0.5 ], "autoUv": false },
										"up": { "texture": "#plainblack", "uv": [ 0.0, 0.0, 0.5, 0.5 ], "autoUv": false },
										"down": { "texture": "#plainblack", "uv": [ 0.0, 0.0, 0.5, 0.5 ], "autoUv": false }
									}
								},
								{
									"name": "Cube141",
									"from": [ 1.212, -0.24, 5.16 ],
									"to": [ 1.572, 0.48, 5.88 ],
									"rotationOrigin": [ 1.2, 0.0, 5.16 ],
									"faces": {
										"north": { "texture": "#plainblack", "uv": [ 0.0, 0.0, 0.5, 0.5 ], "autoUv": false },
										"east": { "texture": "#plainblack", "uv": [ 0.0, 0.0, 0.5, 0.5 ], "autoUv": false },
										"south": { "texture": "#plainblack", "uv": [ 0.0, 0.0, 0.5, 0.5 ], "autoUv": false },
										"west": { "texture": "#plainblack", "uv": [ 0.0, 0.0, 0.5, 0.5 ], "autoUv": false },
										"up": { "texture": "#plainblack", "uv": [ 0.0, 0.0, 0.5, 0.5 ], "autoUv": false },
										"down": { "texture": "#plainblack", "uv": [ 0.0, 0.0, 0.5, 0.5 ], "autoUv": false }
									}
								}
							]
						},
						{
							"name": "Cube66",
							"from": [ -3.6, -8.4, 6.24 ],
							"to": [ -1.8, 1.2, 6.6 ],
							"rotationOrigin": [ -3.6, -8.4, 6.0 ],
							"rotationZ": -33.5,
							"faces": {
								"north": { "texture": "#plainblack", "uv": [ 0.0, 0.0, 1.5, 8.0 ], "autoUv": false },
								"east": { "texture": "#plainblack", "uv": [ 0.0, 0.0, 0.5, 8.0 ], "autoUv": false },
								"south": { "texture": "#plainblack", "uv": [ 0.0, 0.0, 1.5, 8.0 ], "autoUv": false },
								"west": { "texture": "#plainblack", "uv": [ 0.0, 0.0, 0.5, 8.0 ], "autoUv": false },
								"up": { "texture": "#plainblack", "uv": [ 0.0, 0.0, 1.5, 0.5 ], "autoUv": false },
								"down": { "texture": "#plainblack", "uv": [ 0.0, 0.0, 1.5, 0.5 ], "autoUv": false }
							}
						},
						{
							"name": "Cube76",
							"from": [ -3.6, -8.4, 1.44 ],
							"to": [ -1.8, -8.04, 6.6 ],
							"rotationOrigin": [ -3.6, -8.4, 6.6 ],
							"rotationX": -17.0,
							"rotationY": 11.0,
							"rotationZ": -33.5,
							"faces": {
								"north": { "texture": "#plainblack", "uv": [ 0.0, 0.0, 1.5, 0.5 ], "autoUv": false },
								"east": { "texture": "#plainblack", "uv": [ 0.0, 0.0, 4.0, 0.5 ], "autoUv": false },
								"south": { "texture": "#plainblack", "uv": [ 0.0, 0.0, 1.5, 0.5 ], "autoUv": false },
								"west": { "texture": "#plainblack", "uv": [ 0.0, 0.0, 4.0, 0.5 ], "autoUv": false },
								"up": { "texture": "#plainblack", "uv": [ 0.0, 0.0, 1.5, 4.0 ], "autoUv": false },
								"down": { "texture": "#plainblack", "uv": [ 0.0, 0.0, 1.5, 4.0 ], "autoUv": false }
							},
							"children": [
								{
									"name": "Cube142",
									"from": [ 0.012, -0.24, -0.54 ],
									"to": [ 0.372, 0.48, 0.18 ],
									"rotationOrigin": [ 0.0, 0.0, -0.54 ],
									"faces": {
										"north": { "texture": "#plainblack", "uv": [ 0.0, 0.0, 0.5, 0.5 ], "autoUv": false },
										"east": { "texture": "#plainblack", "uv": [ 0.0, 0.0, 0.5, 0.5 ], "autoUv": false },
										"south": { "texture": "#plainblack", "uv": [ 0.0, 0.0, 0.5, 0.5 ], "autoUv": false },
										"west": { "texture": "#plainblack", "uv": [ 0.0, 0.0, 0.5, 0.5 ], "autoUv": false },
										"up": { "texture": "#plainblack", "uv": [ 0.0, 0.0, 0.5, 0.5 ], "autoUv": false },
										"down": { "texture": "#plainblack", "uv": [ 0.0, 0.0, 0.5, 0.5 ], "autoUv": false }
									}
								},
								{
									"name": "Cube143",
									"from": [ 1.212, -0.24, -0.54 ],
									"to": [ 1.572, 0.48, 0.18 ],
									"rotationOrigin": [ 0.0, 0.0, -0.54 ],
									"faces": {
										"north": { "texture": "#plainblack", "uv": [ 0.0, 0.0, 0.5, 0.5 ], "autoUv": false },
										"east": { "texture": "#plainblack", "uv": [ 0.0, 0.0, 0.5, 0.5 ], "autoUv": false },
										"south": { "texture": "#plainblack", "uv": [ 0.0, 0.0, 0.5, 0.5 ], "autoUv": false },
										"west": { "texture": "#plainblack", "uv": [ 0.0, 0.0, 0.5, 0.5 ], "autoUv": false },
										"up": { "texture": "#plainblack", "uv": [ 0.0, 0.0, 0.5, 0.5 ], "autoUv": false },
										"down": { "texture": "#plainblack", "uv": [ 0.0, 0.0, 0.5, 0.5 ], "autoUv": false }
									}
								}
							]
						},
						{
							"name": "SChestRing",
							"from": [ -5.1932, -10.044, 0.0989 ],
							"to": [ -5.1932, -10.044, 0.0989 ],
							"rotationOrigin": [ -5.196, -10.044, 0.0989 ],
							"rotationX": 13.0,
							"rotationY": -9.0,
							"rotationZ": -35.0,
							"faces": {
								"north": { "texture": "#plaindark", "uv": [ 0.0, 0.0, 0.5, 0.5 ], "autoUv": false },
								"east": { "texture": "#plaindark", "uv": [ 0.0, 0.0, 0.5, 0.5 ], "autoUv": false },
								"south": { "texture": "#plaindark", "uv": [ 0.0, 0.0, 0.5, 0.5 ], "autoUv": false },
								"west": { "texture": "#plaindark", "uv": [ 0.0, 0.0, 0.5, 0.5 ], "autoUv": false },
								"up": { "texture": "#plaindark", "uv": [ 0.0, 0.0, 0.5, 0.5 ], "autoUv": false },
								"down": { "texture": "#plaindark", "uv": [ 0.0, 0.0, 0.5, 0.5 ], "autoUv": false }
							},
							"children": [
								{
									"name": "Cube121",
									"from": [ 0.0, 0.0, -1.5 ],
									"to": [ 2.28, 0.36, -1.14 ],
									"rotationOrigin": [ 1.74, -0.12, -1.62 ],
									"faces": {
										"north": { "texture": "#brass", "uv": [ 0.0, 0.0, 1.5, 0.5 ], "autoUv": false },
										"east": { "texture": "#brass", "uv": [ 0.0, 0.0, 0.5, 0.5 ], "autoUv": false },
										"south": { "texture": "#brass", "uv": [ 0.0, 0.0, 1.5, 0.5 ], "autoUv": false },
										"west": { "texture": "#brass", "uv": [ 0.0, 0.0, 0.5, 0.5 ], "autoUv": false },
										"up": { "texture": "#brass", "uv": [ 0.0, 0.0, 1.5, 0.5 ], "autoUv": false },
										"down": { "texture": "#brass", "uv": [ 0.0, 0.0, 1.5, 0.5 ], "autoUv": false }
									}
								},
								{
									"name": "Cube122",
									"from": [ 0.1583, 0.648, 1.1317 ],
									"to": [ 2.4383, 1.008, 1.4917 ],
									"rotationOrigin": [ 1.6583, 0.7069, 0.9517 ],
									"rotationX": -30.959,
									"rotationY": -1.28,
									"rotationZ": -0.121,
									"faces": {
										"north": { "texture": "#brass", "uv": [ 0.0, 0.0, 1.5, 0.5 ], "autoUv": false },
										"east": { "texture": "#brass", "uv": [ 0.0, 0.0, 0.5, 0.5 ], "autoUv": false },
										"south": { "texture": "#brass", "uv": [ 0.0, 0.0, 1.5, 0.5 ], "autoUv": false },
										"west": { "texture": "#brass", "uv": [ 0.0, 0.0, 0.5, 0.5 ], "autoUv": false },
										"up": { "texture": "#brass", "uv": [ 0.0, 0.0, 1.5, 0.5 ], "autoUv": false },
										"down": { "texture": "#brass", "uv": [ 0.0, 0.0, 1.5, 0.5 ], "autoUv": false }
									}
								},
								{
									"name": "Cube82",
									"from": [ -0.5963, 0.3576, -1.06 ],
									"to": [ -0.2363, 0.7176, 0.56 ],
									"rotationOrigin": [ -0.2963, 1.0896, -0.1 ],
									"rotationX": -15.765,
									"rotationY": -0.239,
									"rotationZ": 0.994,
									"faces": {
										"north": { "texture": "#brass", "uv": [ 0.0, 0.0, 0.5, 0.5 ], "autoUv": false },
										"east": { "texture": "#brass", "uv": [ 0.0, 0.0, 1.0, 0.5 ], "autoUv": false },
										"south": { "texture": "#brass", "uv": [ 0.0, 0.0, 0.5, 0.5 ], "autoUv": false },
										"west": { "texture": "#brass", "uv": [ 0.0, 0.0, 1.0, 0.5 ], "autoUv": false },
										"up": { "texture": "#brass", "uv": [ 0.0, 0.0, 0.5, 1.0 ], "autoUv": false },
										"down": { "texture": "#brass", "uv": [ 0.0, 0.0, 0.5, 1.0 ], "autoUv": false }
									}
								},
								{
									"name": "Cube123",
									"from": [ 0.0026, -0.0847, -1.4462 ],
									"to": [ 0.3626, 0.2753, -0.6062 ],
									"rotationOrigin": [ 0.0626, 0.2153, -1.4102 ],
									"rotationX": -19.714,
									"rotationY": -39.18,
									"rotationZ": 6.828,
									"faces": {
										"north": { "texture": "#brass", "uv": [ 0.0, 0.0, 0.5, 0.5 ], "autoUv": false },
										"east": { "texture": "#brass", "uv": [ 0.0, 0.0, 0.5, 0.5 ], "autoUv": false },
										"south": { "texture": "#brass", "uv": [ 0.0, 0.0, 0.5, 0.5 ], "autoUv": false },
										"west": { "texture": "#brass", "uv": [ 0.0, 0.0, 0.5, 0.5 ], "autoUv": false },
										"up": { "texture": "#brass", "uv": [ 0.0, 0.0, 0.5, 0.5 ], "autoUv": false },
										"down": { "texture": "#brass", "uv": [ 0.0, 0.0, 0.5, 0.5 ], "autoUv": false }
									}
								},
								{
									"name": "Cube124",
									"from": [ 3.3768, -0.4288, -1.5077 ],
									"to": [ 3.7368, -0.0688, -0.5477 ],
									"rotationOrigin": [ 0.2568, 0.3512, -1.4477 ],
									"rotationX": -19.714,
									"rotationY": -39.18,
									"rotationZ": 5.828,
									"faces": {
										"north": { "texture": "#brass", "uv": [ 0.0, 0.0, 0.5, 0.5 ], "autoUv": false },
										"east": { "texture": "#brass", "uv": [ 0.0, 0.0, 0.5, 0.5 ], "autoUv": false },
										"south": { "texture": "#brass", "uv": [ 0.0, 0.0, 0.5, 0.5 ], "autoUv": false },
										"west": { "texture": "#brass", "uv": [ 0.0, 0.0, 0.5, 0.5 ], "autoUv": false },
										"up": { "texture": "#brass", "uv": [ 0.0, 0.0, 0.5, 0.5 ], "autoUv": false },
										"down": { "texture": "#brass", "uv": [ 0.0, 0.0, 0.5, 0.5 ], "autoUv": false }
									}
								},
								{
									"name": "Cube125",
									"from": [ -0.4801, 0.532, 0.714 ],
									"to": [ -0.1201, 0.892, 1.674 ],
									"rotationOrigin": [ -0.4801, 0.412, 0.714 ],
									"rotationX": -25.067,
									"rotationY": 42.872,
									"rotationZ": 12.765,
									"faces": {
										"north": { "texture": "#brass", "uv": [ 0.0, 0.0, 0.5, 0.5 ], "autoUv": false },
										"east": { "texture": "#brass", "uv": [ 0.0, 0.0, 0.5, 0.5 ], "autoUv": false },
										"south": { "texture": "#brass", "uv": [ 0.0, 0.0, 0.5, 0.5 ], "autoUv": false },
										"west": { "texture": "#brass", "uv": [ 0.0, 0.0, 0.5, 0.5 ], "autoUv": false },
										"up": { "texture": "#brass", "uv": [ 0.0, 0.0, 0.5, 0.5 ], "autoUv": false },
										"down": { "texture": "#brass", "uv": [ 0.0, 0.0, 0.5, 0.5 ], "autoUv": false }
									}
								},
								{
									"name": "Cube126",
									"from": [ 1.7683, -0.1481, -1.4551 ],
									"to": [ 2.1283, 0.2119, -0.4951 ],
									"rotationOrigin": [ 2.1283, 0.1519, -1.6951 ],
									"rotationX": -25.067,
									"rotationY": 42.872,
									"rotationZ": 12.765,
									"faces": {
										"north": { "texture": "#brass", "uv": [ 0.0, 0.0, 0.5, 0.5 ], "autoUv": false },
										"east": { "texture": "#brass", "uv": [ 0.0, 0.0, 0.5, 0.5 ], "autoUv": false },
										"south": { "texture": "#brass", "uv": [ 0.0, 0.0, 0.5, 0.5 ], "autoUv": false },
										"west": { "texture": "#brass", "uv": [ 0.0, 0.0, 0.5, 0.5 ], "autoUv": false },
										"up": { "texture": "#brass", "uv": [ 0.0, 0.0, 0.5, 0.5 ], "autoUv": false },
										"down": { "texture": "#brass", "uv": [ 0.0, 0.0, 0.5, 0.5 ], "autoUv": false }
									}
								},
								{
									"name": "Cube127",
									"from": [ 2.636, 0.4621, -0.9022 ],
									"to": [ 2.996, 0.8221, 0.7178 ],
									"rotationOrigin": [ 3.056, 0.5821, 0.0578 ],
									"rotationX": -15.765,
									"rotationY": -0.239,
									"rotationZ": 0.994,
									"faces": {
										"north": { "texture": "#brass", "uv": [ 0.0, 0.0, 0.5, 0.5 ], "autoUv": false },
										"east": { "texture": "#brass", "uv": [ 0.0, 0.0, 1.0, 0.5 ], "autoUv": false },
										"south": { "texture": "#brass", "uv": [ 0.0, 0.0, 0.5, 0.5 ], "autoUv": false },
										"west": { "texture": "#brass", "uv": [ 0.0, 0.0, 1.0, 0.5 ], "autoUv": false },
										"up": { "texture": "#brass", "uv": [ 0.0, 0.0, 0.5, 1.0 ], "autoUv": false },
										"down": { "texture": "#brass", "uv": [ 0.0, 0.0, 0.5, 1.0 ], "autoUv": false }
									}
								}
							]
						},
						{
							"name": "Cube128",
							"from": [ -0.3, -13.56, -0.504 ],
							"to": [ 0.06, -10.74, 0.936 ],
							"rotationOrigin": [ -0.48, -14.4, 0.0 ],
							"rotationZ": 38.5,
							"faces": {
								"north": { "texture": "#plainblack", "uv": [ 0.0, 0.0, 0.5, 2.0 ], "autoUv": false },
								"east": { "texture": "#plainblack", "uv": [ 0.0, 0.0, 1.0, 2.0 ], "autoUv": false },
								"south": { "texture": "#plainblack", "uv": [ 0.0, 0.0, 0.5, 2.0 ], "autoUv": false },
								"west": { "texture": "#plainblack", "uv": [ 0.0, 0.0, 1.0, 2.0 ], "autoUv": false },
								"up": { "texture": "#plainblack", "uv": [ 0.0, 0.0, 0.5, 1.0 ], "autoUv": false },
								"down": { "texture": "#plainblack", "uv": [ 0.0, 0.0, 0.5, 1.0 ], "autoUv": false }
							},
							"children": [
								{
									"name": "Cube144",
									"from": [ -0.12, 2.64, 0.012 ],
									"to": [ 0.6, 3.3, 0.372 ],
									"rotationOrigin": [ 0.0, 2.4, 0.0 ],
									"faces": {
										"north": { "texture": "#plainblack", "uv": [ 0.0, 0.0, 0.5, 0.5 ], "autoUv": false },
										"east": { "texture": "#plainblack", "uv": [ 0.0, 0.0, 0.5, 0.5 ], "autoUv": false },
										"south": { "texture": "#plainblack", "uv": [ 0.0, 0.0, 0.5, 0.5 ], "autoUv": false },
										"west": { "texture": "#plainblack", "uv": [ 0.0, 0.0, 0.5, 0.5 ], "autoUv": false },
										"up": { "texture": "#plainblack", "uv": [ 0.0, 0.0, 0.5, 0.5 ], "autoUv": false },
										"down": { "texture": "#plainblack", "uv": [ 0.0, 0.0, 0.5, 0.5 ], "autoUv": false }
									}
								},
								{
									"name": "Cube145",
									"from": [ -0.12, 2.64, 1.08 ],
									"to": [ 0.6, 3.3, 1.44 ],
									"rotationOrigin": [ 0.0, 2.4, 1.2 ],
									"faces": {
										"north": { "texture": "#plainblack", "uv": [ 0.0, 0.0, 0.5, 0.5 ], "autoUv": false },
										"east": { "texture": "#plainblack", "uv": [ 0.0, 0.0, 0.5, 0.5 ], "autoUv": false },
										"south": { "texture": "#plainblack", "uv": [ 0.0, 0.0, 0.5, 0.5 ], "autoUv": false },
										"west": { "texture": "#plainblack", "uv": [ 0.0, 0.0, 0.5, 0.5 ], "autoUv": false },
										"up": { "texture": "#plainblack", "uv": [ 0.0, 0.0, 0.5, 0.5 ], "autoUv": false },
										"down": { "texture": "#plainblack", "uv": [ 0.0, 0.0, 0.5, 0.5 ], "autoUv": false }
									}
								}
							]
						},
						{
							"name": "Cube129",
							"from": [ -0.72, -13.56, -0.48 ],
							"to": [ 5.64, -13.2, 0.96 ],
							"rotationOrigin": [ -0.3, -13.56, 0.288 ],
							"faces": {
								"north": { "texture": "#plainblack", "uv": [ 0.0, 0.0, 5.0, 0.5 ], "autoUv": false },
								"east": { "texture": "#plainblack", "uv": [ 0.0, 0.0, 1.0, 0.5 ], "autoUv": false },
								"south": { "texture": "#plainblack", "uv": [ 0.0, 0.0, 5.0, 0.5 ], "autoUv": false },
								"west": { "texture": "#plainblack", "uv": [ 0.0, 0.0, 1.0, 0.5 ], "autoUv": false },
								"up": { "texture": "#plainblack", "uv": [ 0.0, 0.0, 5.0, 1.0 ], "autoUv": false },
								"down": { "texture": "#plainblack", "uv": [ 0.0, 0.0, 5.0, 1.0 ], "autoUv": false }
							}
						},
						{
							"name": "Cube130",
							"from": [ 5.28, -13.548, -0.3 ],
							"to": [ 9.96, -13.188, 1.14 ],
							"rotationOrigin": [ 5.7, -13.56, 0.288 ],
							"rotationY": -22.5,
							"faces": {
								"north": { "texture": "#plainblack", "uv": [ 0.0, 0.0, 3.5, 0.5 ], "autoUv": false },
								"east": { "texture": "#plainblack", "uv": [ 0.0, 0.0, 1.0, 0.5 ], "autoUv": false },
								"south": { "texture": "#plainblack", "uv": [ 0.0, 0.0, 3.5, 0.5 ], "autoUv": false },
								"west": { "texture": "#plainblack", "uv": [ 0.0, 0.0, 1.0, 0.5 ], "autoUv": false },
								"up": { "texture": "#plainblack", "uv": [ 0.0, 0.0, 3.5, 1.0 ], "autoUv": false },
								"down": { "texture": "#plainblack", "uv": [ 0.0, 0.0, 3.5, 1.0 ], "autoUv": false }
							}
						},
						{
							"name": "Cube131",
							"from": [ 5.28, -13.572, -0.54 ],
							"to": [ 9.96, -13.212, 0.9 ],
							"rotationOrigin": [ 5.7, -13.56, 0.288 ],
							"rotationY": 22.5,
							"faces": {
								"north": { "texture": "#plainblack", "uv": [ 0.0, 0.0, 3.5, 0.5 ], "autoUv": false },
								"east": { "texture": "#plainblack", "uv": [ 0.0, 0.0, 1.0, 0.5 ], "autoUv": false },
								"south": { "texture": "#plainblack", "uv": [ 0.0, 0.0, 3.5, 0.5 ], "autoUv": false },
								"west": { "texture": "#plainblack", "uv": [ 0.0, 0.0, 1.0, 0.5 ], "autoUv": false },
								"up": { "texture": "#plainblack", "uv": [ 0.0, 0.0, 3.5, 1.0 ], "autoUv": false },
								"down": { "texture": "#plainblack", "uv": [ 0.0, 0.0, 3.5, 1.0 ], "autoUv": false }
							}
						},
						{
							"name": "Cube133",
							"from": [ -2.741, -6.9086, 6.06 ],
							"to": [ -0.461, -6.5486, 6.9 ],
							"rotationOrigin": [ -1.541, -7.0286, 6.6 ],
							"rotationZ": -33.5,
							"faces": {
								"north": { "texture": "#brass", "uv": [ 0.0, 0.0, 1.5, 0.5 ], "autoUv": false },
								"east": { "texture": "#brass", "uv": [ 0.0, 0.0, 0.5, 0.5 ], "autoUv": false },
								"south": { "texture": "#brass", "uv": [ 0.0, 0.0, 1.5, 0.5 ], "autoUv": false },
								"west": { "texture": "#brass", "uv": [ 0.0, 0.0, 0.5, 0.5 ], "autoUv": false },
								"up": { "texture": "#brass", "uv": [ 0.0, 0.0, 1.5, 0.5 ], "autoUv": false },
								"down": { "texture": "#brass", "uv": [ 0.0, 0.0, 1.5, 0.5 ], "autoUv": false }
							},
							"children": [
								{
									"name": "Cube132",
									"from": [ 0.24, -1.2, 0.54 ],
									"to": [ 2.04, 0.0, 0.9 ],
									"rotationOrigin": [ 1.2, -0.12, 0.54 ],
									"rotationX": -22.5,
									"faces": {
										"north": { "texture": "#plainblack", "uv": [ 0.0, 0.0, 1.5, 1.0 ], "autoUv": false },
										"east": { "texture": "#plainblack", "uv": [ 0.0, 0.0, 0.5, 1.0 ], "autoUv": false },
										"south": { "texture": "#plainblack", "uv": [ 0.0, 0.0, 1.5, 1.0 ], "autoUv": false },
										"west": { "texture": "#plainblack", "uv": [ 0.0, 0.0, 0.5, 1.0 ], "autoUv": false },
										"up": { "texture": "#plainblack", "uv": [ 0.0, 0.0, 1.5, 0.5 ], "autoUv": false },
										"down": { "texture": "#plainblack", "uv": [ 0.0, 0.0, 1.5, 0.5 ], "autoUv": false }
									}
								}
							]
						},
						{
							"name": "Cube138",
							"from": [ -3.432, -6.912, -6.54 ],
							"to": [ -1.152, -6.552, -5.7 ],
							"rotationOrigin": [ -1.541, -8.2286, -6.6 ],
							"rotationZ": -33.5,
							"faces": {
								"north": { "texture": "#brass", "uv": [ 0.0, 0.0, 1.5, 0.5 ], "autoUv": false },
								"east": { "texture": "#brass", "uv": [ 0.0, 0.0, 0.5, 0.5 ], "autoUv": false },
								"south": { "texture": "#brass", "uv": [ 0.0, 0.0, 1.5, 0.5 ], "autoUv": false },
								"west": { "texture": "#brass", "uv": [ 0.0, 0.0, 0.5, 0.5 ], "autoUv": false },
								"up": { "texture": "#brass", "uv": [ 0.0, 0.0, 1.5, 0.5 ], "autoUv": false },
								"down": { "texture": "#brass", "uv": [ 0.0, 0.0, 1.5, 0.5 ], "autoUv": false }
							},
							"children": [
								{
									"name": "Cube139",
									"from": [ 0.24, -1.08, -0.12 ],
									"to": [ 2.04, 0.12, 0.24 ],
									"rotationOrigin": [ 1.2, -0.12, 0.0 ],
									"rotationX": 22.5,
									"faces": {
										"north": { "texture": "#plainblack", "uv": [ 0.0, 0.0, 1.5, 1.0 ], "autoUv": false },
										"east": { "texture": "#plainblack", "uv": [ 0.0, 0.0, 0.5, 1.0 ], "autoUv": false },
										"south": { "texture": "#plainblack", "uv": [ 0.0, 0.0, 1.5, 1.0 ], "autoUv": false },
										"west": { "texture": "#plainblack", "uv": [ 0.0, 0.0, 0.5, 1.0 ], "autoUv": false },
										"up": { "texture": "#plainblack", "uv": [ 0.0, 0.0, 1.5, 0.5 ], "autoUv": false },
										"down": { "texture": "#plainblack", "uv": [ 0.0, 0.0, 1.5, 0.5 ], "autoUv": false }
									}
								}
							]
						}
					]
				},
				{
					"name": "SChestStraps2",
					"from": [ 6.0, -1.2, 0.0 ],
					"to": [ 6.0, -1.2, 0.0 ],
					"rotationOrigin": [ 6.0, -1.2, 0.0 ],
					"faces": {
						"north": { "texture": "#plainblack", "uv": [ 0.0, 0.0, 0.5, 0.5 ], "autoUv": false },
						"east": { "texture": "#plainblack", "uv": [ 0.0, 0.0, 0.5, 0.5 ], "autoUv": false },
						"south": { "texture": "#plainblack", "uv": [ 0.0, 0.0, 0.5, 0.5 ], "autoUv": false },
						"west": { "texture": "#plainblack", "uv": [ 0.0, 0.0, 0.5, 0.5 ], "autoUv": false },
						"up": { "texture": "#plainblack", "uv": [ 0.0, 0.0, 0.5, 0.5 ], "autoUv": false },
						"down": { "texture": "#plainblack", "uv": [ 0.0, 0.0, 0.5, 0.5 ], "autoUv": false }
					},
					"children": [
						{
							"name": "Cube77",
							"from": [ -1.2, -9.6, -6.36 ],
							"to": [ 0.6, -3.0, -6.0 ],
							"rotationOrigin": [ -1.2, -9.6, -6.0 ],
							"faces": {
								"north": { "texture": "#plainblack", "uv": [ 0.0, 0.0, 1.5, 5.5 ], "autoUv": false },
								"east": { "texture": "#plainblack", "uv": [ 0.0, 0.0, 0.5, 5.5 ], "autoUv": false },
								"south": { "texture": "#plainblack", "uv": [ 0.0, 0.0, 1.5, 5.5 ], "autoUv": false },
								"west": { "texture": "#plainblack", "uv": [ 0.0, 0.0, 0.5, 5.5 ], "autoUv": false },
								"up": { "texture": "#plainblack", "uv": [ 0.0, 0.0, 1.5, 0.5 ], "autoUv": false },
								"down": { "texture": "#plainblack", "uv": [ 0.0, 0.0, 1.5, 0.5 ], "autoUv": false }
							}
						},
						{
							"name": "Cube78",
							"from": [ -1.2, -11.4, -4.44 ],
							"to": [ 0.6, -11.04, 4.68 ],
							"rotationOrigin": [ -1.2, -10.8, -3.6 ],
							"rotationZ": 10.0,
							"faces": {
								"north": { "texture": "#plainblack", "uv": [ 0.0, 0.0, 1.5, 0.5 ], "autoUv": false },
								"east": { "texture": "#plainblack", "uv": [ 0.0, 0.0, 7.5, 0.5 ], "autoUv": false },
								"south": { "texture": "#plainblack", "uv": [ 0.0, 0.0, 1.5, 0.5 ], "autoUv": false },
								"west": { "texture": "#plainblack", "uv": [ 0.0, 0.0, 7.5, 0.5 ], "autoUv": false },
								"up": { "texture": "#plainblack", "uv": [ 0.0, 0.0, 1.5, 7.5 ], "autoUv": false },
								"down": { "texture": "#plainblack", "uv": [ 0.0, 0.0, 1.5, 7.5 ], "autoUv": false }
							}
						},
						{
							"name": "Cube79",
							"from": [ -1.2, -9.6, 6.24 ],
							"to": [ 0.6, -3.0, 6.6 ],
							"rotationOrigin": [ -1.2, -9.6, 7.2 ],
							"faces": {
								"north": { "texture": "#plainblack", "uv": [ 0.0, 0.0, 1.5, 5.5 ], "autoUv": false },
								"east": { "texture": "#plainblack", "uv": [ 0.0, 0.0, 0.5, 5.5 ], "autoUv": false },
								"south": { "texture": "#plainblack", "uv": [ 0.0, 0.0, 1.5, 5.5 ], "autoUv": false },
								"west": { "texture": "#plainblack", "uv": [ 0.0, 0.0, 0.5, 5.5 ], "autoUv": false },
								"up": { "texture": "#plainblack", "uv": [ 0.0, 0.0, 1.5, 0.5 ], "autoUv": false },
								"down": { "texture": "#plainblack", "uv": [ 0.0, 0.0, 1.5, 0.5 ], "autoUv": false }
							}
						},
						{
							"name": "Cube80",
							"from": [ -1.2, -11.22, 4.8 ],
							"to": [ 0.6, -8.82, 5.16 ],
							"rotationOrigin": [ -1.2, -10.8, 4.8 ],
							"rotationX": 45.0,
							"rotationY": 8.0,
							"faces": {
								"north": { "texture": "#plainblack", "uv": [ 0.0, 0.0, 1.5, 2.0 ], "autoUv": false },
								"east": { "texture": "#plainblack", "uv": [ 0.0, 0.0, 0.5, 2.0 ], "autoUv": false },
								"south": { "texture": "#plainblack", "uv": [ 0.0, 0.0, 1.5, 2.0 ], "autoUv": false },
								"west": { "texture": "#plainblack", "uv": [ 0.0, 0.0, 0.5, 2.0 ], "autoUv": false },
								"up": { "texture": "#plainblack", "uv": [ 0.0, 0.0, 1.5, 0.5 ], "autoUv": false },
								"down": { "texture": "#plainblack", "uv": [ 0.0, 0.0, 1.5, 0.5 ], "autoUv": false }
							}
						},
						{
							"name": "Cube81",
							"from": [ -1.2, -11.34, -5.1 ],
							"to": [ 0.6, -8.94, -4.74 ],
							"rotationOrigin": [ -1.2, -10.8, -4.8 ],
							"rotationX": -45.0,
							"rotationY": -8.0,
							"faces": {
								"north": { "texture": "#plainblack", "uv": [ 0.0, 0.0, 1.5, 2.0 ], "autoUv": false },
								"east": { "texture": "#plainblack", "uv": [ 0.0, 0.0, 0.5, 2.0 ], "autoUv": false },
								"south": { "texture": "#plainblack", "uv": [ 0.0, 0.0, 1.5, 2.0 ], "autoUv": false },
								"west": { "texture": "#plainblack", "uv": [ 0.0, 0.0, 0.5, 2.0 ], "autoUv": false },
								"up": { "texture": "#plainblack", "uv": [ 0.0, 0.0, 1.5, 0.5 ], "autoUv": false },
								"down": { "texture": "#plainblack", "uv": [ 0.0, 0.0, 1.5, 0.5 ], "autoUv": false }
							}
						},
						{
							"name": "Cube136",
							"from": [ -1.4671, -9.5471, -6.54 ],
							"to": [ 0.8129, -9.1871, -5.7 ],
							"rotationOrigin": [ -0.0802, -9.6637, -6.6 ],
							"rotationZ": -1.0,
							"faces": {
								"north": { "texture": "#brass", "uv": [ 0.0, 0.0, 1.5, 0.5 ], "autoUv": false },
								"east": { "texture": "#brass", "uv": [ 0.0, 0.0, 0.5, 0.5 ], "autoUv": false },
								"south": { "texture": "#brass", "uv": [ 0.0, 0.0, 1.5, 0.5 ], "autoUv": false },
								"west": { "texture": "#brass", "uv": [ 0.0, 0.0, 0.5, 0.5 ], "autoUv": false },
								"up": { "texture": "#brass", "uv": [ 0.0, 0.0, 1.5, 0.5 ], "autoUv": false },
								"down": { "texture": "#brass", "uv": [ 0.0, 0.0, 1.5, 0.5 ], "autoUv": false }
							},
							"children": [
								{
									"name": "Cube137",
									"from": [ 0.24, -1.08, -0.12 ],
									"to": [ 2.04, 0.12, 0.24 ],
									"rotationOrigin": [ 1.2, -0.12, 0.0 ],
									"rotationX": 22.5,
									"faces": {
										"north": { "texture": "#plainblack", "uv": [ 0.0, 0.0, 1.5, 1.0 ], "autoUv": false },
										"east": { "texture": "#plainblack", "uv": [ 0.0, 0.0, 0.5, 1.0 ], "autoUv": false },
										"south": { "texture": "#plainblack", "uv": [ 0.0, 0.0, 1.5, 1.0 ], "autoUv": false },
										"west": { "texture": "#plainblack", "uv": [ 0.0, 0.0, 0.5, 1.0 ], "autoUv": false },
										"up": { "texture": "#plainblack", "uv": [ 0.0, 0.0, 1.5, 0.5 ], "autoUv": false },
										"down": { "texture": "#plainblack", "uv": [ 0.0, 0.0, 1.5, 0.5 ], "autoUv": false }
									}
								}
							]
						},
						{
							"name": "Cube134",
							"from": [ -1.4671, -9.5471, 6.06 ],
							"to": [ 0.8129, -9.1871, 6.9 ],
							"rotationOrigin": [ -0.0802, -9.6637, 6.6 ],
							"rotationZ": -1.0,
							"faces": {
								"north": { "texture": "#brass", "uv": [ 0.0, 0.0, 1.5, 0.5 ], "autoUv": false },
								"east": { "texture": "#brass", "uv": [ 0.0, 0.0, 0.5, 0.5 ], "autoUv": false },
								"south": { "texture": "#brass", "uv": [ 0.0, 0.0, 1.5, 0.5 ], "autoUv": false },
								"west": { "texture": "#brass", "uv": [ 0.0, 0.0, 0.5, 0.5 ], "autoUv": false },
								"up": { "texture": "#brass", "uv": [ 0.0, 0.0, 1.5, 0.5 ], "autoUv": false },
								"down": { "texture": "#brass", "uv": [ 0.0, 0.0, 1.5, 0.5 ], "autoUv": false }
							},
							"children": [
								{
									"name": "Cube135",
									"from": [ 0.24, -1.2, 0.54 ],
									"to": [ 2.04, 0.0, 0.9 ],
									"rotationOrigin": [ 1.2, -0.12, 0.54 ],
									"rotationX": -22.5,
									"faces": {
										"north": { "texture": "#plainblack", "uv": [ 0.0, 0.0, 1.5, 1.0 ], "autoUv": false },
										"east": { "texture": "#plainblack", "uv": [ 0.0, 0.0, 0.5, 1.0 ], "autoUv": false },
										"south": { "texture": "#plainblack", "uv": [ 0.0, 0.0, 1.5, 1.0 ], "autoUv": false },
										"west": { "texture": "#plainblack", "uv": [ 0.0, 0.0, 0.5, 1.0 ], "autoUv": false },
										"up": { "texture": "#plainblack", "uv": [ 0.0, 0.0, 1.5, 0.5 ], "autoUv": false },
										"down": { "texture": "#plainblack", "uv": [ 0.0, 0.0, 1.5, 0.5 ], "autoUv": false }
									}
								}
							]
						}
					]
				}
			]
		}
	]}