{
	"editor": {
		"collapsedPaths": "Root/Origin,Root/Saddle",
		"allAngles": true,
		"entityTextureMode": false
	},
	"textureWidth": 16,
	"textureHeight": 16,
	"textureSizes": {
		"green": [16,16],
		"plain": [16,16],
		"birch": [16,16]
	},
	"textures": {
	},
	"elements": [
		{
			"name": "Saddle",
			"stepParentName": "body",
			"from": [ 5.7, 6.2, 7.9 ],
			"to": [ 5.7, 6.2, 7.9 ],
			"rotationOrigin": [ 5.0, 6.0, 8.0 ],
			"faces": {
				"north": { "texture": "#plaindark", "uv": [ 0.0, 0.0, 0.5, 0.5 ] },
				"east": { "texture": "#plaindark", "uv": [ 0.0, 0.0, 0.5, 0.5 ] },
				"south": { "texture": "#plaindark", "uv": [ 0.0, 0.0, 0.5, 0.5 ] },
				"west": { "texture": "#plaindark", "uv": [ 0.0, 0.0, 0.5, 0.5 ] },
				"up": { "texture": "#plaindark", "uv": [ 0.0, 0.0, 0.5, 0.5 ] },
				"down": { "texture": "#plaindark", "uv": [ 0.0, 0.0, 0.5, 0.5 ] }
			},
			"children": [
				{
					"name": "SaddleLeather",
					"from": [ 1.0, 0.0, 0.0 ],
					"to": [ 1.0, 0.0, 0.0 ],
					"rotationOrigin": [ 1.0, 0.5, 0.24 ],
					"faces": {
						"north": { "texture": "#plain", "uv": [ 0.0, 0.0, 0.5, 0.5 ] },
						"east": { "texture": "#plain", "uv": [ 0.0, 0.0, 0.5, 0.5 ] },
						"south": { "texture": "#plain", "uv": [ 0.0, 0.0, 0.5, 0.5 ] },
						"west": { "texture": "#plain", "uv": [ 0.0, 0.0, 0.5, 0.5 ] },
						"up": { "texture": "#plain", "uv": [ 0.0, 0.0, 0.5, 0.5 ] },
						"down": { "texture": "#plain", "uv": [ 0.0, 0.0, 0.5, 0.5 ] }
					},
					"children": [
						{
							"name": "SaddleLeather1",
							"from": [ -4.0, 0.2, -3.0 ],
							"to": [ 6.0, 0.5, 3.2 ],
							"rotationOrigin": [ -4.0, 0.2, -3.0 ],
							"faces": {
								"north": { "texture": "#plain", "uv": [ 0.0, 0.0, 10.0, 0.5 ] },
								"east": { "texture": "#plain", "uv": [ 0.0, 0.0, 6.0, 0.5 ] },
								"south": { "texture": "#plain", "uv": [ 0.0, 0.0, 10.0, 0.5 ] },
								"west": { "texture": "#plain", "uv": [ 0.0, 0.0, 6.0, 0.5 ] },
								"up": { "texture": "#plain", "uv": [ 0.0, 0.0, 10.0, 6.0 ] },
								"down": { "texture": "#plain", "uv": [ 0.0, 0.0, 10.0, 6.0 ] }
							}
						},
						{
							"name": "SaddleLeather2",
							"from": [ 6.0, 0.4, -1.38 ],
							"to": [ 11.0, 1.1, 1.59 ],
							"rotationOrigin": [ 11.0, 0.2, -2.0 ],
							"rotationZ": 7.0,
							"faces": {
								"north": { "texture": "#plain", "uv": [ 0.0, 0.0, 5.0, 0.5 ] },
								"east": { "texture": "#plain", "uv": [ 0.0, 0.0, 2.5, 0.5 ] },
								"south": { "texture": "#plain", "uv": [ 0.0, 0.0, 5.0, 0.5 ] },
								"west": { "texture": "#plain", "uv": [ 0.0, 0.0, 2.5, 0.5 ] },
								"up": { "texture": "#plain", "uv": [ 0.0, 0.0, 5.0, 2.5 ] },
								"down": { "texture": "#plain", "uv": [ 0.0, 0.0, 5.0, 2.5 ] }
							}
						},
						{
							"name": "SaddleLeather3",
							"from": [ -7.3, 0.6, -2.0 ],
							"to": [ -3.8, 0.9, 2.0 ],
							"rotationOrigin": [ -7.3, 0.6, -2.0 ],
							"rotationZ": -7.0,
							"faces": {
								"north": { "texture": "#plain", "uv": [ 0.0, 0.0, 3.5, 0.5 ] },
								"east": { "texture": "#plain", "uv": [ 0.0, 0.0, 4.0, 0.5 ] },
								"south": { "texture": "#plain", "uv": [ 0.0, 0.0, 3.5, 0.5 ] },
								"west": { "texture": "#plain", "uv": [ 0.0, 0.0, 4.0, 0.5 ] },
								"up": { "texture": "#plain", "uv": [ 0.0, 0.0, 3.5, 4.0 ] },
								"down": { "texture": "#plain", "uv": [ 0.0, 0.0, 3.5, 4.0 ] }
							}
						},
						{
							"name": "SaddleLeather4",
							"from": [ -4.0, -0.8, -5.0 ],
							"to": [ 6.0, -0.5, -2.5 ],
							"rotationOrigin": [ -4.0, -0.8, -5.0 ],
							"rotationX": -24.0,
							"faces": {
								"north": { "texture": "#plain", "uv": [ 0.0, 0.0, 10.0, 0.5 ] },
								"east": { "texture": "#plain", "uv": [ 0.0, 0.0, 2.5, 0.5 ] },
								"south": { "texture": "#plain", "uv": [ 0.0, 0.0, 10.0, 0.5 ] },
								"west": { "texture": "#plain", "uv": [ 0.0, 0.0, 2.5, 0.5 ] },
								"up": { "texture": "#plain", "uv": [ 0.0, 0.0, 10.0, 2.5 ] },
								"down": { "texture": "#plain", "uv": [ 0.0, 0.0, 10.0, 2.5 ] }
							}
						},
						{
							"name": "SaddleLeather5",
							"from": [ -4.0, 0.2, 3.0 ],
							"to": [ 6.0, 0.5, 5.5 ],
							"rotationOrigin": [ -4.0, 0.2, 3.0 ],
							"rotationX": 24.0,
							"faces": {
								"north": { "texture": "#plain", "uv": [ 0.0, 0.0, 10.0, 0.5 ] },
								"east": { "texture": "#plain", "uv": [ 0.0, 0.0, 2.5, 0.5 ] },
								"south": { "texture": "#plain", "uv": [ 0.0, 0.0, 10.0, 0.5 ] },
								"west": { "texture": "#plain", "uv": [ 0.0, 0.0, 2.5, 0.5 ] },
								"up": { "texture": "#plain", "uv": [ 0.0, 0.0, 10.0, 2.5 ] },
								"down": { "texture": "#plain", "uv": [ 0.0, 0.0, 10.0, 2.5 ] }
							}
						},
						{
							"name": "SaddleLeather6",
							"from": [ -1.0, -3.0, -5.3 ],
							"to": [ 6.0, -0.75, -5.0 ],
							"rotationOrigin": [ -1.0, -3.0, -5.0 ],
							"rotationX": 5.0,
							"faces": {
								"north": { "texture": "#plain", "uv": [ 0.0, 0.0, 7.0, 2.0 ] },
								"east": { "texture": "#plain", "uv": [ 0.0, 0.0, 0.5, 2.0 ] },
								"south": { "texture": "#plain", "uv": [ 0.0, 0.0, 7.0, 2.0 ] },
								"west": { "texture": "#plain", "uv": [ 0.0, 0.0, 0.5, 2.0 ] },
								"up": { "texture": "#plain", "uv": [ 0.0, 0.0, 7.0, 0.5 ] },
								"down": { "texture": "#plain", "uv": [ 0.0, 0.0, 7.0, 0.5 ] }
							}
						},
						{
							"name": "SaddleLeather7",
							"from": [ -1.0, -3.0, 5.2 ],
							"to": [ 6.0, -0.75, 5.5 ],
							"rotationOrigin": [ -1.0, -3.0, 5.0 ],
							"rotationX": -5.0,
							"faces": {
								"north": { "texture": "#plain", "uv": [ 0.0, 0.0, 7.0, 2.0 ] },
								"east": { "texture": "#plain", "uv": [ 0.0, 0.0, 0.5, 2.0 ] },
								"south": { "texture": "#plain", "uv": [ 0.0, 0.0, 7.0, 2.0 ] },
								"west": { "texture": "#plain", "uv": [ 0.0, 0.0, 0.5, 2.0 ] },
								"up": { "texture": "#plain", "uv": [ 0.0, 0.0, 7.0, 0.5 ] },
								"down": { "texture": "#plain", "uv": [ 0.0, 0.0, 7.0, 0.5 ] }
							}
						},
						{
							"name": "SaddleLeather8",
							"from": [ 6.0, -0.4, 1.58 ],
							"to": [ 8.5, 0.48, 3.11 ],
							"rotationOrigin": [ 6.0, 0.2, 1.62 ],
							"faces": {
								"north": { "texture": "#plain", "uv": [ 0.0, 0.0, 2.5, 0.5 ] },
								"east": { "texture": "#plain", "uv": [ 0.0, 0.0, 1.5, 0.5 ] },
								"south": { "texture": "#plain", "uv": [ 0.0, 0.0, 2.5, 0.5 ] },
								"west": { "texture": "#plain", "uv": [ 0.0, 0.0, 1.5, 0.5 ] },
								"up": { "texture": "#plain", "uv": [ 0.0, 0.0, 2.5, 1.5 ] },
								"down": { "texture": "#plain", "uv": [ 0.0, 0.0, 2.5, 1.5 ] }
							}
						},
						{
							"name": "SaddleLeather9",
							"from": [ 8.75, 0.2, 1.22 ],
							"to": [ 10.55, 0.68, 5.98 ],
							"rotationOrigin": [ 10.5, 0.2, 1.62 ],
							"rotationX": 27.0,
							"rotationY": -30.5,
							"rotationZ": 13.0,
							"faces": {
								"north": { "texture": "#plain", "uv": [ 0.0, 0.0, 1.5, 0.5 ] },
								"east": { "texture": "#plain", "uv": [ 0.0, 0.0, 4.5, 0.5 ] },
								"south": { "texture": "#plain", "uv": [ 0.0, 0.0, 1.5, 0.5 ] },
								"west": { "texture": "#plain", "uv": [ 0.0, 0.0, 4.5, 0.5 ] },
								"up": { "texture": "#plain", "uv": [ 0.0, 0.0, 1.5, 4.5 ] },
								"down": { "texture": "#plain", "uv": [ 0.0, 0.0, 1.5, 4.5 ] }
							}
						},
						{
							"name": "SaddleLeather10",
							"from": [ 5.9, -0.1, 2.9 ],
							"to": [ 8.3, 0.4, 5.43 ],
							"rotationOrigin": [ 5.9, -0.1, 3.1 ],
							"rotationX": 24.0,
							"rotationZ": -12.0,
							"faces": {
								"north": { "texture": "#plain", "uv": [ 0.0, 0.0, 2.0, 0.5 ] },
								"east": { "texture": "#plain", "uv": [ 0.0, 0.0, 2.5, 0.5 ] },
								"south": { "texture": "#plain", "uv": [ 0.0, 0.0, 2.0, 0.5 ] },
								"west": { "texture": "#plain", "uv": [ 0.0, 0.0, 2.5, 0.5 ] },
								"up": { "texture": "#plain", "uv": [ 0.0, 0.0, 2.0, 2.5 ] },
								"down": { "texture": "#plain", "uv": [ 0.0, 0.0, 2.0, 2.5 ] }
							}
						},
						{
							"name": "SaddleLeather11",
							"from": [ 5.8, -2.7, 4.95 ],
							"to": [ 7.9, -1.45, 5.48 ],
							"rotationOrigin": [ 5.8, -2.7, 4.95 ],
							"rotationX": -8.0,
							"rotationY": 8.0,
							"rotationZ": 14.0,
							"faces": {
								"north": { "texture": "#plain", "uv": [ 0.0, 0.0, 2.0, 1.0 ] },
								"east": { "texture": "#plain", "uv": [ 0.0, 0.0, 0.5, 1.0 ] },
								"south": { "texture": "#plain", "uv": [ 0.0, 0.0, 2.0, 1.0 ] },
								"west": { "texture": "#plain", "uv": [ 0.0, 0.0, 0.5, 1.0 ] },
								"up": { "texture": "#plain", "uv": [ 0.0, 0.0, 2.0, 0.5 ] },
								"down": { "texture": "#plain", "uv": [ 0.0, 0.0, 2.0, 0.5 ] }
							}
						},
						{
							"name": "SaddleLeather12",
							"from": [ 5.8, -1.9, 4.85 ],
							"to": [ 7.9, -0.75, 5.38 ],
							"rotationOrigin": [ 5.8, -1.7, 4.95 ],
							"rotationX": -4.0,
							"rotationY": 8.0,
							"rotationZ": -10.5,
							"faces": {
								"north": { "texture": "#plain", "uv": [ 0.0, 0.0, 2.0, 1.0 ] },
								"east": { "texture": "#plain", "uv": [ 0.0, 0.0, 0.5, 1.0 ] },
								"south": { "texture": "#plain", "uv": [ 0.0, 0.0, 2.0, 1.0 ] },
								"west": { "texture": "#plain", "uv": [ 0.0, 0.0, 0.5, 1.0 ] },
								"up": { "texture": "#plain", "uv": [ 0.0, 0.0, 2.0, 0.5 ] },
								"down": { "texture": "#plain", "uv": [ 0.0, 0.0, 2.0, 0.5 ] }
							}
						},
						{
							"name": "SaddleLeather13",
							"from": [ -2.8, -2.1, 4.85 ],
							"to": [ -0.4, -0.65, 5.38 ],
							"rotationOrigin": [ -2.8, -1.7, 4.95 ],
							"rotationX": -5.0,
							"rotationY": -0.25,
							"rotationZ": -4.5,
							"faces": {
								"north": { "texture": "#plain", "uv": [ 0.0, 0.0, 2.0, 1.0 ] },
								"east": { "texture": "#plain", "uv": [ 0.0, 0.0, 0.5, 1.0 ] },
								"south": { "texture": "#plain", "uv": [ 0.0, 0.0, 2.0, 1.0 ] },
								"west": { "texture": "#plain", "uv": [ 0.0, 0.0, 0.5, 1.0 ] },
								"up": { "texture": "#plain", "uv": [ 0.0, 0.0, 2.0, 0.5 ] },
								"down": { "texture": "#plain", "uv": [ 0.0, 0.0, 2.0, 0.5 ] }
							}
						},
						{
							"name": "SaddleLeather14",
							"from": [ -3.8, -1.5, 4.85 ],
							"to": [ -1.4, -0.7, 5.38 ],
							"rotationOrigin": [ -3.8, -1.7, 4.95 ],
							"rotationX": -5.0,
							"rotationY": -0.25,
							"rotationZ": -4.5,
							"faces": {
								"north": { "texture": "#plain", "uv": [ 0.0, 0.0, 2.0, 0.5 ] },
								"east": { "texture": "#plain", "uv": [ 0.0, 0.0, 0.5, 0.5 ] },
								"south": { "texture": "#plain", "uv": [ 0.0, 0.0, 2.0, 0.5 ] },
								"west": { "texture": "#plain", "uv": [ 0.0, 0.0, 0.5, 0.5 ] },
								"up": { "texture": "#plain", "uv": [ 0.0, 0.0, 2.0, 0.5 ] },
								"down": { "texture": "#plain", "uv": [ 0.0, 0.0, 2.0, 0.5 ] }
							}
						},
						{
							"name": "SaddleLeather15",
							"from": [ -6.0, 0.3, -3.0 ],
							"to": [ -3.9, 0.6, -2.0 ],
							"rotationOrigin": [ -6.3, 0.6, -3.0 ],
							"rotationZ": -2.5,
							"faces": {
								"north": { "texture": "#plain", "uv": [ 0.0, 0.0, 2.0, 0.5 ] },
								"east": { "texture": "#plain", "uv": [ 0.0, 0.0, 1.0, 0.5 ] },
								"south": { "texture": "#plain", "uv": [ 0.0, 0.0, 2.0, 0.5 ] },
								"west": { "texture": "#plain", "uv": [ 0.0, 0.0, 1.0, 0.5 ] },
								"up": { "texture": "#plain", "uv": [ 0.0, 0.0, 2.0, 1.0 ] },
								"down": { "texture": "#plain", "uv": [ 0.0, 0.0, 2.0, 1.0 ] }
							}
						},
						{
							"name": "SaddleLeather16",
							"from": [ -6.0, 0.3, 2.0 ],
							"to": [ -3.9, 0.6, 3.0 ],
							"rotationOrigin": [ -6.3, 0.6, 2.0 ],
							"rotationZ": -2.5,
							"faces": {
								"north": { "texture": "#plain", "uv": [ 0.0, 0.0, 2.0, 0.5 ] },
								"east": { "texture": "#plain", "uv": [ 0.0, 0.0, 1.0, 0.5 ] },
								"south": { "texture": "#plain", "uv": [ 0.0, 0.0, 2.0, 0.5 ] },
								"west": { "texture": "#plain", "uv": [ 0.0, 0.0, 1.0, 0.5 ] },
								"up": { "texture": "#plain", "uv": [ 0.0, 0.0, 2.0, 1.0 ] },
								"down": { "texture": "#plain", "uv": [ 0.0, 0.0, 2.0, 1.0 ] }
							}
						},
						{
							"name": "SaddleLeather17",
							"from": [ -3.8, -1.5, -5.15 ],
							"to": [ -1.4, -0.7, -4.62 ],
							"rotationOrigin": [ -3.8, -1.7, -5.05 ],
							"rotationX": 5.0,
							"rotationY": 0.75,
							"rotationZ": -2.5,
							"faces": {
								"north": { "texture": "#plain", "uv": [ 0.0, 0.0, 2.0, 0.5 ] },
								"east": { "texture": "#plain", "uv": [ 0.0, 0.0, 0.5, 0.5 ] },
								"south": { "texture": "#plain", "uv": [ 0.0, 0.0, 2.0, 0.5 ] },
								"west": { "texture": "#plain", "uv": [ 0.0, 0.0, 0.5, 0.5 ] },
								"up": { "texture": "#plain", "uv": [ 0.0, 0.0, 2.0, 0.5 ] },
								"down": { "texture": "#plain", "uv": [ 0.0, 0.0, 2.0, 0.5 ] }
							}
						},
						{
							"name": "SaddleLeather18",
							"from": [ -2.8, -2.1, -5.15 ],
							"to": [ -0.4, -0.65, -4.62 ],
							"rotationOrigin": [ -2.8, -1.7, -5.05 ],
							"rotationX": 5.0,
							"rotationY": -0.25,
							"rotationZ": -4.5,
							"faces": {
								"north": { "texture": "#plain", "uv": [ 0.0, 0.0, 2.0, 1.0 ] },
								"east": { "texture": "#plain", "uv": [ 0.0, 0.0, 0.5, 1.0 ] },
								"south": { "texture": "#plain", "uv": [ 0.0, 0.0, 2.0, 1.0 ] },
								"west": { "texture": "#plain", "uv": [ 0.0, 0.0, 0.5, 1.0 ] },
								"up": { "texture": "#plain", "uv": [ 0.0, 0.0, 2.0, 0.5 ] },
								"down": { "texture": "#plain", "uv": [ 0.0, 0.0, 2.0, 0.5 ] }
							}
						},
						{
							"name": "SaddleLeather19",
							"from": [ 6.0, -0.4, -2.9 ],
							"to": [ 8.5, 0.48, -1.37 ],
							"rotationOrigin": [ 6.0, 0.2, -2.0 ],
							"faces": {
								"north": { "texture": "#plain", "uv": [ 0.0, 0.0, 2.5, 0.5 ] },
								"east": { "texture": "#plain", "uv": [ 0.0, 0.0, 1.5, 0.5 ] },
								"south": { "texture": "#plain", "uv": [ 0.0, 0.0, 2.5, 0.5 ] },
								"west": { "texture": "#plain", "uv": [ 0.0, 0.0, 1.5, 0.5 ] },
								"up": { "texture": "#plain", "uv": [ 0.0, 0.0, 2.5, 1.5 ] },
								"down": { "texture": "#plain", "uv": [ 0.0, 0.0, 2.5, 1.5 ] }
							}
						},
						{
							"name": "SaddleLeather20",
							"from": [ 8.55, -0.02, -5.78 ],
							"to": [ 10.35, 0.46, -1.28 ],
							"rotationOrigin": [ 10.5, 0.2, -1.78 ],
							"rotationX": -26.0,
							"rotationY": 28.5,
							"rotationZ": 6.0,
							"faces": {
								"north": { "texture": "#plain", "uv": [ 0.0, 0.0, 1.5, 0.5 ] },
								"east": { "texture": "#plain", "uv": [ 0.0, 0.0, 4.5, 0.5 ] },
								"south": { "texture": "#plain", "uv": [ 0.0, 0.0, 1.5, 0.5 ] },
								"west": { "texture": "#plain", "uv": [ 0.0, 0.0, 4.5, 0.5 ] },
								"up": { "texture": "#plain", "uv": [ 0.0, 0.0, 1.5, 4.5 ] },
								"down": { "texture": "#plain", "uv": [ 0.0, 0.0, 1.5, 4.5 ] }
							}
						},
						{
							"name": "SaddleLeather21",
							"from": [ 5.85, -0.1, -5.1 ],
							"to": [ 8.25, 0.4, -2.57 ],
							"rotationOrigin": [ 5.9, -0.1, -2.95 ],
							"rotationX": -25.0,
							"rotationZ": -15.0,
							"faces": {
								"north": { "texture": "#plain", "uv": [ 0.0, 0.0, 2.0, 0.5 ] },
								"east": { "texture": "#plain", "uv": [ 0.0, 0.0, 2.5, 0.5 ] },
								"south": { "texture": "#plain", "uv": [ 0.0, 0.0, 2.0, 0.5 ] },
								"west": { "texture": "#plain", "uv": [ 0.0, 0.0, 2.5, 0.5 ] },
								"up": { "texture": "#plain", "uv": [ 0.0, 0.0, 2.0, 2.5 ] },
								"down": { "texture": "#plain", "uv": [ 0.0, 0.0, 2.0, 2.5 ] }
							}
						},
						{
							"name": "SaddleLeather22",
							"from": [ 5.8, -1.9, -5.15 ],
							"to": [ 7.9, -0.75, -4.62 ],
							"rotationOrigin": [ 5.8, -1.7, -5.05 ],
							"rotationX": 4.0,
							"rotationY": -8.0,
							"rotationZ": -10.5,
							"faces": {
								"north": { "texture": "#plain", "uv": [ 0.0, 0.0, 2.0, 1.0 ] },
								"east": { "texture": "#plain", "uv": [ 0.0, 0.0, 0.5, 1.0 ] },
								"south": { "texture": "#plain", "uv": [ 0.0, 0.0, 2.0, 1.0 ] },
								"west": { "texture": "#plain", "uv": [ 0.0, 0.0, 0.5, 1.0 ] },
								"up": { "texture": "#plain", "uv": [ 0.0, 0.0, 2.0, 0.5 ] },
								"down": { "texture": "#plain", "uv": [ 0.0, 0.0, 2.0, 0.5 ] }
							}
						},
						{
							"name": "SaddleLeather23",
							"from": [ 5.8, -2.7, -5.28 ],
							"to": [ 7.9, -1.45, -4.75 ],
							"rotationOrigin": [ 5.8, -2.7, -5.05 ],
							"rotationX": 8.0,
							"rotationY": -8.0,
							"rotationZ": 14.0,
							"faces": {
								"north": { "texture": "#plain", "uv": [ 0.0, 0.0, 2.0, 1.0 ] },
								"east": { "texture": "#plain", "uv": [ 0.0, 0.0, 0.5, 1.0 ] },
								"south": { "texture": "#plain", "uv": [ 0.0, 0.0, 2.0, 1.0 ] },
								"west": { "texture": "#plain", "uv": [ 0.0, 0.0, 0.5, 1.0 ] },
								"up": { "texture": "#plain", "uv": [ 0.0, 0.0, 2.0, 0.5 ] },
								"down": { "texture": "#plain", "uv": [ 0.0, 0.0, 2.0, 0.5 ] }
							}
						},
						{
							"name": "SaddleLeather24",
							"from": [ -6.0, 0.27, -3.0 ],
							"to": [ -5.0, 0.57, -1.5 ],
							"rotationOrigin": [ -6.0, 0.0, -3.0 ],
							"rotationX": 1.0,
							"rotationY": -45.0,
							"faces": {
								"north": { "texture": "#plain", "uv": [ 0.0, 0.0, 1.0, 0.5 ] },
								"east": { "texture": "#plain", "uv": [ 0.0, 0.0, 1.5, 0.5 ] },
								"south": { "texture": "#plain", "uv": [ 0.0, 0.0, 1.0, 0.5 ] },
								"west": { "texture": "#plain", "uv": [ 0.0, 0.0, 1.5, 0.5 ] },
								"up": { "texture": "#plain", "uv": [ 0.0, 0.0, 1.0, 1.5 ] },
								"down": { "texture": "#plain", "uv": [ 0.0, 0.0, 1.0, 1.5 ] }
							}
						},
						{
							"name": "SaddleLeather25",
							"from": [ -4.5, -0.73, -5.15 ],
							"to": [ -2.95, -0.38, -2.15 ],
							"rotationOrigin": [ -4.0, -0.73, -5.0 ],
							"rotationX": -19.5,
							"rotationY": -27.5,
							"rotationZ": -8.0,
							"faces": {
								"north": { "texture": "#plain", "uv": [ 0.0, 0.0, 1.5, 0.5 ] },
								"east": { "texture": "#plain", "uv": [ 0.0, 0.0, 3.0, 0.5 ] },
								"south": { "texture": "#plain", "uv": [ 0.0, 0.0, 1.5, 0.5 ] },
								"west": { "texture": "#plain", "uv": [ 0.0, 0.0, 3.0, 0.5 ] },
								"up": { "texture": "#plain", "uv": [ 0.0, 0.0, 1.5, 3.0 ] },
								"down": { "texture": "#plain", "uv": [ 0.0, 0.0, 1.5, 3.0 ] }
							}
						},
						{
							"name": "SaddleLeather26",
							"from": [ -7.0, 0.27, 2.0 ],
							"to": [ -6.0, 0.57, 3.5 ],
							"rotationOrigin": [ -7.0, 0.0, 2.0 ],
							"rotationX": 1.0,
							"rotationY": 22.5,
							"faces": {
								"north": { "texture": "#plain", "uv": [ 0.0, 0.0, 1.0, 0.5 ] },
								"east": { "texture": "#plain", "uv": [ 0.0, 0.0, 1.5, 0.5 ] },
								"south": { "texture": "#plain", "uv": [ 0.0, 0.0, 1.0, 0.5 ] },
								"west": { "texture": "#plain", "uv": [ 0.0, 0.0, 1.5, 0.5 ] },
								"up": { "texture": "#plain", "uv": [ 0.0, 0.0, 1.0, 1.5 ] },
								"down": { "texture": "#plain", "uv": [ 0.0, 0.0, 1.0, 1.5 ] }
							}
						},
						{
							"name": "SaddleLeather27",
							"from": [ -6.0, 0.0, 2.85 ],
							"to": [ -4.36, 0.4, 5.85 ],
							"rotationOrigin": [ -6.0, -0.73, 3.0 ],
							"rotationX": 22.0,
							"rotationY": 43.0,
							"rotationZ": -7.0,
							"faces": {
								"north": { "texture": "#plain", "uv": [ 0.0, 0.0, 1.5, 0.5 ] },
								"east": { "texture": "#plain", "uv": [ 0.0, 0.0, 3.0, 0.5 ] },
								"south": { "texture": "#plain", "uv": [ 0.0, 0.0, 1.5, 0.5 ] },
								"west": { "texture": "#plain", "uv": [ 0.0, 0.0, 3.0, 0.5 ] },
								"up": { "texture": "#plain", "uv": [ 0.0, 0.0, 1.5, 3.0 ] },
								"down": { "texture": "#plain", "uv": [ 0.0, 0.0, 1.5, 3.0 ] }
							}
						}
					]
				},
				{
					"name": "SaddleRim",
					"from": [ 0.0, 0.0, 0.0 ],
					"to": [ 0.0, 0.0, 0.0 ],
					"faces": {
						"north": { "texture": "#plaindark", "uv": [ 0.0, 0.0, 0.5, 0.5 ] },
						"east": { "texture": "#plaindark", "uv": [ 0.0, 0.0, 0.5, 0.5 ] },
						"south": { "texture": "#plaindark", "uv": [ 0.0, 0.0, 0.5, 0.5 ] },
						"west": { "texture": "#plaindark", "uv": [ 0.0, 0.0, 0.5, 0.5 ] },
						"up": { "texture": "#plaindark", "uv": [ 0.0, 0.0, 0.5, 0.5 ] },
						"down": { "texture": "#plaindark", "uv": [ 0.0, 0.0, 0.5, 0.5 ] }
					},
					"children": [
						{
							"name": "Cube6",
							"from": [ -6.68, 0.75, -1.8 ],
							"to": [ -5.88, 1.75, 2.2 ],
							"rotationOrigin": [ -6.68, 1.0, -1.75 ],
							"rotationZ": -22.5,
							"faces": {
								"north": { "texture": "#plaindark", "uv": [ 0.0, 0.0, 0.5, 1.0 ] },
								"east": { "texture": "#plaindark", "uv": [ 0.0, 0.0, 4.0, 1.0 ] },
								"south": { "texture": "#plaindark", "uv": [ 0.0, 0.0, 0.5, 1.0 ] },
								"west": { "texture": "#plaindark", "uv": [ 0.0, 0.0, 4.0, 1.0 ] },
								"up": { "texture": "#plaindark", "uv": [ 0.0, 0.0, 0.5, 4.0 ] },
								"down": { "texture": "#plaindark", "uv": [ 0.0, 0.0, 0.5, 4.0 ] }
							}
						},
						{
							"name": "Cube47",
							"from": [ -6.7, 1.0, -1.55 ],
							"to": [ -1.1, 2.0, -0.85 ],
							"rotationOrigin": [ -7.0, 1.0, -1.45 ],
							"rotationX": 27.94,
							"rotationY": 36.8,
							"rotationZ": -39.36,
							"faces": {
								"north": { "texture": "#plaindark", "uv": [ 0.0, 0.0, 5.5, 1.0 ] },
								"east": { "texture": "#plaindark", "uv": [ 0.0, 0.0, 0.5, 1.0 ] },
								"south": { "texture": "#plaindark", "uv": [ 0.0, 0.0, 5.5, 1.0 ] },
								"west": { "texture": "#plaindark", "uv": [ 0.0, 0.0, 0.5, 1.0 ] },
								"up": { "texture": "#plaindark", "uv": [ 0.0, 0.0, 5.5, 0.5 ] },
								"down": { "texture": "#plaindark", "uv": [ 0.0, 0.0, 5.5, 0.5 ] }
							}
						},
						{
							"name": "Cube48",
							"from": [ -2.65, -5.5, -5.7 ],
							"to": [ -1.65, -0.5, -5.0 ],
							"rotationOrigin": [ -2.65, -1.5, -5.7 ],
							"rotationZ": 53.5,
							"faces": {
								"north": { "texture": "#plaindark", "uv": [ 0.0, 0.0, 1.0, 5.0 ] },
								"east": { "texture": "#plaindark", "uv": [ 0.0, 0.0, 0.5, 5.0 ] },
								"south": { "texture": "#plaindark", "uv": [ 0.0, 0.0, 1.0, 5.0 ] },
								"west": { "texture": "#plaindark", "uv": [ 0.0, 0.0, 0.5, 5.0 ] },
								"up": { "texture": "#plaindark", "uv": [ 0.0, 0.0, 1.0, 0.5 ] },
								"down": { "texture": "#plaindark", "uv": [ 0.0, 0.0, 1.0, 0.5 ] }
							}
						},
						{
							"name": "Cube51",
							"from": [ 0.5, -3.85, -5.71 ],
							"to": [ 5.5, -2.85, -5.01 ],
							"rotationOrigin": [ 0.5, -3.85, -5.7 ],
							"faces": {
								"north": { "texture": "#plaindark", "uv": [ 0.0, 0.0, 5.0, 1.0 ] },
								"east": { "texture": "#plaindark", "uv": [ 0.0, 0.0, 0.5, 1.0 ] },
								"south": { "texture": "#plaindark", "uv": [ 0.0, 0.0, 5.0, 1.0 ] },
								"west": { "texture": "#plaindark", "uv": [ 0.0, 0.0, 0.5, 1.0 ] },
								"up": { "texture": "#plaindark", "uv": [ 0.0, 0.0, 5.0, 0.5 ] },
								"down": { "texture": "#plaindark", "uv": [ 0.0, 0.0, 5.0, 0.5 ] }
							}
						},
						{
							"name": "Cube52",
							"from": [ 6.35, -7.5, -5.5 ],
							"to": [ 7.35, -2.5, -4.8 ],
							"rotationOrigin": [ 6.35, -3.5, -5.5 ],
							"rotationY": -11.0,
							"rotationZ": 112.5,
							"faces": {
								"north": { "texture": "#plaindark", "uv": [ 0.0, 0.0, 1.0, 5.0 ] },
								"east": { "texture": "#plaindark", "uv": [ 0.0, 0.0, 0.5, 5.0 ] },
								"south": { "texture": "#plaindark", "uv": [ 0.0, 0.0, 1.0, 5.0 ] },
								"west": { "texture": "#plaindark", "uv": [ 0.0, 0.0, 0.5, 5.0 ] },
								"up": { "texture": "#plaindark", "uv": [ 0.0, 0.0, 1.0, 0.5 ] },
								"down": { "texture": "#plaindark", "uv": [ 0.0, 0.0, 1.0, 0.5 ] }
							}
						},
						{
							"name": "Cube61",
							"from": [ 12.0, 0.0, 0.0 ],
							"to": [ 17.3, 1.0, 0.7 ],
							"rotationOrigin": [ 12.0, 0.0, -0.15 ],
							"rotationX": -152.06,
							"rotationY": 45.0,
							"rotationZ": 134.0,
							"faces": {
								"north": { "texture": "#plaindark", "uv": [ 0.0, 0.0, 5.0, 1.0 ] },
								"east": { "texture": "#plaindark", "uv": [ 0.0, 0.0, 0.5, 1.0 ] },
								"south": { "texture": "#plaindark", "uv": [ 0.0, 0.0, 5.0, 1.0 ] },
								"west": { "texture": "#plaindark", "uv": [ 0.0, 0.0, 0.5, 1.0 ] },
								"up": { "texture": "#plaindark", "uv": [ 0.0, 0.0, 5.0, 0.5 ] },
								"down": { "texture": "#plaindark", "uv": [ 0.0, 0.0, 5.0, 0.5 ] }
							}
						},
						{
							"name": "Cube60",
							"from": [ 11.8, -0.07, -1.4 ],
							"to": [ 12.7, 0.93, 1.6 ],
							"rotationOrigin": [ 11.8, -0.07, -1.8 ],
							"rotationZ": 22.5,
							"faces": {
								"north": { "texture": "#plaindark", "uv": [ 0.0, 0.0, 0.5, 1.0 ] },
								"east": { "texture": "#plaindark", "uv": [ 0.0, 0.0, 3.0, 1.0 ] },
								"south": { "texture": "#plaindark", "uv": [ 0.0, 0.0, 0.5, 1.0 ] },
								"west": { "texture": "#plaindark", "uv": [ 0.0, 0.0, 3.0, 1.0 ] },
								"up": { "texture": "#plaindark", "uv": [ 0.0, 0.0, 0.5, 3.0 ] },
								"down": { "texture": "#plaindark", "uv": [ 0.0, 0.0, 0.5, 3.0 ] }
							}
						},
						{
							"name": "Cube67",
							"from": [ -6.95, 0.8, 2.2 ],
							"to": [ -5.95, 1.8, 7.6 ],
							"rotationOrigin": [ -6.85, 0.8, 2.2 ],
							"rotationX": 26.94,
							"rotationY": 41.29,
							"rotationZ": -39.36,
							"faces": {
								"north": { "texture": "#plaindark", "uv": [ 0.0, 0.0, 1.0, 1.0 ] },
								"east": { "texture": "#plaindark", "uv": [ 0.0, 0.0, 5.0, 1.0 ] },
								"south": { "texture": "#plaindark", "uv": [ 0.0, 0.0, 1.0, 1.0 ] },
								"west": { "texture": "#plaindark", "uv": [ 0.0, 0.0, 5.0, 1.0 ] },
								"up": { "texture": "#plaindark", "uv": [ 0.0, 0.0, 1.0, 5.0 ] },
								"down": { "texture": "#plaindark", "uv": [ 0.0, 0.0, 1.0, 5.0 ] }
							}
						},
						{
							"name": "Cube69",
							"from": [ -2.65, -5.5, 5.2 ],
							"to": [ -1.65, -0.5, 5.9 ],
							"rotationOrigin": [ -2.65, -1.5, 5.2 ],
							"rotationZ": 53.5,
							"faces": {
								"north": { "texture": "#plaindark", "uv": [ 0.0, 0.0, 1.0, 5.0 ] },
								"east": { "texture": "#plaindark", "uv": [ 0.0, 0.0, 0.5, 5.0 ] },
								"south": { "texture": "#plaindark", "uv": [ 0.0, 0.0, 1.0, 5.0 ] },
								"west": { "texture": "#plaindark", "uv": [ 0.0, 0.0, 0.5, 5.0 ] },
								"up": { "texture": "#plaindark", "uv": [ 0.0, 0.0, 1.0, 0.5 ] },
								"down": { "texture": "#plaindark", "uv": [ 0.0, 0.0, 1.0, 0.5 ] }
							}
						},
						{
							"name": "Cube71",
							"from": [ 0.5, -3.85, 5.21 ],
							"to": [ 5.5, -2.85, 5.91 ],
							"rotationOrigin": [ 0.5, -3.85, 5.3 ],
							"faces": {
								"north": { "texture": "#plaindark", "uv": [ 0.0, 0.0, 5.0, 1.0 ] },
								"east": { "texture": "#plaindark", "uv": [ 0.0, 0.0, 0.5, 1.0 ] },
								"south": { "texture": "#plaindark", "uv": [ 0.0, 0.0, 5.0, 1.0 ] },
								"west": { "texture": "#plaindark", "uv": [ 0.0, 0.0, 0.5, 1.0 ] },
								"up": { "texture": "#plaindark", "uv": [ 0.0, 0.0, 5.0, 0.5 ] },
								"down": { "texture": "#plaindark", "uv": [ 0.0, 0.0, 5.0, 0.5 ] }
							}
						},
						{
							"name": "Cube72",
							"from": [ 6.4, -7.15, 5.0 ],
							"to": [ 7.4, -2.35, 5.7 ],
							"rotationOrigin": [ 6.35, -3.5, 5.0 ],
							"rotationY": 6.0,
							"rotationZ": 112.5,
							"faces": {
								"north": { "texture": "#plaindark", "uv": [ 0.0, 0.0, 1.0, 4.5 ] },
								"east": { "texture": "#plaindark", "uv": [ 0.0, 0.0, 0.5, 4.5 ] },
								"south": { "texture": "#plaindark", "uv": [ 0.0, 0.0, 1.0, 4.5 ] },
								"west": { "texture": "#plaindark", "uv": [ 0.0, 0.0, 0.5, 4.5 ] },
								"up": { "texture": "#plaindark", "uv": [ 0.0, 0.0, 1.0, 0.5 ] },
								"down": { "texture": "#plaindark", "uv": [ 0.0, 0.0, 1.0, 0.5 ] }
							}
						},
						{
							"name": "Cube74",
							"from": [ 13.15, 0.9, 1.7 ],
							"to": [ 14.15, 1.6, 7.0 ],
							"rotationOrigin": [ 13.0, 0.2, 1.9 ],
							"rotationX": 29.0,
							"rotationY": -32.0,
							"rotationZ": 129.06,
							"faces": {
								"north": { "texture": "#plaindark", "uv": [ 0.0, 0.0, 1.0, 0.5 ] },
								"east": { "texture": "#plaindark", "uv": [ 0.0, 0.0, 5.0, 0.5 ] },
								"south": { "texture": "#plaindark", "uv": [ 0.0, 0.0, 1.0, 0.5 ] },
								"west": { "texture": "#plaindark", "uv": [ 0.0, 0.0, 5.0, 0.5 ] },
								"up": { "texture": "#plaindark", "uv": [ 0.0, 0.0, 1.0, 5.0 ] },
								"down": { "texture": "#plaindark", "uv": [ 0.0, 0.0, 1.0, 5.0 ] }
							}
						},
						{
							"name": "Cube9",
							"from": [ 10.0, -0.25, -0.9 ],
							"to": [ 13.0, 0.75, 1.1 ],
							"rotationOrigin": [ 9.0, 0.0, -1.0 ],
							"rotationZ": 11.0,
							"faces": {
								"north": { "texture": "#plaindark", "uv": [ 0.0, 0.0, 3.0, 1.0 ] },
								"east": { "texture": "#plaindark", "uv": [ 0.0, 0.0, 2.0, 1.0 ] },
								"south": { "texture": "#plaindark", "uv": [ 0.0, 0.0, 3.0, 1.0 ] },
								"west": { "texture": "#plaindark", "uv": [ 0.0, 0.0, 2.0, 1.0 ] },
								"up": { "texture": "#plaindark", "uv": [ 0.0, 0.0, 3.0, 2.0 ] },
								"down": { "texture": "#plaindark", "uv": [ 0.0, 0.0, 3.0, 2.0 ] }
							}
						},
						{
							"name": "Cube62",
							"from": [ -6.5, 0.86, -0.85 ],
							"to": [ -5.3, 1.86, 1.15 ],
							"rotationOrigin": [ -6.0, 2.0, 0.0 ],
							"rotationZ": -57.5,
							"faces": {
								"north": { "texture": "#plaindark", "uv": [ 0.0, 0.0, 1.0, 1.0 ] },
								"east": { "texture": "#plaindark", "uv": [ 0.0, 0.0, 2.0, 1.0 ] },
								"south": { "texture": "#plaindark", "uv": [ 0.0, 0.0, 1.0, 1.0 ] },
								"west": { "texture": "#plaindark", "uv": [ 0.0, 0.0, 2.0, 1.0 ] },
								"up": { "texture": "#plaindark", "uv": [ 0.0, 0.0, 1.0, 2.0 ] },
								"down": { "texture": "#plaindark", "uv": [ 0.0, 0.0, 1.0, 2.0 ] }
							}
						},
						{
							"name": "Cube63",
							"from": [ -7.5, 1.86, -0.75 ],
							"to": [ -6.15, 2.86, 1.05 ],
							"rotationOrigin": [ -7.0, 3.0, 0.0 ],
							"rotationZ": -39.5,
							"faces": {
								"north": { "texture": "#plaindark", "uv": [ 0.0, 0.0, 1.0, 1.0 ] },
								"east": { "texture": "#plaindark", "uv": [ 0.0, 0.0, 1.5, 1.0 ] },
								"south": { "texture": "#plaindark", "uv": [ 0.0, 0.0, 1.0, 1.0 ] },
								"west": { "texture": "#plaindark", "uv": [ 0.0, 0.0, 1.5, 1.0 ] },
								"up": { "texture": "#plaindark", "uv": [ 0.0, 0.0, 1.0, 1.5 ] },
								"down": { "texture": "#plaindark", "uv": [ 0.0, 0.0, 1.0, 1.5 ] }
							}
						}
					]
				},
				{
					"name": "SChestStraps",
					"from": [ -5.0, -0.5, 0.0 ],
					"to": [ -5.0, -0.5, 0.0 ],
					"rotationOrigin": [ -5.0, -1.0, 0.0 ],
					"rotationZ": 8.0,
					"faces": {
						"north": { "texture": "#plainblack", "uv": [ 0.0, 0.0, 0.5, 0.5 ] },
						"east": { "texture": "#plainblack", "uv": [ 0.0, 0.0, 0.5, 0.5 ] },
						"south": { "texture": "#plainblack", "uv": [ 0.0, 0.0, 0.5, 0.5 ] },
						"west": { "texture": "#plainblack", "uv": [ 0.0, 0.0, 0.5, 0.5 ] },
						"up": { "texture": "#plainblack", "uv": [ 0.0, 0.0, 0.5, 0.5 ] },
						"down": { "texture": "#plainblack", "uv": [ 0.0, 0.0, 0.5, 0.5 ] }
					},
					"children": [
						{
							"name": "Cube65",
							"from": [ -3.0, -7.0, -5.3 ],
							"to": [ -1.5, 1.0, -5.0 ],
							"rotationOrigin": [ -3.0, -7.0, -5.0 ],
							"rotationZ": -33.5,
							"faces": {
								"north": { "texture": "#plainblack", "uv": [ 0.0, 0.0, 1.5, 8.0 ] },
								"east": { "texture": "#plainblack", "uv": [ 0.0, 0.0, 0.5, 8.0 ] },
								"south": { "texture": "#plainblack", "uv": [ 0.0, 0.0, 1.5, 8.0 ] },
								"west": { "texture": "#plainblack", "uv": [ 0.0, 0.0, 0.5, 8.0 ] },
								"up": { "texture": "#plainblack", "uv": [ 0.0, 0.0, 1.5, 0.5 ] },
								"down": { "texture": "#plainblack", "uv": [ 0.0, 0.0, 1.5, 0.5 ] }
							}
						},
						{
							"name": "Cube75",
							"from": [ -3.0, -7.0, -5.3 ],
							"to": [ -1.5, -6.7, -0.6 ],
							"rotationOrigin": [ -3.0, -7.0, -5.0 ],
							"rotationX": 17.0,
							"rotationY": -13.0,
							"rotationZ": -33.5,
							"faces": {
								"north": { "texture": "#plainblack", "uv": [ 0.0, 0.0, 1.5, 0.5 ] },
								"east": { "texture": "#plainblack", "uv": [ 0.0, 0.0, 4.5, 0.5 ] },
								"south": { "texture": "#plainblack", "uv": [ 0.0, 0.0, 1.5, 0.5 ] },
								"west": { "texture": "#plainblack", "uv": [ 0.0, 0.0, 4.5, 0.5 ] },
								"up": { "texture": "#plainblack", "uv": [ 0.0, 0.0, 1.5, 4.5 ] },
								"down": { "texture": "#plainblack", "uv": [ 0.0, 0.0, 1.5, 4.5 ] }
							},
							"children": [
								{
									"name": "Cube140",
									"from": [ 0.01, -0.2, 4.3 ],
									"to": [ 0.31, 0.4, 4.9 ],
									"rotationOrigin": [ 0.0, 0.0, 4.3 ],
									"faces": {
										"north": { "texture": "#plainblack", "uv": [ 0.0, 0.0, 0.5, 0.5 ] },
										"east": { "texture": "#plainblack", "uv": [ 0.0, 0.0, 0.5, 0.5 ] },
										"south": { "texture": "#plainblack", "uv": [ 0.0, 0.0, 0.5, 0.5 ] },
										"west": { "texture": "#plainblack", "uv": [ 0.0, 0.0, 0.5, 0.5 ] },
										"up": { "texture": "#plainblack", "uv": [ 0.0, 0.0, 0.5, 0.5 ] },
										"down": { "texture": "#plainblack", "uv": [ 0.0, 0.0, 0.5, 0.5 ] }
									}
								},
								{
									"name": "Cube141",
									"from": [ 1.01, -0.2, 4.3 ],
									"to": [ 1.31, 0.4, 4.9 ],
									"rotationOrigin": [ 1.0, 0.0, 4.3 ],
									"faces": {
										"north": { "texture": "#plainblack", "uv": [ 0.0, 0.0, 0.5, 0.5 ] },
										"east": { "texture": "#plainblack", "uv": [ 0.0, 0.0, 0.5, 0.5 ] },
										"south": { "texture": "#plainblack", "uv": [ 0.0, 0.0, 0.5, 0.5 ] },
										"west": { "texture": "#plainblack", "uv": [ 0.0, 0.0, 0.5, 0.5 ] },
										"up": { "texture": "#plainblack", "uv": [ 0.0, 0.0, 0.5, 0.5 ] },
										"down": { "texture": "#plainblack", "uv": [ 0.0, 0.0, 0.5, 0.5 ] }
									}
								}
							]
						},
						{
							"name": "Cube66",
							"from": [ -3.0, -7.0, 5.2 ],
							"to": [ -1.5, 1.0, 5.5 ],
							"rotationOrigin": [ -3.0, -7.0, 5.0 ],
							"rotationZ": -33.5,
							"faces": {
								"north": { "texture": "#plainblack", "uv": [ 0.0, 0.0, 1.5, 8.0 ] },
								"east": { "texture": "#plainblack", "uv": [ 0.0, 0.0, 0.5, 8.0 ] },
								"south": { "texture": "#plainblack", "uv": [ 0.0, 0.0, 1.5, 8.0 ] },
								"west": { "texture": "#plainblack", "uv": [ 0.0, 0.0, 0.5, 8.0 ] },
								"up": { "texture": "#plainblack", "uv": [ 0.0, 0.0, 1.5, 0.5 ] },
								"down": { "texture": "#plainblack", "uv": [ 0.0, 0.0, 1.5, 0.5 ] }
							}
						},
						{
							"name": "Cube76",
							"from": [ -3.0, -7.0, 1.2 ],
							"to": [ -1.5, -6.7, 5.5 ],
							"rotationOrigin": [ -3.0, -7.0, 5.5 ],
							"rotationX": -17.0,
							"rotationY": 11.0,
							"rotationZ": -33.5,
							"faces": {
								"north": { "texture": "#plainblack", "uv": [ 0.0, 0.0, 1.5, 0.5 ] },
								"east": { "texture": "#plainblack", "uv": [ 0.0, 0.0, 4.0, 0.5 ] },
								"south": { "texture": "#plainblack", "uv": [ 0.0, 0.0, 1.5, 0.5 ] },
								"west": { "texture": "#plainblack", "uv": [ 0.0, 0.0, 4.0, 0.5 ] },
								"up": { "texture": "#plainblack", "uv": [ 0.0, 0.0, 1.5, 4.0 ] },
								"down": { "texture": "#plainblack", "uv": [ 0.0, 0.0, 1.5, 4.0 ] }
							},
							"children": [
								{
									"name": "Cube142",
									"from": [ 0.01, -0.2, -0.45 ],
									"to": [ 0.31, 0.4, 0.15 ],
									"rotationOrigin": [ 0.0, 0.0, -0.45 ],
									"faces": {
										"north": { "texture": "#plainblack", "uv": [ 0.0, 0.0, 0.5, 0.5 ] },
										"east": { "texture": "#plainblack", "uv": [ 0.0, 0.0, 0.5, 0.5 ] },
										"south": { "texture": "#plainblack", "uv": [ 0.0, 0.0, 0.5, 0.5 ] },
										"west": { "texture": "#plainblack", "uv": [ 0.0, 0.0, 0.5, 0.5 ] },
										"up": { "texture": "#plainblack", "uv": [ 0.0, 0.0, 0.5, 0.5 ] },
										"down": { "texture": "#plainblack", "uv": [ 0.0, 0.0, 0.5, 0.5 ] }
									}
								},
								{
									"name": "Cube143",
									"from": [ 1.01, -0.2, -0.45 ],
									"to": [ 1.31, 0.4, 0.15 ],
									"rotationOrigin": [ 0.0, 0.0, -0.45 ],
									"faces": {
										"north": { "texture": "#plainblack", "uv": [ 0.0, 0.0, 0.5, 0.5 ] },
										"east": { "texture": "#plainblack", "uv": [ 0.0, 0.0, 0.5, 0.5 ] },
										"south": { "texture": "#plainblack", "uv": [ 0.0, 0.0, 0.5, 0.5 ] },
										"west": { "texture": "#plainblack", "uv": [ 0.0, 0.0, 0.5, 0.5 ] },
										"up": { "texture": "#plainblack", "uv": [ 0.0, 0.0, 0.5, 0.5 ] },
										"down": { "texture": "#plainblack", "uv": [ 0.0, 0.0, 0.5, 0.5 ] }
									}
								}
							]
						},
						{
							"name": "SChestRing",
							"from": [ -4.3277, -8.37, 0.0824 ],
							"to": [ -4.3277, -8.37, 0.0824 ],
							"rotationOrigin": [ -4.33, -8.37, 0.0824 ],
							"rotationX": 13.0,
							"rotationY": -9.0,
							"rotationZ": -35.0,
							"faces": {
								"north": { "texture": "#plaindark", "uv": [ 0.0, 0.0, 0.5, 0.5 ] },
								"east": { "texture": "#plaindark", "uv": [ 0.0, 0.0, 0.5, 0.5 ] },
								"south": { "texture": "#plaindark", "uv": [ 0.0, 0.0, 0.5, 0.5 ] },
								"west": { "texture": "#plaindark", "uv": [ 0.0, 0.0, 0.5, 0.5 ] },
								"up": { "texture": "#plaindark", "uv": [ 0.0, 0.0, 0.5, 0.5 ] },
								"down": { "texture": "#plaindark", "uv": [ 0.0, 0.0, 0.5, 0.5 ] }
							},
							"children": [
								{
									"name": "Cube121",
									"from": [ 0.0, 0.0, -1.25 ],
									"to": [ 1.9, 0.3, -0.95 ],
									"rotationOrigin": [ 1.45, -0.1, -1.35 ],
									"faces": {
										"north": { "texture": "#brass", "uv": [ 0.0, 0.0, 1.5, 0.5 ] },
										"east": { "texture": "#brass", "uv": [ 0.0, 0.0, 0.5, 0.5 ] },
										"south": { "texture": "#brass", "uv": [ 0.0, 0.0, 1.5, 0.5 ] },
										"west": { "texture": "#brass", "uv": [ 0.0, 0.0, 0.5, 0.5 ] },
										"up": { "texture": "#brass", "uv": [ 0.0, 0.0, 1.5, 0.5 ] },
										"down": { "texture": "#brass", "uv": [ 0.0, 0.0, 1.5, 0.5 ] }
									}
								},
								{
									"name": "Cube122",
									"from": [ 0.1319, 0.54, 0.9431 ],
									"to": [ 2.0319, 0.84, 1.2431 ],
									"rotationOrigin": [ 1.3819, 0.5891, 0.7931 ],
									"rotationX": -30.959,
									"rotationY": -1.28,
									"rotationZ": -0.121,
									"faces": {
										"north": { "texture": "#brass", "uv": [ 0.0, 0.0, 1.5, 0.5 ] },
										"east": { "texture": "#brass", "uv": [ 0.0, 0.0, 0.5, 0.5 ] },
										"south": { "texture": "#brass", "uv": [ 0.0, 0.0, 1.5, 0.5 ] },
										"west": { "texture": "#brass", "uv": [ 0.0, 0.0, 0.5, 0.5 ] },
										"up": { "texture": "#brass", "uv": [ 0.0, 0.0, 1.5, 0.5 ] },
										"down": { "texture": "#brass", "uv": [ 0.0, 0.0, 1.5, 0.5 ] }
									}
								},
								{
									"name": "Cube82",
									"from": [ -0.4969, 0.298, -0.8833 ],
									"to": [ -0.1969, 0.598, 0.4667 ],
									"rotationOrigin": [ -0.2469, 0.908, -0.0833 ],
									"rotationX": -15.765,
									"rotationY": -0.239,
									"rotationZ": 0.994,
									"faces": {
										"north": { "texture": "#brass", "uv": [ 0.0, 0.0, 0.5, 0.5 ] },
										"east": { "texture": "#brass", "uv": [ 0.0, 0.0, 1.0, 0.5 ] },
										"south": { "texture": "#brass", "uv": [ 0.0, 0.0, 0.5, 0.5 ] },
										"west": { "texture": "#brass", "uv": [ 0.0, 0.0, 1.0, 0.5 ] },
										"up": { "texture": "#brass", "uv": [ 0.0, 0.0, 0.5, 1.0 ] },
										"down": { "texture": "#brass", "uv": [ 0.0, 0.0, 0.5, 1.0 ] }
									}
								},
								{
									"name": "Cube123",
									"from": [ 0.0022, -0.0706, -1.2052 ],
									"to": [ 0.3022, 0.2294, -0.5052 ],
									"rotationOrigin": [ 0.0522, 0.1794, -1.1752 ],
									"rotationX": -19.714,
									"rotationY": -39.18,
									"rotationZ": 6.828,
									"faces": {
										"north": { "texture": "#brass", "uv": [ 0.0, 0.0, 0.5, 0.5 ] },
										"east": { "texture": "#brass", "uv": [ 0.0, 0.0, 0.5, 0.5 ] },
										"south": { "texture": "#brass", "uv": [ 0.0, 0.0, 0.5, 0.5 ] },
										"west": { "texture": "#brass", "uv": [ 0.0, 0.0, 0.5, 0.5 ] },
										"up": { "texture": "#brass", "uv": [ 0.0, 0.0, 0.5, 0.5 ] },
										"down": { "texture": "#brass", "uv": [ 0.0, 0.0, 0.5, 0.5 ] }
									}
								},
								{
									"name": "Cube124",
									"from": [ 2.814, -0.3573, -1.2564 ],
									"to": [ 3.114, -0.0573, -0.4564 ],
									"rotationOrigin": [ 0.214, 0.2927, -1.2064 ],
									"rotationX": -19.714,
									"rotationY": -39.18,
									"rotationZ": 5.828,
									"faces": {
										"north": { "texture": "#brass", "uv": [ 0.0, 0.0, 0.5, 0.5 ] },
										"east": { "texture": "#brass", "uv": [ 0.0, 0.0, 0.5, 0.5 ] },
										"south": { "texture": "#brass", "uv": [ 0.0, 0.0, 0.5, 0.5 ] },
										"west": { "texture": "#brass", "uv": [ 0.0, 0.0, 0.5, 0.5 ] },
										"up": { "texture": "#brass", "uv": [ 0.0, 0.0, 0.5, 0.5 ] },
										"down": { "texture": "#brass", "uv": [ 0.0, 0.0, 0.5, 0.5 ] }
									}
								},
								{
									"name": "Cube125",
									"from": [ -0.4001, 0.4433, 0.595 ],
									"to": [ -0.1001, 0.7433, 1.395 ],
									"rotationOrigin": [ -0.4001, 0.3433, 0.595 ],
									"rotationX": -25.067,
									"rotationY": 42.872,
									"rotationZ": 12.765,
									"faces": {
										"north": { "texture": "#brass", "uv": [ 0.0, 0.0, 0.5, 0.5 ] },
										"east": { "texture": "#brass", "uv": [ 0.0, 0.0, 0.5, 0.5 ] },
										"south": { "texture": "#brass", "uv": [ 0.0, 0.0, 0.5, 0.5 ] },
										"west": { "texture": "#brass", "uv": [ 0.0, 0.0, 0.5, 0.5 ] },
										"up": { "texture": "#brass", "uv": [ 0.0, 0.0, 0.5, 0.5 ] },
										"down": { "texture": "#brass", "uv": [ 0.0, 0.0, 0.5, 0.5 ] }
									}
								},
								{
									"name": "Cube126",
									"from": [ 1.4736, -0.1234, -1.2126 ],
									"to": [ 1.7736, 0.1766, -0.4126 ],
									"rotationOrigin": [ 1.7736, 0.1266, -1.4126 ],
									"rotationX": -25.067,
									"rotationY": 42.872,
									"rotationZ": 12.765,
									"faces": {
										"north": { "texture": "#brass", "uv": [ 0.0, 0.0, 0.5, 0.5 ] },
										"east": { "texture": "#brass", "uv": [ 0.0, 0.0, 0.5, 0.5 ] },
										"south": { "texture": "#brass", "uv": [ 0.0, 0.0, 0.5, 0.5 ] },
										"west": { "texture": "#brass", "uv": [ 0.0, 0.0, 0.5, 0.5 ] },
										"up": { "texture": "#brass", "uv": [ 0.0, 0.0, 0.5, 0.5 ] },
										"down": { "texture": "#brass", "uv": [ 0.0, 0.0, 0.5, 0.5 ] }
									}
								},
								{
									"name": "Cube127",
									"from": [ 2.1967, 0.3851, -0.7518 ],
									"to": [ 2.4967, 0.6851, 0.5982 ],
									"rotationOrigin": [ 2.5467, 0.4851, 0.0482 ],
									"rotationX": -15.765,
									"rotationY": -0.239,
									"rotationZ": 0.994,
									"faces": {
										"north": { "texture": "#brass", "uv": [ 0.0, 0.0, 0.5, 0.5 ] },
										"east": { "texture": "#brass", "uv": [ 0.0, 0.0, 1.0, 0.5 ] },
										"south": { "texture": "#brass", "uv": [ 0.0, 0.0, 0.5, 0.5 ] },
										"west": { "texture": "#brass", "uv": [ 0.0, 0.0, 1.0, 0.5 ] },
										"up": { "texture": "#brass", "uv": [ 0.0, 0.0, 0.5, 1.0 ] },
										"down": { "texture": "#brass", "uv": [ 0.0, 0.0, 0.5, 1.0 ] }
									}
								}
							]
						},
						{
							"name": "Cube128",
							"from": [ -0.25, -11.3, -0.42 ],
							"to": [ 0.05, -8.95, 0.78 ],
							"rotationOrigin": [ -0.4, -12.0, 0.0 ],
							"rotationZ": 38.5,
							"faces": {
								"north": { "texture": "#plainblack", "uv": [ 0.0, 0.0, 0.5, 2.0 ] },
								"east": { "texture": "#plainblack", "uv": [ 0.0, 0.0, 1.0, 2.0 ] },
								"south": { "texture": "#plainblack", "uv": [ 0.0, 0.0, 0.5, 2.0 ] },
								"west": { "texture": "#plainblack", "uv": [ 0.0, 0.0, 1.0, 2.0 ] },
								"up": { "texture": "#plainblack", "uv": [ 0.0, 0.0, 0.5, 1.0 ] },
								"down": { "texture": "#plainblack", "uv": [ 0.0, 0.0, 0.5, 1.0 ] }
							},
							"children": [
								{
									"name": "Cube144",
									"from": [ -0.1, 2.2, 0.01 ],
									"to": [ 0.5, 2.75, 0.31 ],
									"rotationOrigin": [ 0.0, 2.0, 0.0 ],
									"faces": {
										"north": { "texture": "#plainblack", "uv": [ 0.0, 0.0, 0.5, 0.5 ] },
										"east": { "texture": "#plainblack", "uv": [ 0.0, 0.0, 0.5, 0.5 ] },
										"south": { "texture": "#plainblack", "uv": [ 0.0, 0.0, 0.5, 0.5 ] },
										"west": { "texture": "#plainblack", "uv": [ 0.0, 0.0, 0.5, 0.5 ] },
										"up": { "texture": "#plainblack", "uv": [ 0.0, 0.0, 0.5, 0.5 ] },
										"down": { "texture": "#plainblack", "uv": [ 0.0, 0.0, 0.5, 0.5 ] }
									}
								},
								{
									"name": "Cube145",
									"from": [ -0.1, 2.2, 0.9 ],
									"to": [ 0.5, 2.75, 1.2 ],
									"rotationOrigin": [ 0.0, 2.0, 1.0 ],
									"faces": {
										"north": { "texture": "#plainblack", "uv": [ 0.0, 0.0, 0.5, 0.5 ] },
										"east": { "texture": "#plainblack", "uv": [ 0.0, 0.0, 0.5, 0.5 ] },
										"south": { "texture": "#plainblack", "uv": [ 0.0, 0.0, 0.5, 0.5 ] },
										"west": { "texture": "#plainblack", "uv": [ 0.0, 0.0, 0.5, 0.5 ] },
										"up": { "texture": "#plainblack", "uv": [ 0.0, 0.0, 0.5, 0.5 ] },
										"down": { "texture": "#plainblack", "uv": [ 0.0, 0.0, 0.5, 0.5 ] }
									}
								}
							]
						},
						{
							"name": "Cube129",
							"from": [ -0.6, -11.3, -0.4 ],
							"to": [ 4.7, -11.0, 0.8 ],
							"rotationOrigin": [ -0.25, -11.3, 0.24 ],
							"faces": {
								"north": { "texture": "#plainblack", "uv": [ 0.0, 0.0, 5.0, 0.5 ] },
								"east": { "texture": "#plainblack", "uv": [ 0.0, 0.0, 1.0, 0.5 ] },
								"south": { "texture": "#plainblack", "uv": [ 0.0, 0.0, 5.0, 0.5 ] },
								"west": { "texture": "#plainblack", "uv": [ 0.0, 0.0, 1.0, 0.5 ] },
								"up": { "texture": "#plainblack", "uv": [ 0.0, 0.0, 5.0, 1.0 ] },
								"down": { "texture": "#plainblack", "uv": [ 0.0, 0.0, 5.0, 1.0 ] }
							}
						},
						{
							"name": "Cube130",
							"from": [ 4.4, -11.29, -0.25 ],
							"to": [ 8.3, -10.99, 0.95 ],
							"rotationOrigin": [ 4.75, -11.3, 0.24 ],
							"rotationY": -22.5,
							"faces": {
								"north": { "texture": "#plainblack", "uv": [ 0.0, 0.0, 3.5, 0.5 ] },
								"east": { "texture": "#plainblack", "uv": [ 0.0, 0.0, 1.0, 0.5 ] },
								"south": { "texture": "#plainblack", "uv": [ 0.0, 0.0, 3.5, 0.5 ] },
								"west": { "texture": "#plainblack", "uv": [ 0.0, 0.0, 1.0, 0.5 ] },
								"up": { "texture": "#plainblack", "uv": [ 0.0, 0.0, 3.5, 1.0 ] },
								"down": { "texture": "#plainblack", "uv": [ 0.0, 0.0, 3.5, 1.0 ] }
							}
						},
						{
							"name": "Cube131",
							"from": [ 4.4, -11.31, -0.45 ],
							"to": [ 8.3, -11.01, 0.75 ],
							"rotationOrigin": [ 4.75, -11.3, 0.24 ],
							"rotationY": 22.5,
							"faces": {
								"north": { "texture": "#plainblack", "uv": [ 0.0, 0.0, 3.5, 0.5 ] },
								"east": { "texture": "#plainblack", "uv": [ 0.0, 0.0, 1.0, 0.5 ] },
								"south": { "texture": "#plainblack", "uv": [ 0.0, 0.0, 3.5, 0.5 ] },
								"west": { "texture": "#plainblack", "uv": [ 0.0, 0.0, 1.0, 0.5 ] },
								"up": { "texture": "#plainblack", "uv": [ 0.0, 0.0, 3.5, 1.0 ] },
								"down": { "texture": "#plainblack", "uv": [ 0.0, 0.0, 3.5, 1.0 ] }
							}
						},
						{
							"name": "Cube133",
							"from": [ -2.2842, -5.7572, 5.05 ],
							"to": [ -0.3842, -5.4572, 5.75 ],
							"rotationOrigin": [ -1.2842, -5.8572, 5.5 ],
							"rotationZ": -33.5,
							"faces": {
								"north": { "texture": "#brass", "uv": [ 0.0, 0.0, 1.5, 0.5 ] },
								"east": { "texture": "#brass", "uv": [ 0.0, 0.0, 0.5, 0.5 ] },
								"south": { "texture": "#brass", "uv": [ 0.0, 0.0, 1.5, 0.5 ] },
								"west": { "texture": "#brass", "uv": [ 0.0, 0.0, 0.5, 0.5 ] },
								"up": { "texture": "#brass", "uv": [ 0.0, 0.0, 1.5, 0.5 ] },
								"down": { "texture": "#brass", "uv": [ 0.0, 0.0, 1.5, 0.5 ] }
							},
							"children": [
								{
									"name": "Cube132",
									"from": [ 0.2, -1.0, 0.45 ],
									"to": [ 1.7, 0.0, 0.75 ],
									"rotationOrigin": [ 1.0, -0.1, 0.45 ],
									"rotationX": -22.5,
									"faces": {
										"north": { "texture": "#plainblack", "uv": [ 0.0, 0.0, 1.5, 1.0 ] },
										"east": { "texture": "#plainblack", "uv": [ 0.0, 0.0, 0.5, 1.0 ] },
										"south": { "texture": "#plainblack", "uv": [ 0.0, 0.0, 1.5, 1.0 ] },
										"west": { "texture": "#plainblack", "uv": [ 0.0, 0.0, 0.5, 1.0 ] },
										"up": { "texture": "#plainblack", "uv": [ 0.0, 0.0, 1.5, 0.5 ] },
										"down": { "texture": "#plainblack", "uv": [ 0.0, 0.0, 1.5, 0.5 ] }
									}
								}
							]
						},
						{
							"name": "Cube138",
							"from": [ -2.86, -5.76, -5.45 ],
							"to": [ -0.96, -5.46, -4.75 ],
							"rotationOrigin": [ -1.2842, -6.8572, -5.5 ],
							"rotationZ": -33.5,
							"faces": {
								"north": { "texture": "#brass", "uv": [ 0.0, 0.0, 1.5, 0.5 ] },
								"east": { "texture": "#brass", "uv": [ 0.0, 0.0, 0.5, 0.5 ] },
								"south": { "texture": "#brass", "uv": [ 0.0, 0.0, 1.5, 0.5 ] },
								"west": { "texture": "#brass", "uv": [ 0.0, 0.0, 0.5, 0.5 ] },
								"up": { "texture": "#brass", "uv": [ 0.0, 0.0, 1.5, 0.5 ] },
								"down": { "texture": "#brass", "uv": [ 0.0, 0.0, 1.5, 0.5 ] }
							},
							"children": [
								{
									"name": "Cube139",
									"from": [ 0.2, -0.9, -0.1 ],
									"to": [ 1.7, 0.1, 0.2 ],
									"rotationOrigin": [ 1.0, -0.1, 0.0 ],
									"rotationX": 22.5,
									"faces": {
										"north": { "texture": "#plainblack", "uv": [ 0.0, 0.0, 1.5, 1.0 ] },
										"east": { "texture": "#plainblack", "uv": [ 0.0, 0.0, 0.5, 1.0 ] },
										"south": { "texture": "#plainblack", "uv": [ 0.0, 0.0, 1.5, 1.0 ] },
										"west": { "texture": "#plainblack", "uv": [ 0.0, 0.0, 0.5, 1.0 ] },
										"up": { "texture": "#plainblack", "uv": [ 0.0, 0.0, 1.5, 0.5 ] },
										"down": { "texture": "#plainblack", "uv": [ 0.0, 0.0, 1.5, 0.5 ] }
									}
								}
							]
						}
					]
				},
				{
					"name": "SChestStraps2",
					"from": [ 5.0, -1.0, 0.0 ],
					"to": [ 5.0, -1.0, 0.0 ],
					"rotationOrigin": [ 5.0, -1.0, 0.0 ],
					"faces": {
						"north": { "texture": "#plainblack", "uv": [ 0.0, 0.0, 0.5, 0.5 ] },
						"east": { "texture": "#plainblack", "uv": [ 0.0, 0.0, 0.5, 0.5 ] },
						"south": { "texture": "#plainblack", "uv": [ 0.0, 0.0, 0.5, 0.5 ] },
						"west": { "texture": "#plainblack", "uv": [ 0.0, 0.0, 0.5, 0.5 ] },
						"up": { "texture": "#plainblack", "uv": [ 0.0, 0.0, 0.5, 0.5 ] },
						"down": { "texture": "#plainblack", "uv": [ 0.0, 0.0, 0.5, 0.5 ] }
					},
					"children": [
						{
							"name": "Cube77",
							"from": [ -1.0, -8.0, -5.3 ],
							"to": [ 0.5, -2.5, -5.0 ],
							"rotationOrigin": [ -1.0, -8.0, -5.0 ],
							"faces": {
								"north": { "texture": "#plainblack", "uv": [ 0.0, 0.0, 1.5, 5.5 ] },
								"east": { "texture": "#plainblack", "uv": [ 0.0, 0.0, 0.5, 5.5 ] },
								"south": { "texture": "#plainblack", "uv": [ 0.0, 0.0, 1.5, 5.5 ] },
								"west": { "texture": "#plainblack", "uv": [ 0.0, 0.0, 0.5, 5.5 ] },
								"up": { "texture": "#plainblack", "uv": [ 0.0, 0.0, 1.5, 0.5 ] },
								"down": { "texture": "#plainblack", "uv": [ 0.0, 0.0, 1.5, 0.5 ] }
							}
						},
						{
							"name": "Cube78",
							"from": [ -1.0, -9.5, -3.7 ],
							"to": [ 0.5, -9.2, 3.9 ],
							"rotationOrigin": [ -1.0, -9.0, -3.0 ],
							"rotationZ": 10.0,
							"faces": {
								"north": { "texture": "#plainblack", "uv": [ 0.0, 0.0, 1.5, 0.5 ] },
								"east": { "texture": "#plainblack", "uv": [ 0.0, 0.0, 7.5, 0.5 ] },
								"south": { "texture": "#plainblack", "uv": [ 0.0, 0.0, 1.5, 0.5 ] },
								"west": { "texture": "#plainblack", "uv": [ 0.0, 0.0, 7.5, 0.5 ] },
								"up": { "texture": "#plainblack", "uv": [ 0.0, 0.0, 1.5, 7.5 ] },
								"down": { "texture": "#plainblack", "uv": [ 0.0, 0.0, 1.5, 7.5 ] }
							}
						},
						{
							"name": "Cube79",
							"from": [ -1.0, -8.0, 5.2 ],
							"to": [ 0.5, -2.5, 5.5 ],
							"rotationOrigin": [ -1.0, -8.0, 6.0 ],
							"faces": {
								"north": { "texture": "#plainblack", "uv": [ 0.0, 0.0, 1.5, 5.5 ] },
								"east": { "texture": "#plainblack", "uv": [ 0.0, 0.0, 0.5, 5.5 ] },
								"south": { "texture": "#plainblack", "uv": [ 0.0, 0.0, 1.5, 5.5 ] },
								"west": { "texture": "#plainblack", "uv": [ 0.0, 0.0, 0.5, 5.5 ] },
								"up": { "texture": "#plainblack", "uv": [ 0.0, 0.0, 1.5, 0.5 ] },
								"down": { "texture": "#plainblack", "uv": [ 0.0, 0.0, 1.5, 0.5 ] }
							}
						},
						{
							"name": "Cube80",
							"from": [ -1.0, -9.35, 4.0 ],
							"to": [ 0.5, -7.35, 4.3 ],
							"rotationOrigin": [ -1.0, -9.0, 4.0 ],
							"rotationX": 45.0,
							"rotationY": 8.0,
							"faces": {
								"north": { "texture": "#plainblack", "uv": [ 0.0, 0.0, 1.5, 2.0 ] },
								"east": { "texture": "#plainblack", "uv": [ 0.0, 0.0, 0.5, 2.0 ] },
								"south": { "texture": "#plainblack", "uv": [ 0.0, 0.0, 1.5, 2.0 ] },
								"west": { "texture": "#plainblack", "uv": [ 0.0, 0.0, 0.5, 2.0 ] },
								"up": { "texture": "#plainblack", "uv": [ 0.0, 0.0, 1.5, 0.5 ] },
								"down": { "texture": "#plainblack", "uv": [ 0.0, 0.0, 1.5, 0.5 ] }
							}
						},
						{
							"name": "Cube81",
							"from": [ -1.0, -9.45, -4.25 ],
							"to": [ 0.5, -7.45, -3.95 ],
							"rotationOrigin": [ -1.0, -9.0, -4.0 ],
							"rotationX": -45.0,
							"rotationY": -8.0,
							"faces": {
								"north": { "texture": "#plainblack", "uv": [ 0.0, 0.0, 1.5, 2.0 ] },
								"east": { "texture": "#plainblack", "uv": [ 0.0, 0.0, 0.5, 2.0 ] },
								"south": { "texture": "#plainblack", "uv": [ 0.0, 0.0, 1.5, 2.0 ] },
								"west": { "texture": "#plainblack", "uv": [ 0.0, 0.0, 0.5, 2.0 ] },
								"up": { "texture": "#plainblack", "uv": [ 0.0, 0.0, 1.5, 0.5 ] },
								"down": { "texture": "#plainblack", "uv": [ 0.0, 0.0, 1.5, 0.5 ] }
							}
						},
						{
							"name": "Cube136",
							"from": [ -1.2226, -7.9559, -5.45 ],
							"to": [ 0.6774, -7.6559, -4.75 ],
							"rotationOrigin": [ -0.0668, -8.0531, -5.5 ],
							"rotationZ": -1.0,
							"faces": {
								"north": { "texture": "#brass", "uv": [ 0.0, 0.0, 1.5, 0.5 ] },
								"east": { "texture": "#brass", "uv": [ 0.0, 0.0, 0.5, 0.5 ] },
								"south": { "texture": "#brass", "uv": [ 0.0, 0.0, 1.5, 0.5 ] },
								"west": { "texture": "#brass", "uv": [ 0.0, 0.0, 0.5, 0.5 ] },
								"up": { "texture": "#brass", "uv": [ 0.0, 0.0, 1.5, 0.5 ] },
								"down": { "texture": "#brass", "uv": [ 0.0, 0.0, 1.5, 0.5 ] }
							},
							"children": [
								{
									"name": "Cube137",
									"from": [ 0.2, -0.9, -0.1 ],
									"to": [ 1.7, 0.1, 0.2 ],
									"rotationOrigin": [ 1.0, -0.1, 0.0 ],
									"rotationX": 22.5,
									"faces": {
										"north": { "texture": "#plainblack", "uv": [ 0.0, 0.0, 1.5, 1.0 ] },
										"east": { "texture": "#plainblack", "uv": [ 0.0, 0.0, 0.5, 1.0 ] },
										"south": { "texture": "#plainblack", "uv": [ 0.0, 0.0, 1.5, 1.0 ] },
										"west": { "texture": "#plainblack", "uv": [ 0.0, 0.0, 0.5, 1.0 ] },
										"up": { "texture": "#plainblack", "uv": [ 0.0, 0.0, 1.5, 0.5 ] },
										"down": { "texture": "#plainblack", "uv": [ 0.0, 0.0, 1.5, 0.5 ] }
									}
								}
							]
						},
						{
							"name": "Cube134",
							"from": [ -1.2226, -7.9559, 5.05 ],
							"to": [ 0.6774, -7.6559, 5.75 ],
							"rotationOrigin": [ -0.0668, -8.0531, 5.5 ],
							"rotationZ": -1.0,
							"faces": {
								"north": { "texture": "#brass", "uv": [ 0.0, 0.0, 1.5, 0.5 ] },
								"east": { "texture": "#brass", "uv": [ 0.0, 0.0, 0.5, 0.5 ] },
								"south": { "texture": "#brass", "uv": [ 0.0, 0.0, 1.5, 0.5 ] },
								"west": { "texture": "#brass", "uv": [ 0.0, 0.0, 0.5, 0.5 ] },
								"up": { "texture": "#brass", "uv": [ 0.0, 0.0, 1.5, 0.5 ] },
								"down": { "texture": "#brass", "uv": [ 0.0, 0.0, 1.5, 0.5 ] }
							},
							"children": [
								{
									"name": "Cube135",
									"from": [ 0.2, -1.0, 0.45 ],
									"to": [ 1.7, 0.0, 0.75 ],
									"rotationOrigin": [ 1.0, -0.1, 0.45 ],
									"rotationX": -22.5,
									"faces": {
										"north": { "texture": "#plainblack", "uv": [ 0.0, 0.0, 1.5, 1.0 ] },
										"east": { "texture": "#plainblack", "uv": [ 0.0, 0.0, 0.5, 1.0 ] },
										"south": { "texture": "#plainblack", "uv": [ 0.0, 0.0, 1.5, 1.0 ] },
										"west": { "texture": "#plainblack", "uv": [ 0.0, 0.0, 0.5, 1.0 ] },
										"up": { "texture": "#plainblack", "uv": [ 0.0, 0.0, 1.5, 0.5 ] },
										"down": { "texture": "#plainblack", "uv": [ 0.0, 0.0, 1.5, 0.5 ] }
									}
								}
							]
						}
					]
				}
			]
		}
	]}