{
	"editor": {
		"backDropShape": "C:/Users/Vies/Documents/GitHub/Mods-VintageStoryNet7/Mod-MythicLegends/mythiclegends/resources/mythiclegends/assets/mythiclegends/shapes/entities/land/wyvern/basic/basic-male-adult",
		"collapsedPaths": "Root/_origin/body/neck1/neck2/head/Ridgehead",
		"allAngles": false,
		"entityTextureMode": false
	},
	"textureWidth": 16,
	"textureHeight": 16,
	"textureSizes": {
		"pillmat": [16,16],
		"plain": [16,16]
	},
	"textures": {
	},
	"elements": [
		{
			"name": "ORIGINpillion",
			"stepParentName": "body",
			"from": [ 11.5, 8.5, 2.21 ],
			"to": [ 12.5, 9.5, 3.21 ],
			"rotationOrigin": [ 12.0, 8.5, 2.0 ],
			"rotationZ": 4.0,
			"faces": {
			},
			"children": [
				{
					"name": "Pillion",
					"from": [ 0.0, 0.0, 0.0 ],
					"to": [ 5.5, 1.0, 6.0 ],
					"faces": {
						"north": { "texture": "#plain", "uv": [ 3.5, 8.0, 9.0, 9.0 ], "rotation": 180 },
						"south": { "texture": "#plain", "uv": [ 3.5, 14.5, 9.0, 15.5 ] },
						"west": { "texture": "#plain", "uv": [ 3.0, 8.5, 4.0, 14.5 ], "rotation": 270 },
						"up": { "texture": "#plain", "uv": [ 3.5, 8.5, 9.0, 14.5 ] },
						"down": { "texture": "#plain", "uv": [ 9.0, 8.5, 14.5, 14.5 ] }
					},
					"children": [
						{
							"name": "Pillion2",
							"from": [ 5.5, 0.0, -0.1 ],
							"to": [ 6.5, 2.0, 6.1 ],
							"rotationOrigin": [ 5.5, 1.0, -0.1 ],
							"rotationZ": -15.0,
							"faces": {
								"north": { "texture": "#plain", "uv": [ 3.0, 6.0, 4.0, 8.0 ], "rotation": 180 },
								"east": { "texture": "#plain", "uv": [ 2.0, 6.0, 4.0, 12.0 ], "rotation": 90 },
								"south": { "texture": "#plain", "uv": [ 3.0, 3.0, 4.0, 5.0 ] },
								"west": { "texture": "#plain", "uv": [ 11.0, 7.5, 13.0, 13.5 ], "rotation": 270 },
								"up": { "texture": "#plain", "uv": [ 3.0, 0.5, 4.0, 6.5 ] },
								"down": { "texture": "#plain", "uv": [ 4.5, 5.5, 5.5, 11.5 ], "windMode": [-1,-1,-1,-1], "windData": [1,1,1,1] }
							}
						}
					]
				},
				{
					"name": "Cube146",
					"from": [ 4.6, 1.0, 0.0 ],
					"to": [ 5.6, 1.3, 6.0 ],
					"rotationOrigin": [ 4.6, 1.0, 0.0 ],
					"faces": {
						"north": { "texture": "#plainblack", "uv": [ 0.0, 0.0, 1.0, 0.5 ] },
						"east": { "texture": "#plainblack", "uv": [ 0.0, 0.0, 6.0, 0.5 ] },
						"south": { "texture": "#plainblack", "uv": [ 0.0, 0.0, 1.0, 0.5 ] },
						"west": { "texture": "#plainblack", "uv": [ 0.0, 0.0, 6.0, 0.5 ] },
						"up": { "texture": "#plainblack", "uv": [ 0.0, 0.0, 1.0, 6.0 ] },
						"down": { "texture": "#plainblack", "uv": [ 0.0, 0.0, 1.0, 6.0 ] }
					}
				},
				{
					"name": "Cube147",
					"from": [ 4.6, 0.8, 5.8 ],
					"to": [ 5.6, 1.1, 8.8 ],
					"rotationOrigin": [ 4.6, 1.0, 6.0 ],
					"rotationX": 78.0,
					"faces": {
						"north": { "texture": "#plainblack", "uv": [ 0.0, 0.0, 1.0, 0.5 ] },
						"east": { "texture": "#plainblack", "uv": [ 0.0, 0.0, 3.0, 0.5 ] },
						"south": { "texture": "#plainblack", "uv": [ 0.0, 0.0, 1.0, 0.5 ] },
						"west": { "texture": "#plainblack", "uv": [ 0.0, 0.0, 3.0, 0.5 ] },
						"up": { "texture": "#plainblack", "uv": [ 0.0, 0.0, 1.0, 3.0 ] },
						"down": { "texture": "#plainblack", "uv": [ 0.0, 0.0, 1.0, 3.0 ] }
					}
				},
				{
					"name": "Cube148",
					"from": [ 4.6, 0.8, -2.8 ],
					"to": [ 5.6, 1.1, 0.2 ],
					"rotationOrigin": [ 4.6, 1.0, 0.0 ],
					"rotationX": -78.0,
					"faces": {
						"north": { "texture": "#plainblack", "uv": [ 0.0, 0.0, 1.0, 0.5 ] },
						"east": { "texture": "#plainblack", "uv": [ 0.0, 0.0, 3.0, 0.5 ] },
						"south": { "texture": "#plainblack", "uv": [ 0.0, 0.0, 1.0, 0.5 ] },
						"west": { "texture": "#plainblack", "uv": [ 0.0, 0.0, 3.0, 0.5 ] },
						"up": { "texture": "#plainblack", "uv": [ 0.0, 0.0, 1.0, 3.0 ] },
						"down": { "texture": "#plainblack", "uv": [ 0.0, 0.0, 1.0, 3.0 ] }
					}
				},
				{
					"name": "Cube149",
					"from": [ -1.0, -1.0, 0.05 ],
					"to": [ 0.5, 0.0, 5.95 ],
					"rotationOrigin": [ -1.0, 0.0, 0.0 ],
					"rotationZ": 45.0,
					"faces": {
						"north": { "texture": "#plaindark", "uv": [ 0.0, 0.0, 1.5, 1.0 ] },
						"east": { "texture": "#plaindark", "uv": [ 0.0, 0.0, 5.5, 1.0 ] },
						"south": { "texture": "#plaindark", "uv": [ 0.0, 0.0, 1.5, 1.0 ] },
						"west": { "texture": "#plaindark", "uv": [ 0.0, 0.0, 5.5, 1.0 ] },
						"up": { "texture": "#plaindark", "uv": [ 0.0, 0.0, 1.5, 5.5 ] },
						"down": { "texture": "#plaindark", "uv": [ 0.0, 0.0, 1.5, 5.5 ] }
					}
				},
				{
					"name": "copperbuckle",
					"from": [ 4.25, -2.0, 6.3 ],
					"to": [ 5.25, -1.0, 6.73 ],
					"rotationOrigin": [ 4.5, -2.0, 6.25 ],
					"rotationZ": -22.5,
					"faces": {
						"north": { "texture": "#copper", "uv": [ 0.0, 0.0, 1.0, 1.0 ] },
						"east": { "texture": "#copper", "uv": [ 0.0, 0.0, 0.5, 1.0 ] },
						"south": { "texture": "#copper", "uv": [ 0.0, 0.0, 1.0, 1.0 ] },
						"west": { "texture": "#copper", "uv": [ 0.0, 0.0, 0.5, 1.0 ] },
						"up": { "texture": "#copper", "uv": [ 0.0, 0.0, 1.0, 0.5 ] },
						"down": { "texture": "#copper", "uv": [ 0.0, 0.0, 1.0, 0.5 ] }
					}
				},
				{
					"name": "copperbuckle2",
					"from": [ 4.25, -2.0, -0.7 ],
					"to": [ 5.25, -1.0, -0.27 ],
					"rotationOrigin": [ 4.5, -2.0, -0.75 ],
					"rotationZ": -22.5,
					"faces": {
						"north": { "texture": "#copper", "uv": [ 0.0, 0.0, 1.0, 1.0 ] },
						"east": { "texture": "#copper", "uv": [ 0.0, 0.0, 0.5, 1.0 ] },
						"south": { "texture": "#copper", "uv": [ 0.0, 0.0, 1.0, 1.0 ] },
						"west": { "texture": "#copper", "uv": [ 0.0, 0.0, 0.5, 1.0 ] },
						"up": { "texture": "#copper", "uv": [ 0.0, 0.0, 1.0, 0.5 ] },
						"down": { "texture": "#copper", "uv": [ 0.0, 0.0, 1.0, 0.5 ] }
					}
				},
				{
					"name": "Cube152",
					"from": [ 0.0, 0.0, 5.7 ],
					"to": [ 4.65, 0.9, 6.05 ],
					"rotationOrigin": [ 0.0, 1.0, 5.7 ],
					"faces": {
						"north": { "texture": "#plaindark", "uv": [ 0.0, 0.0, 4.5, 0.5 ] },
						"east": { "texture": "#plaindark", "uv": [ 0.0, 0.0, 0.5, 0.5 ] },
						"south": { "texture": "#plaindark", "uv": [ 0.0, 0.0, 4.5, 0.5 ] },
						"west": { "texture": "#plaindark", "uv": [ 0.0, 0.0, 0.5, 0.5 ] },
						"up": { "texture": "#plaindark", "uv": [ 0.0, 0.0, 4.5, 0.5 ] },
						"down": { "texture": "#plaindark", "uv": [ 0.0, 0.0, 4.5, 0.5 ] }
					}
				},
				{
					"name": "Cube153",
					"from": [ -0.01, 0.0, -0.1 ],
					"to": [ 4.64, 0.9, 0.25 ],
					"rotationOrigin": [ 0.0, 1.0, -0.3 ],
					"faces": {
						"north": { "texture": "#plaindark", "uv": [ 0.0, 0.0, 4.5, 0.5 ] },
						"east": { "texture": "#plaindark", "uv": [ 0.0, 0.0, 0.5, 0.5 ] },
						"south": { "texture": "#plaindark", "uv": [ 0.0, 0.0, 4.5, 0.5 ] },
						"west": { "texture": "#plaindark", "uv": [ 0.0, 0.0, 0.5, 0.5 ] },
						"up": { "texture": "#plaindark", "uv": [ 0.0, 0.0, 4.5, 0.5 ] },
						"down": { "texture": "#plaindark", "uv": [ 0.0, 0.0, 4.5, 0.5 ] }
					}
				},
				{
					"name": "Cube150",
					"from": [ 7.0, 1.5, -0.35 ],
					"to": [ 8.0, 2.5, 6.35 ],
					"rotationOrigin": [ 7.0, 1.1, 0.0 ],
					"rotationZ": 67.5,
					"faces": {
						"north": { "texture": "#plaindark", "uv": [ 0.0, 0.0, 1.0, 1.0 ] },
						"east": { "texture": "#plaindark", "uv": [ 0.0, 0.0, 6.5, 1.0 ] },
						"south": { "texture": "#plaindark", "uv": [ 0.0, 0.0, 1.0, 1.0 ] },
						"west": { "texture": "#plaindark", "uv": [ 0.0, 0.0, 6.5, 1.0 ] },
						"up": { "texture": "#plaindark", "uv": [ 0.0, 0.0, 1.0, 6.5 ] },
						"down": { "texture": "#plaindark", "uv": [ 0.0, 0.0, 1.0, 6.5 ] }
					}
				},
				{
					"name": "Cube151",
					"from": [ 6.0, -0.65, -0.15 ],
					"to": [ 9.0, 0.55, 0.15 ],
					"rotationOrigin": [ 6.0, -0.5, -0.35 ],
					"rotationZ": 67.5,
					"faces": {
						"north": { "texture": "#plaindark", "uv": [ 0.0, 0.0, 3.0, 1.0 ] },
						"east": { "texture": "#plaindark", "uv": [ 0.0, 0.0, 0.5, 1.0 ] },
						"south": { "texture": "#plaindark", "uv": [ 0.0, 0.0, 3.0, 1.0 ] },
						"west": { "texture": "#plaindark", "uv": [ 0.0, 0.0, 0.5, 1.0 ] },
						"up": { "texture": "#plaindark", "uv": [ 0.0, 0.0, 3.0, 0.5 ] },
						"down": { "texture": "#plaindark", "uv": [ 0.0, 0.0, 3.0, 0.5 ] }
					}
				},
				{
					"name": "Cube154",
					"from": [ 6.0, -0.65, 5.85 ],
					"to": [ 9.0, 0.55, 6.15 ],
					"rotationOrigin": [ 6.0, -0.5, 5.65 ],
					"rotationZ": 67.5,
					"faces": {
						"north": { "texture": "#plaindark", "uv": [ 0.0, 0.0, 3.0, 1.0 ] },
						"east": { "texture": "#plaindark", "uv": [ 0.0, 0.0, 0.5, 1.0 ] },
						"south": { "texture": "#plaindark", "uv": [ 0.0, 0.0, 3.0, 1.0 ] },
						"west": { "texture": "#plaindark", "uv": [ 0.0, 0.0, 0.5, 1.0 ] },
						"up": { "texture": "#plaindark", "uv": [ 0.0, 0.0, 3.0, 0.5 ] },
						"down": { "texture": "#plaindark", "uv": [ 0.0, 0.0, 3.0, 0.5 ] }
					}
				},
				{
					"name": "Cube155",
					"from": [ 5.0, -1.0, 0.05 ],
					"to": [ 6.5, 0.0, 5.95 ],
					"rotationOrigin": [ 5.0, 0.0, 0.0 ],
					"rotationZ": 45.0,
					"faces": {
						"north": { "texture": "#plaindark", "uv": [ 0.0, 0.0, 1.5, 1.0 ] },
						"east": { "texture": "#plaindark", "uv": [ 0.0, 0.0, 5.5, 1.0 ] },
						"south": { "texture": "#plaindark", "uv": [ 0.0, 0.0, 1.5, 1.0 ] },
						"west": { "texture": "#plaindark", "uv": [ 0.0, 0.0, 5.5, 1.0 ] },
						"up": { "texture": "#plaindark", "uv": [ 0.0, 0.0, 1.5, 5.5 ] },
						"down": { "texture": "#plaindark", "uv": [ 0.0, 0.0, 1.5, 5.5 ] }
					}
				}
			]
		}
	],
	"animations": [
		{
			"name": "idle",
			"code": "idle",
			"quantityframes": 60,
			"onActivityStopped": "Rewind",
			"onAnimationEnd": "Repeat",
			"keyframes": [

			]
		}
	]
}