{
	"editor": {
		"allAngles": true,
		"entityTextureMode": false
	},
	"textureWidth": 16,
	"textureHeight": 16,
	"textureSizes": {
		"leather": [16,16]
	},
	"textures": {
	},
	"elements": [
		{
			"name": "ORIGINsaddlebags",
			"stepParentName": "Rear",
			"from": [ 1.0, 0.0, 3.7 ],
			"to": [ 2.0, 1.0, 4.7 ],
			"rotationOrigin": [ 1.0, 0.0, 3.7 ],
			"faces": {
			},
			"children": [
				{
					"name": "Strap2",
					"from": [ 6.79, 2.2954, 2.7498 ],
					"to": [ 7.79, 2.5954, 5.1498 ],
					"rotationOrigin": [ 6.8, 2.5954, 4.7498 ],
					"faces": {
						"east": { "texture": "#leather", "uv": [ 12.5, 5.0, 14.5, 5.5 ] },
						"south": { "texture": "#leather", "uv": [ 6.5, 5.0, 7.5, 5.5 ] },
						"west": { "texture": "#leather", "uv": [ 2.5, 13.5, 4.5, 14.0 ] },
						"up": { "texture": "#leather", "uv": [ 1.5, 0.5, 2.5, 2.5 ] },
						"down": { "texture": "#leather", "uv": [ 12.0, 9.5, 13.0, 11.5 ] }
					},
					"children": [
						{
							"name": "Strap3",
							"from": [ 0.0, -2.3, -0.6 ],
							"to": [ 1.0, 0.0, -0.3 ],
							"rotationOrigin": [ 0.01, -2.3, -0.6 ],
							"rotationX": 14.0,
							"faces": {
								"east": { "texture": "#leather", "uv": [ 8.5, 11.0, 9.0, 13.0 ] },
								"south": { "texture": "#leather", "uv": [ 10.5, 1.0, 11.5, 3.0 ] },
								"west": { "texture": "#leather", "uv": [ 8.5, 8.0, 9.0, 10.0 ] },
								"up": { "texture": "#leather", "uv": [ 4.0, 1.5, 5.0, 2.0 ] },
								"down": { "texture": "#leather", "uv": [ 1.5, 3.5, 2.5, 4.0 ] }
							},
							"children": [
								{
									"name": "Strap4",
									"from": [ -0.01, 0.03, 0.2 ],
									"to": [ 0.99, 0.33, 1.5 ],
									"rotationOrigin": [ 0.01, 0.0, 0.2 ],
									"rotationX": -14.0,
									"faces": {
										"east": { "texture": "#leather", "uv": [ 0.5, 8.0, 1.5, 8.5 ] },
										"south": { "texture": "#leather", "uv": [ 7.5, 14.0, 8.5, 14.5 ] },
										"west": { "texture": "#leather", "uv": [ 3.0, 14.0, 4.0, 14.5 ] },
										"up": { "texture": "#leather", "uv": [ 8.5, 13.5, 9.5, 14.5 ] },
										"down": { "texture": "#leather", "uv": [ 12.0, 0.5, 13.0, 1.5 ] }
									}
								}
							]
						},
						{
							"name": "Strap1",
							"from": [ 0.01, 0.3, 2.1 ],
							"to": [ 1.01, 1.8, 2.4 ],
							"rotationOrigin": [ 0.0, 0.3, 2.4 ],
							"rotationX": -28.0,
							"faces": {
								"east": { "texture": "#leather", "uv": [ 13.5, 12.5, 14.0, 14.0 ] },
								"south": { "texture": "#leather", "uv": [ 12.5, 13.5, 13.5, 15.0 ] },
								"west": { "texture": "#leather", "uv": [ 14.0, 1.5, 14.5, 3.0 ] },
								"down": { "texture": "#leather", "uv": [ 5.0, 11.5, 6.0, 12.0 ] }
							}
						},
						{
							"name": "StrapPerp",
							"from": [ 0.01, 0.2, 0.7 ],
							"to": [ 2.61, 0.5, 1.7 ],
							"rotationOrigin": [ 0.0, 0.2, 1.0 ],
							"faces": {
								"north": { "texture": "#leather", "uv": [ 2.0, 4.0, 4.5, 4.5 ], "windMode": [-1,-1,-1,-1] },
								"east": { "texture": "#leather", "uv": [ 13.5, 12.5, 14.5, 13.0 ] },
								"south": { "texture": "#leather", "uv": [ 12.5, 13.5, 15.0, 14.0 ] },
								"west": { "texture": "#leather", "uv": [ 14.0, 1.5, 15.0, 2.0 ] },
								"up": { "texture": "#leather", "uv": [ 11.0, 14.5, 13.5, 15.5 ], "windMode": [-1,-1,-1,-1] },
								"down": { "texture": "#leather", "uv": [ 5.0, 11.5, 7.5, 12.5 ] }
							},
							"children": [
								{
									"name": "StrapPerp2",
									"from": [ 2.6, 0.0, -0.01 ],
									"to": [ 4.1, 0.3, 0.99 ],
									"rotationOrigin": [ 2.59, 0.3, 0.3 ],
									"rotationZ": -11.0,
									"faces": {
										"north": { "texture": "#leather", "uv": [ 2.0, 4.0, 3.5, 4.5 ], "windMode": [-1,-1,-1,-1] },
										"east": { "texture": "#leather", "uv": [ 13.5, 12.5, 14.5, 13.0 ] },
										"south": { "texture": "#leather", "uv": [ 12.5, 13.5, 14.0, 14.0 ] },
										"west": { "texture": "#leather", "uv": [ 14.0, 1.5, 15.0, 2.0 ] },
										"up": { "texture": "#leather", "uv": [ 11.0, 14.5, 12.5, 15.5 ], "windMode": [-1,-1,-1,-1] },
										"down": { "texture": "#leather", "uv": [ 5.0, 11.5, 6.5, 12.5 ] }
									},
									"children": [
										{
											"name": "StrapPerp3",
											"from": [ 1.5, 0.0, 0.01 ],
											"to": [ 2.0, 0.3, 1.01 ],
											"rotationOrigin": [ 1.49, 0.3, 0.3 ],
											"rotationZ": -79.0,
											"faces": {
												"north": { "texture": "#leather", "uv": [ 2.0, 4.0, 2.5, 4.5 ], "windMode": [-1,-1,-1,-1] },
												"east": { "texture": "#leather", "uv": [ 13.5, 12.5, 14.5, 13.0 ] },
												"south": { "texture": "#leather", "uv": [ 12.5, 13.5, 13.0, 14.0 ] },
												"west": { "texture": "#leather", "uv": [ 14.0, 1.5, 15.0, 2.0 ] },
												"up": { "texture": "#leather", "uv": [ 11.0, 14.5, 11.5, 15.5 ], "windMode": [-1,-1,-1,-1] },
												"down": { "texture": "#leather", "uv": [ 5.0, 11.5, 5.5, 12.5 ] }
											},
											"children": [
												{
													"name": "Buckle1",
													"from": [ 0.5, 0.0, -0.3 ],
													"to": [ 0.8, 0.3, 1.3 ],
													"rotationOrigin": [ 0.5, 0.0, -0.3 ],
													"faces": {
														"north": { "texture": "#metal", "uv": [ 4.5, 5.0, 5.0, 5.5 ] },
														"east": { "texture": "#metal", "uv": [ 9.5, 6.5, 11.0, 7.0 ] },
														"south": { "texture": "#metal", "uv": [ 13.0, 2.0, 13.5, 2.5 ] },
														"west": { "texture": "#metal", "uv": [ 11.5, 11.0, 13.0, 11.5 ] },
														"up": { "texture": "#metal", "uv": [ 7.5, 2.5, 8.0, 4.0 ] },
														"down": { "texture": "#metal", "uv": [ 7.0, 11.0, 7.5, 12.5 ] }
													},
													"children": [
														{
															"name": "Buckle5",
															"from": [ 0.3, 0.0, 0.0 ],
															"to": [ 1.3, 0.3, 0.3 ],
															"rotationOrigin": [ 0.3, 0.0, 0.0 ],
															"faces": {
																"north": { "texture": "#metal", "uv": [ 10.0, 8.0, 11.0, 8.5 ] },
																"south": { "texture": "#metal", "uv": [ 12.0, 12.0, 13.0, 12.5 ] },
																"up": { "texture": "#metal", "uv": [ 3.0, 9.0, 4.0, 9.5 ] },
																"down": { "texture": "#metal", "uv": [ 12.0, 9.5, 13.0, 10.0 ] }
															}
														},
														{
															"name": "Buckle6",
															"from": [ 0.3, 0.0, 1.3 ],
															"to": [ 1.3, 0.3, 1.6 ],
															"rotationOrigin": [ 0.3, 0.0, 1.3 ],
															"faces": {
																"north": { "texture": "#metal", "uv": [ 8.0, 0.5, 9.0, 1.0 ] },
																"south": { "texture": "#metal", "uv": [ 14.5, 14.0, 15.5, 14.5 ] },
																"up": { "texture": "#metal", "uv": [ 8.5, 9.5, 9.5, 10.0 ] },
																"down": { "texture": "#metal", "uv": [ 0.0, 1.0, 1.0, 1.5 ] }
															}
														},
														{
															"name": "Buckle7",
															"from": [ 1.3, 0.0, 0.0 ],
															"to": [ 1.6, 0.3, 1.6 ],
															"rotationOrigin": [ 1.3, 0.0, 0.0 ],
															"faces": {
																"north": { "texture": "#metal", "uv": [ 4.5, 5.0, 5.0, 5.5 ] },
																"east": { "texture": "#metal", "uv": [ 1.0, 5.0, 2.5, 5.5 ] },
																"south": { "texture": "#metal", "uv": [ 8.0, 12.0, 8.5, 12.5 ] },
																"west": { "texture": "#metal", "uv": [ 0.5, 9.0, 2.0, 9.5 ] },
																"up": { "texture": "#metal", "uv": [ 15.0, 2.5, 15.5, 4.0 ] },
																"down": { "texture": "#metal", "uv": [ 4.0, 2.5, 4.5, 4.0 ] }
															}
														},
														{
															"name": "BucklePin",
															"from": [ 0.3, 0.0, 0.65 ],
															"to": [ 1.5, 0.3, 0.95 ],
															"rotationOrigin": [ 0.3, 0.0, 0.65 ],
															"rotationZ": 15.0,
															"faces": {
																"north": { "texture": "#metal", "uv": [ 4.0, 13.0, 5.0, 13.5 ] },
																"east": { "texture": "#metal", "uv": [ 0.0, 10.0, 0.5, 10.5 ] },
																"south": { "texture": "#metal", "uv": [ 6.0, 0.0, 7.0, 0.5 ] },
																"up": { "texture": "#metal", "uv": [ 2.0, 7.5, 3.0, 8.0 ] },
																"down": { "texture": "#metal", "uv": [ 9.0, 0.0, 10.0, 0.5 ] }
															}
														}
													]
												}
											]
										}
									]
								}
							]
						}
					]
				}
			]
		},
		{
			"name": "SaddleBags",
			"stepParentName": "stomach",
			"from": [ 5.5, 5.8, 4.2 ],
			"to": [ 5.5, 5.8, 4.2 ],
			"rotationOrigin": [ 5.7, 5.8, 4.25 ],
			"rotationZ": -12.0,
			"faces": {
				"north": { "texture": "#plain2", "uv": [ 0.0, 0.0, 0.5, 0.5 ] },
				"east": { "texture": "#plain2", "uv": [ 0.0, 0.0, 0.5, 0.5 ] },
				"south": { "texture": "#plain2", "uv": [ 0.0, 0.0, 0.5, 0.5 ] },
				"west": { "texture": "#plain2", "uv": [ 0.0, 0.0, 0.5, 0.5 ] },
				"up": { "texture": "#plain2", "uv": [ 0.0, 0.0, 0.5, 0.5 ] },
				"down": { "texture": "#plain2", "uv": [ 0.0, 0.0, 0.5, 0.5 ] }
			},
			"children": [
				{
					"name": "SaddlebagL",
					"from": [ 0.44, -5.68, 6.25 ],
					"to": [ 5.44, -2.18, 8.35 ],
					"rotationOrigin": [ 0.4398, -5.6844, 6.25 ],
					"rotationX": -90.0,
					"rotationY": -11.0,
					"rotationZ": -3.0,
					"faces": {
						"north": { "texture": "#plain2", "uv": [ 2.5, 7.0, 7.5, 10.5 ] },
						"east": { "texture": "#plain2", "uv": [ 2.5, 6.0, 4.5, 9.5 ] },
						"south": { "texture": "#plain2", "uv": [ 0.0, 6.5, 5.0, 10.0 ] },
						"west": { "texture": "#plain2", "uv": [ 1.5, 6.0, 3.5, 9.5 ] },
						"up": { "texture": "#plain2", "uv": [ 10.0, 9.5, 15.0, 11.5 ] },
						"down": { "texture": "#plain2", "uv": [ 5.0, 9.5, 10.0, 11.5 ] }
					},
					"children": [
						{
							"name": "Cube190",
							"from": [ 0.0, 3.5, 0.0 ],
							"to": [ 5.0, 3.84, 2.1 ],
							"rotationOrigin": [ 0.0, 3.5, 0.0 ],
							"faces": {
								"north": { "texture": "#plaindark", "uv": [ 0.0, 0.0, 5.0, 0.5 ] },
								"east": { "texture": "#plaindark", "uv": [ 0.0, 0.0, 2.0, 0.5 ] },
								"south": { "texture": "#plaindark", "uv": [ 0.0, 0.0, 5.0, 0.5 ] },
								"west": { "texture": "#plaindark", "uv": [ 0.0, 0.0, 2.0, 0.5 ] },
								"up": { "texture": "#plaindark", "uv": [ 0.0, 0.0, 5.0, 2.0 ] },
								"down": { "texture": "#plaindark", "uv": [ 0.0, 0.0, 5.0, 2.0 ] }
							}
						},
						{
							"name": "Cube191",
							"from": [ -0.01, 2.1, 2.2 ],
							"to": [ 4.99, 3.8, 2.5 ],
							"rotationOrigin": [ 0.0, 2.5, 2.0 ],
							"rotationX": -7.5,
							"faces": {
								"north": { "texture": "#plaindark", "uv": [ 0.0, 0.0, 5.0, 1.5 ] },
								"east": { "texture": "#plaindark", "uv": [ 0.0, 0.0, 0.5, 1.5 ] },
								"south": { "texture": "#plaindark", "uv": [ 0.0, 0.0, 5.0, 1.5 ] },
								"west": { "texture": "#plaindark", "uv": [ 0.0, 0.0, 0.5, 1.5 ] },
								"up": { "texture": "#plaindark", "uv": [ 0.0, 0.0, 5.0, 0.5 ] },
								"down": { "texture": "#plaindark", "uv": [ 0.0, 0.0, 5.0, 0.5 ] }
							},
							"children": [
								{
									"name": "Cube192",
									"from": [ 1.0, 0.0, 0.3 ],
									"to": [ 2.0, 1.0, 0.5 ],
									"rotationOrigin": [ 1.0, 0.0, 0.0 ],
									"faces": {
										"north": { "texture": "#plaindark", "uv": [ 0.0, 0.0, 1.0, 1.0 ] },
										"east": { "texture": "#plaindark", "uv": [ 0.0, 0.0, 0.5, 1.0 ] },
										"south": { "texture": "#plaindark", "uv": [ 0.0, 0.0, 1.0, 1.0 ] },
										"west": { "texture": "#plaindark", "uv": [ 0.0, 0.0, 0.5, 1.0 ] },
										"up": { "texture": "#plaindark", "uv": [ 0.0, 0.0, 1.0, 0.5 ] },
										"down": { "texture": "#plaindark", "uv": [ 0.0, 0.0, 1.0, 0.5 ] }
									}
								},
								{
									"name": "Cube193",
									"from": [ 3.0, 0.0, 0.3 ],
									"to": [ 4.0, 1.0, 0.5 ],
									"rotationOrigin": [ 3.0, 0.0, 0.0 ],
									"faces": {
										"north": { "texture": "#plaindark", "uv": [ 0.0, 0.0, 1.0, 1.0 ] },
										"east": { "texture": "#plaindark", "uv": [ 0.0, 0.0, 0.5, 1.0 ] },
										"south": { "texture": "#plaindark", "uv": [ 0.0, 0.0, 1.0, 1.0 ] },
										"west": { "texture": "#plaindark", "uv": [ 0.0, 0.0, 0.5, 1.0 ] },
										"up": { "texture": "#plaindark", "uv": [ 0.0, 0.0, 1.0, 0.5 ] },
										"down": { "texture": "#plaindark", "uv": [ 0.0, 0.0, 1.0, 0.5 ] }
									}
								}
							]
						},
						{
							"name": "Cube194",
							"from": [ 1.0, 1.0, 2.1 ],
							"to": [ 2.0, 2.4, 2.3 ],
							"rotationOrigin": [ 1.0, 1.0, 2.0 ],
							"rotationX": 20.0,
							"faces": {
								"north": { "texture": "#plaindark", "uv": [ 0.0, 0.0, 1.0, 1.0 ] },
								"east": { "texture": "#plaindark", "uv": [ 0.0, 0.0, 0.5, 1.0 ] },
								"south": { "texture": "#plaindark", "uv": [ 0.0, 0.0, 1.0, 1.0 ] },
								"west": { "texture": "#plaindark", "uv": [ 0.0, 0.0, 0.5, 1.0 ] },
								"up": { "texture": "#plaindark", "uv": [ 0.0, 0.0, 1.0, 0.5 ] },
								"down": { "texture": "#plaindark", "uv": [ 0.0, 0.0, 1.0, 0.5 ] }
							}
						},
						{
							"name": "Cube195",
							"from": [ 3.0, 1.0, 2.1 ],
							"to": [ 4.0, 2.4, 2.3 ],
							"rotationOrigin": [ 3.0, 1.0, 2.0 ],
							"rotationX": 20.0,
							"faces": {
								"north": { "texture": "#plaindark", "uv": [ 0.0, 0.0, 1.0, 1.0 ] },
								"east": { "texture": "#plaindark", "uv": [ 0.0, 0.0, 0.5, 1.0 ] },
								"south": { "texture": "#plaindark", "uv": [ 0.0, 0.0, 1.0, 1.0 ] },
								"west": { "texture": "#plaindark", "uv": [ 0.0, 0.0, 0.5, 1.0 ] },
								"up": { "texture": "#plaindark", "uv": [ 0.0, 0.0, 1.0, 0.5 ] },
								"down": { "texture": "#plaindark", "uv": [ 0.0, 0.0, 1.0, 0.5 ] }
							}
						},
						{
							"name": "Cube196",
							"from": [ 3.0, 0.0, 2.1 ],
							"to": [ 4.0, 1.0, 2.3 ],
							"rotationOrigin": [ 3.0, 0.0, 2.0 ],
							"faces": {
								"north": { "texture": "#plaindark", "uv": [ 0.0, 0.0, 1.0, 1.0 ] },
								"east": { "texture": "#plaindark", "uv": [ 0.0, 0.0, 0.5, 1.0 ] },
								"south": { "texture": "#plaindark", "uv": [ 0.0, 0.0, 1.0, 1.0 ] },
								"west": { "texture": "#plaindark", "uv": [ 0.0, 0.0, 0.5, 1.0 ] },
								"up": { "texture": "#plaindark", "uv": [ 0.0, 0.0, 1.0, 0.5 ] },
								"down": { "texture": "#plaindark", "uv": [ 0.0, 0.0, 1.0, 0.5 ] }
							}
						},
						{
							"name": "Cube197",
							"from": [ 1.0, 0.0, 2.1 ],
							"to": [ 2.0, 1.0, 2.3 ],
							"rotationOrigin": [ 1.0, 0.0, 2.0 ],
							"faces": {
								"north": { "texture": "#plaindark", "uv": [ 0.0, 0.0, 1.0, 1.0 ] },
								"east": { "texture": "#plaindark", "uv": [ 0.0, 0.0, 0.5, 1.0 ] },
								"south": { "texture": "#plaindark", "uv": [ 0.0, 0.0, 1.0, 1.0 ] },
								"west": { "texture": "#plaindark", "uv": [ 0.0, 0.0, 0.5, 1.0 ] },
								"up": { "texture": "#plaindark", "uv": [ 0.0, 0.0, 1.0, 0.5 ] },
								"down": { "texture": "#plaindark", "uv": [ 0.0, 0.0, 1.0, 0.5 ] }
							}
						},
						{
							"name": "Cube198",
							"from": [ 0.9, 1.0, 2.08 ],
							"to": [ 2.1, 1.25, 2.38 ],
							"rotationOrigin": [ 1.0, 1.0, 2.25 ],
							"faces": {
								"north": { "texture": "#copper", "uv": [ 0.0, 0.0, 1.0, 0.5 ] },
								"east": { "texture": "#copper", "uv": [ 0.0, 0.0, 0.5, 0.5 ] },
								"south": { "texture": "#copper", "uv": [ 0.0, 0.0, 1.0, 0.5 ] },
								"west": { "texture": "#copper", "uv": [ 0.0, 0.0, 0.5, 0.5 ] },
								"up": { "texture": "#copper", "uv": [ 0.0, 0.0, 1.0, 0.5 ] },
								"down": { "texture": "#copper", "uv": [ 0.0, 0.0, 1.0, 0.5 ] }
							}
						},
						{
							"name": "Cube199",
							"from": [ 2.9, 1.0, 2.08 ],
							"to": [ 4.1, 1.25, 2.38 ],
							"rotationOrigin": [ 3.0, 1.0, 2.25 ],
							"faces": {
								"north": { "texture": "#copper", "uv": [ 0.0, 0.0, 1.0, 0.5 ] },
								"east": { "texture": "#copper", "uv": [ 0.0, 0.0, 0.5, 0.5 ] },
								"south": { "texture": "#copper", "uv": [ 0.0, 0.0, 1.0, 0.5 ] },
								"west": { "texture": "#copper", "uv": [ 0.0, 0.0, 0.5, 0.5 ] },
								"up": { "texture": "#copper", "uv": [ 0.0, 0.0, 1.0, 0.5 ] },
								"down": { "texture": "#copper", "uv": [ 0.0, 0.0, 1.0, 0.5 ] }
							}
						},
						{
							"name": "Cube200",
							"from": [ -0.3, 1.1, 0.1 ],
							"to": [ 5.3, 3.1, 1.9 ],
							"rotationOrigin": [ -0.3, 1.0, 0.0 ],
							"faces": {
								"north": { "texture": "#plain2", "uv": [ 10.0, 0.5, 15.5, 2.5 ] },
								"east": { "texture": "#plain2", "uv": [ 13.5, 1.0, 15.0, 3.0 ] },
								"south": { "texture": "#plain2", "uv": [ 9.5, 1.0, 15.0, 3.0 ] },
								"west": { "texture": "#plain2", "uv": [ 12.5, 1.5, 14.0, 3.5 ] },
								"up": { "texture": "#plain2", "uv": [ 10.0, 0.5, 15.5, 2.0 ] },
								"down": { "texture": "#plain2", "uv": [ 9.0, 0.5, 14.5, 2.0 ] }
							},
							"children": [
								{
									"name": "Cube201",
									"from": [ -0.2, 1.3, -0.1 ],
									"to": [ 0.3, 2.3, 1.9 ],
									"rotationOrigin": [ -0.2, 1.0, 0.0 ],
									"rotationZ": -10.0,
									"faces": {
										"north": { "texture": "#plaindark", "uv": [ 0.0, 0.0, 0.5, 1.0 ] },
										"east": { "texture": "#plaindark", "uv": [ 0.0, 0.0, 2.0, 1.0 ] },
										"south": { "texture": "#plaindark", "uv": [ 0.0, 0.0, 0.5, 1.0 ] },
										"west": { "texture": "#plaindark", "uv": [ 0.0, 0.0, 2.0, 1.0 ] },
										"up": { "texture": "#plaindark", "uv": [ 0.0, 0.0, 0.5, 2.0 ] },
										"down": { "texture": "#plaindark", "uv": [ 0.0, 0.0, 0.5, 2.0 ] }
									}
								},
								{
									"name": "Cube202",
									"from": [ 5.3, 1.3, -0.1 ],
									"to": [ 5.8, 2.3, 1.9 ],
									"rotationOrigin": [ 5.8, 1.0, 0.0 ],
									"rotationZ": 10.0,
									"faces": {
										"north": { "texture": "#plaindark", "uv": [ 0.0, 0.0, 0.5, 1.0 ] },
										"east": { "texture": "#plaindark", "uv": [ 0.0, 0.0, 2.0, 1.0 ] },
										"south": { "texture": "#plaindark", "uv": [ 0.0, 0.0, 0.5, 1.0 ] },
										"west": { "texture": "#plaindark", "uv": [ 0.0, 0.0, 2.0, 1.0 ] },
										"up": { "texture": "#plaindark", "uv": [ 0.0, 0.0, 0.5, 2.0 ] },
										"down": { "texture": "#plaindark", "uv": [ 0.0, 0.0, 0.5, 2.0 ] }
									}
								}
							]
						},
						{
							"name": "Cube57",
							"from": [ 0.2, -0.3, 0.2 ],
							"to": [ 4.8, 0.0, 2.0 ],
							"faces": {
								"north": { "texture": "#plain2", "uv": [ 4.0, 9.5, 8.5, 10.0 ] },
								"east": { "texture": "#plain2", "uv": [ 4.5, 9.5, 6.0, 10.0 ] },
								"south": { "texture": "#plain2", "uv": [ 3.5, 9.5, 8.0, 10.0 ] },
								"west": { "texture": "#plain2", "uv": [ 4.5, 9.5, 6.0, 10.0 ] },
								"up": { "texture": "#plain2", "uv": [ 6.0, 9.5, 10.5, 11.0 ] },
								"down": { "texture": "#plain2", "uv": [ 7.5, 9.5, 12.0, 11.0 ] }
							}
						}
					]
				},
				{
					"name": "SaddlebagR",
					"from": [ 5.33, -4.34, 0.75 ],
					"to": [ 10.33, -0.84, 2.85 ],
					"rotationOrigin": [ 5.3305, -4.3448, 1.25 ],
					"rotationX": -155.0,
					"rotationY": -2.681,
					"rotationZ": 168.299,
					"faces": {
						"north": { "texture": "#plain2", "uv": [ 2.5, 7.0, 7.5, 10.5 ] },
						"east": { "texture": "#plain2", "uv": [ 2.5, 6.0, 4.5, 9.5 ] },
						"south": { "texture": "#plain2", "uv": [ 0.0, 6.5, 5.0, 10.0 ] },
						"west": { "texture": "#plain2", "uv": [ 1.5, 6.0, 3.5, 9.5 ] },
						"up": { "texture": "#plain2", "uv": [ 10.0, 9.5, 15.0, 11.5 ] },
						"down": { "texture": "#plain2", "uv": [ 5.0, 9.5, 10.0, 11.5 ] }
					},
					"children": [
						{
							"name": "Cube203",
							"from": [ 0.0, 3.5, 0.0 ],
							"to": [ 5.0, 3.84, 2.1 ],
							"rotationOrigin": [ 0.0, 3.5, 0.0 ],
							"faces": {
								"north": { "texture": "#plaindark", "uv": [ 0.0, 0.0, 5.0, 0.5 ] },
								"east": { "texture": "#plaindark", "uv": [ 0.0, 0.0, 2.0, 0.5 ] },
								"south": { "texture": "#plaindark", "uv": [ 0.0, 0.0, 5.0, 0.5 ] },
								"west": { "texture": "#plaindark", "uv": [ 0.0, 0.0, 2.0, 0.5 ] },
								"up": { "texture": "#plaindark", "uv": [ 0.0, 0.0, 5.0, 2.0 ] },
								"down": { "texture": "#plaindark", "uv": [ 0.0, 0.0, 5.0, 2.0 ] }
							}
						},
						{
							"name": "Cube204",
							"from": [ -0.01, 2.1, 2.2 ],
							"to": [ 4.99, 3.8, 2.5 ],
							"rotationOrigin": [ 0.0, 2.5, 2.0 ],
							"rotationX": -7.5,
							"faces": {
								"north": { "texture": "#plaindark", "uv": [ 0.0, 0.0, 5.0, 1.5 ] },
								"east": { "texture": "#plaindark", "uv": [ 0.0, 0.0, 0.5, 1.5 ] },
								"south": { "texture": "#plaindark", "uv": [ 0.0, 0.0, 5.0, 1.5 ] },
								"west": { "texture": "#plaindark", "uv": [ 0.0, 0.0, 0.5, 1.5 ] },
								"up": { "texture": "#plaindark", "uv": [ 0.0, 0.0, 5.0, 0.5 ] },
								"down": { "texture": "#plaindark", "uv": [ 0.0, 0.0, 5.0, 0.5 ] }
							},
							"children": [
								{
									"name": "Cube205",
									"from": [ 1.0, 0.0, 0.3 ],
									"to": [ 2.0, 1.0, 0.5 ],
									"rotationOrigin": [ 1.0, 0.0, 0.0 ],
									"faces": {
										"north": { "texture": "#plaindark", "uv": [ 0.0, 0.0, 1.0, 1.0 ] },
										"east": { "texture": "#plaindark", "uv": [ 0.0, 0.0, 0.5, 1.0 ] },
										"south": { "texture": "#plaindark", "uv": [ 0.0, 0.0, 1.0, 1.0 ] },
										"west": { "texture": "#plaindark", "uv": [ 0.0, 0.0, 0.5, 1.0 ] },
										"up": { "texture": "#plaindark", "uv": [ 0.0, 0.0, 1.0, 0.5 ] },
										"down": { "texture": "#plaindark", "uv": [ 0.0, 0.0, 1.0, 0.5 ] }
									}
								},
								{
									"name": "Cube206",
									"from": [ 3.0, 0.0, 0.3 ],
									"to": [ 4.0, 1.0, 0.5 ],
									"rotationOrigin": [ 3.0, 0.0, 0.0 ],
									"faces": {
										"north": { "texture": "#plaindark", "uv": [ 0.0, 0.0, 1.0, 1.0 ] },
										"east": { "texture": "#plaindark", "uv": [ 0.0, 0.0, 0.5, 1.0 ] },
										"south": { "texture": "#plaindark", "uv": [ 0.0, 0.0, 1.0, 1.0 ] },
										"west": { "texture": "#plaindark", "uv": [ 0.0, 0.0, 0.5, 1.0 ] },
										"up": { "texture": "#plaindark", "uv": [ 0.0, 0.0, 1.0, 0.5 ] },
										"down": { "texture": "#plaindark", "uv": [ 0.0, 0.0, 1.0, 0.5 ] }
									}
								}
							]
						},
						{
							"name": "Cube207",
							"from": [ 1.0, 1.0, 2.1 ],
							"to": [ 2.0, 2.4, 2.3 ],
							"rotationOrigin": [ 1.0, 1.0, 2.0 ],
							"rotationX": 20.0,
							"faces": {
								"north": { "texture": "#plaindark", "uv": [ 0.0, 0.0, 1.0, 1.0 ] },
								"east": { "texture": "#plaindark", "uv": [ 0.0, 0.0, 0.5, 1.0 ] },
								"south": { "texture": "#plaindark", "uv": [ 0.0, 0.0, 1.0, 1.0 ] },
								"west": { "texture": "#plaindark", "uv": [ 0.0, 0.0, 0.5, 1.0 ] },
								"up": { "texture": "#plaindark", "uv": [ 0.0, 0.0, 1.0, 0.5 ] },
								"down": { "texture": "#plaindark", "uv": [ 0.0, 0.0, 1.0, 0.5 ] }
							}
						},
						{
							"name": "Cube208",
							"from": [ 3.0, 1.0, 2.1 ],
							"to": [ 4.0, 2.4, 2.3 ],
							"rotationOrigin": [ 3.0, 1.0, 2.0 ],
							"rotationX": 20.0,
							"faces": {
								"north": { "texture": "#plaindark", "uv": [ 0.0, 0.0, 1.0, 1.0 ] },
								"east": { "texture": "#plaindark", "uv": [ 0.0, 0.0, 0.5, 1.0 ] },
								"south": { "texture": "#plaindark", "uv": [ 0.0, 0.0, 1.0, 1.0 ] },
								"west": { "texture": "#plaindark", "uv": [ 0.0, 0.0, 0.5, 1.0 ] },
								"up": { "texture": "#plaindark", "uv": [ 0.0, 0.0, 1.0, 0.5 ] },
								"down": { "texture": "#plaindark", "uv": [ 0.0, 0.0, 1.0, 0.5 ] }
							}
						},
						{
							"name": "Cube209",
							"from": [ 3.0, 0.0, 2.1 ],
							"to": [ 4.0, 1.0, 2.3 ],
							"rotationOrigin": [ 3.0, 0.0, 2.0 ],
							"faces": {
								"north": { "texture": "#plaindark", "uv": [ 0.0, 0.0, 1.0, 1.0 ] },
								"east": { "texture": "#plaindark", "uv": [ 0.0, 0.0, 0.5, 1.0 ] },
								"south": { "texture": "#plaindark", "uv": [ 0.0, 0.0, 1.0, 1.0 ] },
								"west": { "texture": "#plaindark", "uv": [ 0.0, 0.0, 0.5, 1.0 ] },
								"up": { "texture": "#plaindark", "uv": [ 0.0, 0.0, 1.0, 0.5 ] },
								"down": { "texture": "#plaindark", "uv": [ 0.0, 0.0, 1.0, 0.5 ] }
							}
						},
						{
							"name": "Cube210",
							"from": [ 1.0, 0.0, 2.1 ],
							"to": [ 2.0, 1.0, 2.3 ],
							"rotationOrigin": [ 1.0, 0.0, 2.0 ],
							"faces": {
								"north": { "texture": "#plaindark", "uv": [ 0.0, 0.0, 1.0, 1.0 ] },
								"east": { "texture": "#plaindark", "uv": [ 0.0, 0.0, 0.5, 1.0 ] },
								"south": { "texture": "#plaindark", "uv": [ 0.0, 0.0, 1.0, 1.0 ] },
								"west": { "texture": "#plaindark", "uv": [ 0.0, 0.0, 0.5, 1.0 ] },
								"up": { "texture": "#plaindark", "uv": [ 0.0, 0.0, 1.0, 0.5 ] },
								"down": { "texture": "#plaindark", "uv": [ 0.0, 0.0, 1.0, 0.5 ] }
							}
						},
						{
							"name": "Cube211",
							"from": [ 0.9, 1.0, 2.08 ],
							"to": [ 2.1, 1.25, 2.38 ],
							"rotationOrigin": [ 1.0, 1.0, 2.25 ],
							"faces": {
								"north": { "texture": "#copper", "uv": [ 0.0, 0.0, 1.0, 0.5 ] },
								"east": { "texture": "#copper", "uv": [ 0.0, 0.0, 0.5, 0.5 ] },
								"south": { "texture": "#copper", "uv": [ 0.0, 0.0, 1.0, 0.5 ] },
								"west": { "texture": "#copper", "uv": [ 0.0, 0.0, 0.5, 0.5 ] },
								"up": { "texture": "#copper", "uv": [ 0.0, 0.0, 1.0, 0.5 ] },
								"down": { "texture": "#copper", "uv": [ 0.0, 0.0, 1.0, 0.5 ] }
							}
						},
						{
							"name": "Cube212",
							"from": [ 2.9, 1.0, 2.08 ],
							"to": [ 4.1, 1.25, 2.38 ],
							"rotationOrigin": [ 3.0, 1.0, 2.25 ],
							"faces": {
								"north": { "texture": "#copper", "uv": [ 0.0, 0.0, 1.0, 0.5 ] },
								"east": { "texture": "#copper", "uv": [ 0.0, 0.0, 0.5, 0.5 ] },
								"south": { "texture": "#copper", "uv": [ 0.0, 0.0, 1.0, 0.5 ] },
								"west": { "texture": "#copper", "uv": [ 0.0, 0.0, 0.5, 0.5 ] },
								"up": { "texture": "#copper", "uv": [ 0.0, 0.0, 1.0, 0.5 ] },
								"down": { "texture": "#copper", "uv": [ 0.0, 0.0, 1.0, 0.5 ] }
							}
						},
						{
							"name": "Cube213",
							"from": [ -0.3, 1.1, 0.1 ],
							"to": [ 5.3, 3.1, 1.9 ],
							"rotationOrigin": [ -0.3, 1.0, 0.0 ],
							"faces": {
								"north": { "texture": "#plain2", "uv": [ 10.0, 0.5, 15.5, 2.5 ] },
								"east": { "texture": "#plain2", "uv": [ 13.5, 1.0, 15.0, 3.0 ] },
								"south": { "texture": "#plain2", "uv": [ 9.5, 1.0, 15.0, 3.0 ] },
								"west": { "texture": "#plain2", "uv": [ 12.5, 1.5, 14.0, 3.5 ] },
								"up": { "texture": "#plain2", "uv": [ 10.0, 0.5, 15.5, 2.0 ] },
								"down": { "texture": "#plain2", "uv": [ 9.0, 0.5, 14.5, 2.0 ] }
							},
							"children": [
								{
									"name": "Cube214",
									"from": [ -0.2, 1.3, -0.1 ],
									"to": [ 0.3, 2.3, 1.9 ],
									"rotationOrigin": [ -0.2, 1.0, 0.0 ],
									"rotationZ": -10.0,
									"faces": {
										"north": { "texture": "#plaindark", "uv": [ 0.0, 0.0, 0.5, 1.0 ] },
										"east": { "texture": "#plaindark", "uv": [ 0.0, 0.0, 2.0, 1.0 ] },
										"south": { "texture": "#plaindark", "uv": [ 0.0, 0.0, 0.5, 1.0 ] },
										"west": { "texture": "#plaindark", "uv": [ 0.0, 0.0, 2.0, 1.0 ] },
										"up": { "texture": "#plaindark", "uv": [ 0.0, 0.0, 0.5, 2.0 ] },
										"down": { "texture": "#plaindark", "uv": [ 0.0, 0.0, 0.5, 2.0 ] }
									}
								},
								{
									"name": "Cube215",
									"from": [ 5.3, 1.3, -0.1 ],
									"to": [ 5.8, 2.3, 1.9 ],
									"rotationOrigin": [ 5.8, 1.0, 0.0 ],
									"rotationZ": 10.0,
									"faces": {
										"north": { "texture": "#plaindark", "uv": [ 0.0, 0.0, 0.5, 1.0 ] },
										"east": { "texture": "#plaindark", "uv": [ 0.0, 0.0, 2.0, 1.0 ] },
										"south": { "texture": "#plaindark", "uv": [ 0.0, 0.0, 0.5, 1.0 ] },
										"west": { "texture": "#plaindark", "uv": [ 0.0, 0.0, 2.0, 1.0 ] },
										"up": { "texture": "#plaindark", "uv": [ 0.0, 0.0, 0.5, 2.0 ] },
										"down": { "texture": "#plaindark", "uv": [ 0.0, 0.0, 0.5, 2.0 ] }
									}
								}
							]
						},
						{
							"name": "Cube216",
							"from": [ 0.2, -0.3, 0.2 ],
							"to": [ 4.8, 0.0, 2.0 ],
							"faces": {
								"north": { "texture": "#plain2", "uv": [ 4.0, 9.5, 8.5, 10.0 ] },
								"east": { "texture": "#plain2", "uv": [ 4.5, 9.5, 6.0, 10.0 ] },
								"south": { "texture": "#plain2", "uv": [ 3.5, 9.5, 8.0, 10.0 ] },
								"west": { "texture": "#plain2", "uv": [ 4.5, 9.5, 6.0, 10.0 ] },
								"up": { "texture": "#plain2", "uv": [ 6.0, 9.5, 10.5, 11.0 ] },
								"down": { "texture": "#plain2", "uv": [ 7.5, 9.5, 12.0, 11.0 ] }
							}
						}
					]
				}
			]
		}
	],
	"animations": [
		{
			"name": "idle",
			"code": "idle",
			"quantityframes": 60,
			"onActivityStopped": "Rewind",
			"onAnimationEnd": "Repeat",
			"keyframes": [

			]
		}
	]
}