{
  "code": "armorneck",
  "class": "ItemWearableSoulboundRM",
  "enabled": true,
  "storageFlags": 128,
  "variantgroups": [
    {
      "code": "type",
      "states": [
        "tier1",
        "tier2",
        "tier3"
      ]
    },
    {
      "code": "material",
      "states": [
        "eldrathium"
      ]
    },
    {
      "code": "variant",
      "states": [
        "maxmana",
        "manaregen",
        "manacost",
        "casttime",
        "duration",
        "damage",
        "stats",
        "runspeed"
      ]
    }
  ],
  "behaviorsByType": {
    "*": [
      {
        "name": "CollectibleBehaviorMagicEquipStatsDisplayRM"
      },
      {
        "name": "CollectibleBehaviorWearableSoulbindRM"
      }
    ]
  },
  "attributesByType": {
    "*": {
      "handbookByType": {
        "*-eldrathium-*": {
          "groupBy": [
            "armorneck-{type}-eldrathium-*"
          ],
          "extraSections": [
            {
              "title": "rustboundmagic:handbook-ancientartifacts-title",
              "text": "rustboundmagic:handbook-ancientartifacts-text"
            }
          ]
        }
      },
      "wearableAttachment": true,
      "clothescategory": "neck",
      "warmth": 0,
      "manacostforsoulbindingByType": {
        "*-tier1-*": 50,
        "*-tier2-*": 100,
        "*-tier3-*": 200
      },
      "magicStatModifiersByType": {
        "*-tier1-*-maxmana": {
          "maxmana": 50
        },
        "*-tier1-*-manaregen": {
          "manaregen": 5
        },
        "*-tier1-*-manacost": {
          "genericmodifiermanacost": -0.05
        },
        "*-tier1-*-casttime": {
          "genericmodifiercasttime": -0.05
        },
        "*-tier1-*-duration": {
          "genericmodifierduration": 0.1
        },
        "*-tier1-*-damage": {
          "genericmodifierdamage": 0.05
        },
        "*-tier1-*-stats": {
          "genericmodifierstats": 0.05
        },
        "*-tier1-*-runspeed": {
          "walkspeedmodifier": 0.05
        },
        "*-tier1-*-magicprotection": {},
        "*-tier2-*-maxmana": {
          "maxmana": 100
        },
        "*-tier2-*-manaregen": {
          "manaregen": 10
        },
        "*-tier2-*-manacost": {
          "genericmodifiermanacost": -0.1
        },
        "*-tier2-*-casttime": {
          "genericmodifiercasttime": -0.1
        },
        "*-tier2-*-duration": {
          "genericmodifierduration": 0.2
        },
        "*-tier2-*-damage": {
          "genericmodifierdamage": 0.1
        },
        "*-tier2-*-stats": {
          "genericmodifierstats": 0.1
        },
        "*-tier2-*-runspeed": {
          "walkspeedmodifier": 0.1
        },
        "*-tier2-*-magicprotection": {},
        "*-tier3-*-maxmana": {
          "maxmana": 200
        },
        "*-tier3-*-manaregen": {
          "manaregen": 20
        },
        "*-tier3-*-manacost": {
          "genericmodifiermanacost": -0.15
        },
        "*-tier3-*-casttime": {
          "genericmodifiercasttime": -0.15
        },
        "*-tier3-*-duration": {
          "genericmodifierduration": 0.3
        },
        "*-tier3-*-damage": {
          "genericmodifierdamage": 0.2
        },
        "*-tier3-*-stats": {
          "genericmodifierstats": 0.15
        },
        "*-tier3-*-runspeed": {
          "walkspeedmodifier": 0.15
        },
        "*-tier3-*-magicprotection": {}
      }
    }
  },
  "creativeinventory": {
    "general": [
      "*"
    ],
    "items": [
      "*"
    ],
    "clothing": [
      "*"
    ],
    "rustboundmagicequipment": [
      "*"
    ]
  },
  "shapeByType": {
    "*": {
      "base": "entities/humanoids/armorneck/magicneck-accessory"
    }
  },
  "texturesByType": {
    "*-tier1-eldrathium-maxmana": {
      "seraph": {
        "base": "game:block/transparent"
      },
      "default": {
        "base": "default"
      },
      "chain": {
        "base": "game:block/metal/ingot/eldrathium"
      },
      "metal2": {
        "base": "game:block/metal/ingot/eldrathium"
      },
      "lessergem": {
        "base": "color-blue"
      },
      "greatergem": {
        "base": "default"
      },
      "superiorgem": {
        "base": "default"
      },
      "lessersocket": {
        "base": "rust-inert"
      },
      "greatersocket": {
        "base": "default"
      },
      "superiorsocket": {
        "base": "default"
      },
      "energy": {
        "base": "default"
      }
    },
    "*-tier2-eldrathium-maxmana": {
      "seraph": {
        "base": "game:block/transparent"
      },
      "default": {
        "base": "default"
      },
      "chain": {
        "base": "game:block/metal/ingot/eldrathium"
      },
      "metal2": {
        "base": "game:block/metal/ingot/eldrathium"
      },
      "lessergem": {
        "base": "color-blue"
      },
      "greatergem": {
        "base": "color-blue"
      },
      "superiorgem": {
        "base": "default"
      },
      "lessersocket": {
        "base": "rust-inert"
      },
      "greatersocket": {
        "base": "rust-inert"
      },
      "superiorsocket": {
        "base": "default"
      },
      "energy": {
        "base": "default"
      }
    },
    "*-tier3-eldrathium-maxmana": {
      "seraph": {
        "base": "game:block/transparent"
      },
      "default": {
        "base": "default"
      },
      "chain": {
        "base": "game:block/metal/ingot/eldrathium"
      },
      "metal2": {
        "base": "game:block/metal/ingot/eldrathium"
      },
      "lessergem": {
        "base": "color-blue"
      },
      "greatergem": {
        "base": "color-blue"
      },
      "superiorgem": {
        "base": "color-blue"
      },
      "lessersocket": {
        "base": "rust-inert"
      },
      "greatersocket": {
        "base": "rust-inert"
      },
      "superiorsocket": {
        "base": "rust-inert"
      },
      "energy": {
        "base": "default"
      }
    },
    "*-tier1-eldrathium-manaregen": {
      "seraph": {
        "base": "game:block/transparent"
      },
      "default": {
        "base": "default"
      },
      "chain": {
        "base": "game:block/metal/ingot/eldrathium"
      },
      "metal2": {
        "base": "game:block/metal/ingot/eldrathium"
      },
      "lessergem": {
        "base": "color-greenlight"
      },
      "greatergem": {
        "base": "default"
      },
      "superiorgem": {
        "base": "default"
      },
      "lessersocket": {
        "base": "rust-inert"
      },
      "greatersocket": {
        "base": "default"
      },
      "superiorsocket": {
        "base": "default"
      },
      "energy": {
        "base": "default"
      }
    },
    "*-tier2-eldrathium-manaregen": {
      "seraph": {
        "base": "game:block/transparent"
      },
      "default": {
        "base": "default"
      },
      "chain": {
        "base": "game:block/metal/ingot/eldrathium"
      },
      "metal2": {
        "base": "game:block/metal/ingot/eldrathium"
      },
      "lessergem": {
        "base": "color-greenlight"
      },
      "greatergem": {
        "base": "color-greenlight"
      },
      "superiorgem": {
        "base": "default"
      },
      "lessersocket": {
        "base": "rust-inert"
      },
      "greatersocket": {
        "base": "rust-inert"
      },
      "superiorsocket": {
        "base": "default"
      },
      "energy": {
        "base": "default"
      }
    },
    "*-tier3-eldrathium-manaregen": {
      "seraph": {
        "base": "game:block/transparent"
      },
      "default": {
        "base": "default"
      },
      "chain": {
        "base": "game:block/metal/ingot/eldrathium"
      },
      "metal2": {
        "base": "game:block/metal/ingot/eldrathium"
      },
      "lessergem": {
        "base": "color-greenlight"
      },
      "greatergem": {
        "base": "color-greenlight"
      },
      "superiorgem": {
        "base": "color-greenlight"
      },
      "lessersocket": {
        "base": "rust-inert"
      },
      "greatersocket": {
        "base": "rust-inert"
      },
      "superiorsocket": {
        "base": "rust-inert"
      },
      "energy": {
        "base": "default"
      }
    },
    "*-tier1-eldrathium-manacost": {
      "seraph": {
        "base": "game:block/transparent"
      },
      "default": {
        "base": "default"
      },
      "chain": {
        "base": "game:block/metal/ingot/eldrathium"
      },
      "metal2": {
        "base": "game:block/metal/ingot/eldrathium"
      },
      "lessergem": {
        "base": "color-bluelight"
      },
      "greatergem": {
        "base": "default"
      },
      "superiorgem": {
        "base": "default"
      },
      "lessersocket": {
        "base": "rust-inert"
      },
      "greatersocket": {
        "base": "default"
      },
      "superiorsocket": {
        "base": "default"
      },
      "energy": {
        "base": "default"
      }
    },
    "*-tier2-eldrathium-manacost": {
      "seraph": {
        "base": "game:block/transparent"
      },
      "default": {
        "base": "default"
      },
      "chain": {
        "base": "game:block/metal/ingot/eldrathium"
      },
      "metal2": {
        "base": "game:block/metal/ingot/eldrathium"
      },
      "lessergem": {
        "base": "color-bluelight"
      },
      "greatergem": {
        "base": "color-bluelight"
      },
      "superiorgem": {
        "base": "default"
      },
      "lessersocket": {
        "base": "rust-inert"
      },
      "greatersocket": {
        "base": "rust-inert"
      },
      "superiorsocket": {
        "base": "default"
      },
      "energy": {
        "base": "default"
      }
    },
    "*-tier3-eldrathium-manacost": {
      "seraph": {
        "base": "game:block/transparent"
      },
      "default": {
        "base": "default"
      },
      "chain": {
        "base": "game:block/metal/ingot/eldrathium"
      },
      "metal2": {
        "base": "game:block/metal/ingot/eldrathium"
      },
      "lessergem": {
        "base": "color-bluelight"
      },
      "greatergem": {
        "base": "color-bluelight"
      },
      "superiorgem": {
        "base": "color-bluelight"
      },
      "lessersocket": {
        "base": "rust-inert"
      },
      "greatersocket": {
        "base": "rust-inert"
      },
      "superiorsocket": {
        "base": "rust-inert"
      },
      "energy": {
        "base": "default"
      }
    },
    "*-tier1-eldrathium-casttime": {
      "seraph": {
        "base": "game:block/transparent"
      },
      "default": {
        "base": "default"
      },
      "chain": {
        "base": "game:block/metal/ingot/eldrathium"
      },
      "metal2": {
        "base": "game:block/metal/ingot/eldrathium"
      },
      "lessergem": {
        "base": "color-yellowgreen"
      },
      "greatergem": {
        "base": "default"
      },
      "superiorgem": {
        "base": "default"
      },
      "lessersocket": {
        "base": "rust-inert"
      },
      "greatersocket": {
        "base": "default"
      },
      "superiorsocket": {
        "base": "default"
      },
      "energy": {
        "base": "default"
      }
    },
    "*-tier2-eldrathium-casttime": {
      "seraph": {
        "base": "game:block/transparent"
      },
      "default": {
        "base": "default"
      },
      "chain": {
        "base": "game:block/metal/ingot/eldrathium"
      },
      "metal2": {
        "base": "game:block/metal/ingot/eldrathium"
      },
      "lessergem": {
        "base": "color-yellowgreen"
      },
      "greatergem": {
        "base": "color-yellowgreen"
      },
      "superiorgem": {
        "base": "default"
      },
      "lessersocket": {
        "base": "rust-inert"
      },
      "greatersocket": {
        "base": "rust-inert"
      },
      "superiorsocket": {
        "base": "default"
      },
      "energy": {
        "base": "default"
      }
    },
    "*-tier3-eldrathium-casttime": {
      "seraph": {
        "base": "game:block/transparent"
      },
      "default": {
        "base": "default"
      },
      "chain": {
        "base": "game:block/metal/ingot/eldrathium"
      },
      "metal2": {
        "base": "game:block/metal/ingot/eldrathium"
      },
      "lessergem": {
        "base": "color-yellowgreen"
      },
      "greatergem": {
        "base": "color-yellowgreen"
      },
      "superiorgem": {
        "base": "color-yellowgreen"
      },
      "lessersocket": {
        "base": "rust-inert"
      },
      "greatersocket": {
        "base": "rust-inert"
      },
      "superiorsocket": {
        "base": "rust-inert"
      },
      "energy": {
        "base": "default"
      }
    },
    "*-tier1-eldrathium-duration": {
      "seraph": {
        "base": "game:block/transparent"
      },
      "default": {
        "base": "default"
      },
      "chain": {
        "base": "game:block/metal/ingot/eldrathium"
      },
      "metal2": {
        "base": "game:block/metal/ingot/eldrathium"
      },
      "lessergem": {
        "base": "color-gold"
      },
      "greatergem": {
        "base": "default"
      },
      "superiorgem": {
        "base": "default"
      },
      "lessersocket": {
        "base": "rust-inert"
      },
      "greatersocket": {
        "base": "default"
      },
      "superiorsocket": {
        "base": "default"
      },
      "energy": {
        "base": "default"
      }
    },
    "*-tier2-eldrathium-duration": {
      "seraph": {
        "base": "game:block/transparent"
      },
      "default": {
        "base": "default"
      },
      "chain": {
        "base": "game:block/metal/ingot/eldrathium"
      },
      "metal2": {
        "base": "game:block/metal/ingot/eldrathium"
      },
      "lessergem": {
        "base": "color-gold"
      },
      "greatergem": {
        "base": "color-gold"
      },
      "superiorgem": {
        "base": "default"
      },
      "lessersocket": {
        "base": "rust-inert"
      },
      "greatersocket": {
        "base": "rust-inert"
      },
      "superiorsocket": {
        "base": "default"
      },
      "energy": {
        "base": "default"
      }
    },
    "*-tier3-eldrathium-duration": {
      "seraph": {
        "base": "game:block/transparent"
      },
      "default": {
        "base": "default"
      },
      "chain": {
        "base": "game:block/metal/ingot/eldrathium"
      },
      "metal2": {
        "base": "game:block/metal/ingot/eldrathium"
      },
      "lessergem": {
        "base": "color-gold"
      },
      "greatergem": {
        "base": "color-gold"
      },
      "superiorgem": {
        "base": "color-gold"
      },
      "lessersocket": {
        "base": "rust-inert"
      },
      "greatersocket": {
        "base": "rust-inert"
      },
      "superiorsocket": {
        "base": "rust-inert"
      },
      "energy": {
        "base": "default"
      }
    },
    "*-tier1-eldrathium-damage": {
      "seraph": {
        "base": "game:block/transparent"
      },
      "default": {
        "base": "default"
      },
      "chain": {
        "base": "game:block/metal/ingot/eldrathium"
      },
      "metal2": {
        "base": "game:block/metal/ingot/eldrathium"
      },
      "lessergem": {
        "base": "color-red"
      },
      "greatergem": {
        "base": "default"
      },
      "superiorgem": {
        "base": "default"
      },
      "lessersocket": {
        "base": "rust-inert"
      },
      "greatersocket": {
        "base": "default"
      },
      "superiorsocket": {
        "base": "default"
      },
      "energy": {
        "base": "default"
      }
    },
    "*-tier2-eldrathium-damage": {
      "seraph": {
        "base": "game:block/transparent"
      },
      "default": {
        "base": "default"
      },
      "chain": {
        "base": "game:block/metal/ingot/eldrathium"
      },
      "metal2": {
        "base": "game:block/metal/ingot/eldrathium"
      },
      "lessergem": {
        "base": "color-red"
      },
      "greatergem": {
        "base": "color-red"
      },
      "superiorgem": {
        "base": "default"
      },
      "lessersocket": {
        "base": "rust-inert"
      },
      "greatersocket": {
        "base": "rust-inert"
      },
      "superiorsocket": {
        "base": "default"
      },
      "energy": {
        "base": "default"
      }
    },
    "*-tier3-eldrathium-damage": {
      "seraph": {
        "base": "game:block/transparent"
      },
      "default": {
        "base": "default"
      },
      "chain": {
        "base": "game:block/metal/ingot/eldrathium"
      },
      "metal2": {
        "base": "game:block/metal/ingot/eldrathium"
      },
      "lessergem": {
        "base": "color-red"
      },
      "greatergem": {
        "base": "color-red"
      },
      "superiorgem": {
        "base": "color-red"
      },
      "lessersocket": {
        "base": "rust-inert"
      },
      "greatersocket": {
        "base": "rust-inert"
      },
      "superiorsocket": {
        "base": "rust-inert"
      },
      "energy": {
        "base": "default"
      }
    },
    "*-tier1-eldrathium-stats": {
      "seraph": {
        "base": "game:block/transparent"
      },
      "default": {
        "base": "default"
      },
      "chain": {
        "base": "game:block/metal/ingot/eldrathium"
      },
      "metal2": {
        "base": "game:block/metal/ingot/eldrathium"
      },
      "lessergem": {
        "base": "color-purple"
      },
      "greatergem": {
        "base": "default"
      },
      "superiorgem": {
        "base": "default"
      },
      "lessersocket": {
        "base": "rust-inert"
      },
      "greatersocket": {
        "base": "default"
      },
      "superiorsocket": {
        "base": "default"
      },
      "energy": {
        "base": "default"
      }
    },
    "*-tier2-eldrathium-stats": {
      "seraph": {
        "base": "game:block/transparent"
      },
      "default": {
        "base": "default"
      },
      "chain": {
        "base": "game:block/metal/ingot/eldrathium"
      },
      "metal2": {
        "base": "game:block/metal/ingot/eldrathium"
      },
      "lessergem": {
        "base": "color-purple"
      },
      "greatergem": {
        "base": "color-purple"
      },
      "superiorgem": {
        "base": "default"
      },
      "lessersocket": {
        "base": "rust-inert"
      },
      "greatersocket": {
        "base": "rust-inert"
      },
      "superiorsocket": {
        "base": "default"
      },
      "energy": {
        "base": "default"
      }
    },
    "*-tier3-eldrathium-stats": {
      "seraph": {
        "base": "game:block/transparent"
      },
      "default": {
        "base": "default"
      },
      "chain": {
        "base": "game:block/metal/ingot/eldrathium"
      },
      "metal2": {
        "base": "game:block/metal/ingot/eldrathium"
      },
      "lessergem": {
        "base": "color-purple"
      },
      "greatergem": {
        "base": "color-purple"
      },
      "superiorgem": {
        "base": "color-purple"
      },
      "lessersocket": {
        "base": "rust-inert"
      },
      "greatersocket": {
        "base": "rust-inert"
      },
      "superiorsocket": {
        "base": "rust-inert"
      },
      "energy": {
        "base": "default"
      }
    },
    "*-tier1-eldrathium-runspeed": {
      "seraph": {
        "base": "game:block/transparent"
      },
      "default": {
        "base": "default"
      },
      "chain": {
        "base": "game:block/metal/ingot/eldrathium"
      },
      "metal2": {
        "base": "game:block/metal/ingot/eldrathium"
      },
      "lessergem": {
        "base": "color-bluedark"
      },
      "greatergem": {
        "base": "default"
      },
      "superiorgem": {
        "base": "default"
      },
      "lessersocket": {
        "base": "rust-inert"
      },
      "greatersocket": {
        "base": "default"
      },
      "superiorsocket": {
        "base": "default"
      },
      "energy": {
        "base": "default"
      }
    },
    "*-tier2-eldrathium-runspeed": {
      "seraph": {
        "base": "game:block/transparent"
      },
      "default": {
        "base": "default"
      },
      "chain": {
        "base": "game:block/metal/ingot/eldrathium"
      },
      "metal2": {
        "base": "game:block/metal/ingot/eldrathium"
      },
      "lessergem": {
        "base": "color-bluedark"
      },
      "greatergem": {
        "base": "color-bluedark"
      },
      "superiorgem": {
        "base": "default"
      },
      "lessersocket": {
        "base": "rust-inert"
      },
      "greatersocket": {
        "base": "rust-inert"
      },
      "superiorsocket": {
        "base": "default"
      },
      "energy": {
        "base": "default"
      }
    },
    "*-tier3-eldrathium-runspeed": {
      "seraph": {
        "base": "game:block/transparent"
      },
      "default": {
        "base": "default"
      },
      "chain": {
        "base": "game:block/metal/ingot/eldrathium"
      },
      "metal2": {
        "base": "game:block/metal/ingot/eldrathium"
      },
      "lessergem": {
        "base": "color-bluedark"
      },
      "greatergem": {
        "base": "color-bluedark"
      },
      "superiorgem": {
        "base": "color-bluedark"
      },
      "lessersocket": {
        "base": "rust-inert"
      },
      "greatersocket": {
        "base": "rust-inert"
      },
      "superiorsocket": {
        "base": "rust-inert"
      },
      "energy": {
        "base": "default"
      }
    },
    "*-tier1-eldrathium-magicprotection": {
      "seraph": {
        "base": "game:block/transparent"
      },
      "default": {
        "base": "default"
      },
      "chain": {
        "base": "game:block/metal/ingot/eldrathium"
      },
      "metal2": {
        "base": "blocks/resources/eldrathium/eldrathium"
      },
      "lessergem": {
        "base": "color-white"
      },
      "greatergem": {
        "base": "default"
      },
      "superiorgem": {
        "base": "default"
      },
      "lessersocket": {
        "base": "rust-inert"
      },
      "greatersocket": {
        "base": "default"
      },
      "superiorsocket": {
        "base": "default"
      },
      "energy": {
        "base": "default"
      }
    },
    "*-tier2-eldrathium-magicprotection": {
      "seraph": {
        "base": "game:block/transparent"
      },
      "default": {
        "base": "default"
      },
      "chain": {
        "base": "game:block/metal/ingot/eldrathium"
      },
      "metal2": {
        "base": "blocks/resources/eldrathium/eldrathium"
      },
      "lessergem": {
        "base": "color-white"
      },
      "greatergem": {
        "base": "color-white"
      },
      "superiorgem": {
        "base": "default"
      },
      "lessersocket": {
        "base": "rust-inert"
      },
      "greatersocket": {
        "base": "rust-inert"
      },
      "superiorsocket": {
        "base": "default"
      },
      "energy": {
        "base": "default"
      }
    },
    "*-tier3-eldrathium-magicprotection": {
      "seraph": {
        "base": "game:block/transparent"
      },
      "default": {
        "base": "default"
      },
      "chain": {
        "base": "game:block/metal/ingot/eldrathium"
      },
      "metal2": {
        "base": "blocks/resources/eldrathium/eldrathium"
      },
      "lessergem": {
        "base": "color-white"
      },
      "greatergem": {
        "base": "color-white"
      },
      "superiorgem": {
        "base": "color-white"
      },
      "lessersocket": {
        "base": "rust-inert"
      },
      "greatersocket": {
        "base": "rust-inert"
      },
      "superiorsocket": {
        "base": "rust-inert"
      },
      "energy": {
        "base": "default"
      }
    }
  },
  "heldTpUseAnimation": "interactstatic",
  "renderAlphaTest": 0.25,
  "durabilityByType": {
    "*-eldrathium-*": 800,
    "*-gold-*": 1600
  },
  "fpHandTransform": {
    "translation": {
      "x": 0.2,
      "y": -2.5,
      "z": -0.9
    },
    "rotation": {
      "x": -2,
      "y": 31,
      "z": -46
    },
    "scale": 4.09
  },
  "tpHandTransform": {
    "translation": {
      "x": -0.6,
      "y": -2.1,
      "z": -0.7
    },
    "rotation": {
      "x": -21,
      "y": -180,
      "z": 25
    },
    "origin": {
      "x": 0.5,
      "y": 1.4,
      "z": 0.5
    },
    "scale": 0.71
  },
  "guiTransformByType": {
    "*": {
      "rotate": false,
      "translation": {
        "x": 0,
        "y": 0,
        "z": 0
      },
      "rotation": {
        "x": 174,
        "y": -128,
        "z": 6
      },
      "origin": {
        "x": 0.45,
        "y": 1.43,
        "z": 0.54
      },
      "scale": 3.5
    }
  },
  "groundTransformByType": {
    "*": {
      "translation": {
        "x": 0,
        "y": -0.05,
        "z": 0
      },
      "rotation": {
        "x": 0,
        "y": 0,
        "z": -90
      },
      "origin": {
        "x": 0.5,
        "y": 1.5,
        "z": 0.5
      },
      "scale": 3.06
    }
  }
}
