{
  "fileversion": "3.1.10",
  "S01": "================================",
  "GeneralSettings": "General settings.",
  "Description_ENTITYBEHAVIOR_MAXEXPTONEXTMAXMANALEVEL_MULTIPLIER": "The magic experience multiplier. This is calculated as Math.Pow(<max exp mana>, <config option> - (<max exp mana> * 0.0005)). [Default: 1.35d, Min: 0.01d, Max: 10d (Why would you do this???)]",
  "ENTITYBEHAVIOR_MAXEXPTONEXTMAXMANALEVEL_MULTIPLIER": 1.15,
  "Description_ENTITYBEHAVIOR_MAXMANA_TOTALACHIEVABLEPLAYERMANA": "The maximum achievable player max mana. [Default: 9999, Min: 10, Max: ???]",
  "ENTITYBEHAVIOR_MAXMANA_TOTALACHIEVABLEPLAYERMANA": 9999,
  "Description_CAN_SPELL_FAILURE_EXPLOSION_AFFECT_BLOCKS": "Can spell failure explosions affect blocks? [Default: true] (True = Blocks can be placed/destroyed on non-claimed land.) | (False = No blocks can be placed/destroyed.)",
  "CAN_SPELL_FAILURE_EXPLOSION_AFFECT_BLOCKS": false,
  "Description_CAN_SPELL_FAILURE_EXPLOSION_AFFECT_ENTITIES": "Can spell failure explosions affect entities? [Default: true] (True = Entities can be damaged on non-claimed land.) | (False = No entity damage.)",
  "CAN_SPELL_FAILURE_EXPLOSION_AFFECT_ENTITIES": true,
  "Description_ENTITYBEHAVIOR_MEDITATION_TIMETOACTIVATE": "Amount of time needed to activate 'Meditation' after sitting, in seconds. [Default: 7, Min: 1, Max: 60]",
  "ENTITYBEHAVIOR_MEDITATION_TIMETOACTIVATE": 5,
  "Description_MEDITATIONINSIGHT_RESEARCHTIME": "Amount of time needed to research a block with 'Mediation Insight', in seconds. [Default: 5, Min: 1, Max: 60]",
  "MEDITATIONINSIGHT_RESEARCHTIME": 3,
  "Description_UNLOCKMAGIC_MINIMUMSTABILITYTOACTIVATE": "Minimum amount of 'temporal stability' required to use a 'rusty dust' to unlock magic. [Default: 0.10f, Min: 0.01f, Max: 0.99f]",
  "UNLOCKMAGIC_MINIMUMSTABILITYTOACTIVATE": 0.1,
  "Description_RIFTACTIVITY_FORCENEWPATTERNONMAGICEVENT": "Should the rift activity change when trying to create a rift using magic? [Default: true]",
  "RIFTACTIVITY_FORCENEWPATTERNONMAGICEVENT": true,
  "Description_RIFTACTIVITY_FORCESPECIFICPATTERN": "Sets the rift activity pattern. Only used if rift activity changes when trying to create a rift using magic is 'true'. [Default: 1, (0 = calm) | (1 = low) | (2 = medium) | (3 = high) | (4 = apocalyptic)]",
  "RIFTACTIVITY_FORCESPECIFICPATTERN": 1,
  "S02": "================================",
  "HUDGUISettings": "HUD/GUI settings.",
  "Description_HUD_MANABAR_POSITION": "Sets the position of the mana/magic exp bars in the HUD. [Default: 0 = On top of health bar, 1 = On top of satiety bar, 2 = On top of satiety bar higher up]",
  "HUD_MANABAR_POSITION": 0,
  "Description_HUD_EFFECTSLIST_POSITION": "Sets the default position of the 'effects list' in the HUD. [Default: 0 = Middle left of the game window, 1 = Top left of the game window, 2 = Top center of the game window]",
  "HUD_EFFECTSLIST_POSITION": 0,
  "S03": "================================",
  "ItemBlockSettings": "Item/Block settings.",
  "Description_ITEM_LEYLINERESONATOR_CONNECTIONRANGE": "Maximum connection distance between magic stations, in blocks. [Default: 50, Min: 1, Max: 100]",
  "ITEM_LEYLINERESONATOR_CONNECTIONRANGE": 100,
  "Description_ITEM_ESSENCELACRIMA_MAXESSENCE": "Maximum amount of essence an 'essence lacrima' can hold? [Default: 50000, Min: 100, Max: 9999999?]",
  "ITEM_ESSENCELACRIMA_MAXESSENCE": 500000,
  "Description_ITEM_RIFTBLOOMSEED_DROPRATE": "The percent chance a riftbloom seed will drop when breaking unstable riftblooms. [Default: 20, Min: 1, Max: 100]",
  "ITEM_RIFTBLOOMSEED_DROPRATE": 75,
  "Description_ITEM_RIFTBLOOMSEED_RIFTANCHOR_DROPRATE": "The percent chance a riftbloom seed will drop when breaking unstable riftblooms created from a rift anchor. [Default: 50, Min: 1, Max: 100]",
  "ITEM_RIFTBLOOMSEED_RIFTANCHOR_DROPRATE": 95,
  "Description_ITEM_RIFTBLOOMSEED_DROPRATE_KNIFE": "The percent chance a riftbloom seed will drop when harvesting a riftbloom with a knife. [Default: 75, Min: 1, Max: 100]",
  "ITEM_RIFTBLOOMSEED_DROPRATE_KNIFE": 90,
  "Description_ITEM_RIFTBLOOMSEED_TRANSMUTATION": "The percent chance a riftbloom seed will drop when harvesting a riftbloom with the spell 'Transmutation'. [Default: 95, Min: 1, Max: 100]",
  "ITEM_RIFTBLOOMSEED_TRANSMUTATION": 100,
  "Description_ITEM_SMALLRUSTCRYSTAL_TRANSMUTATION1_DROPRATE": "The percent chance a small rust crystal will drop when casting 'Transmutation I' on unstable small rust crystals. [Default: 33, Min: 1, Max: 100]",
  "ITEM_SMALLRUSTCRYSTAL_TRANSMUTATION1_DROPRATE": 80,
  "Description_ITEM_LARGERUSTCRYSTAL_TRANSMUTATION1_DROPRATE": "The percent chance a large rust crystal will drop when casting 'Transmutation I' on unstable large rust crystals. [Default: 0, Min: 1, Max: 100]",
  "ITEM_LARGERUSTCRYSTAL_TRANSMUTATION1_DROPRATE": 80,
  "Description_ITEM_SMALLRUSTCRYSTAL_TRANSMUTATION2_DROPRATE": "The percent chance a small rust crystal will drop when casting 'Transmutation II' on unstable small rust crystals. [Default: 66, Min: 1, Max: 100]",
  "ITEM_SMALLRUSTCRYSTAL_TRANSMUTATION2_DROPRATE": 90,
  "Description_ITEM_LARGERUSTCRYSTAL_TRANSMUTATION2_DROPRATE": "The percent chance a large rust crystal will drop when casting 'Transmutation II' on unstable large rust crystals. [Default: 33, Min: 1, Max: 100]",
  "ITEM_LARGERUSTCRYSTAL_TRANSMUTATION2_DROPRATE": 90,
  "Description_ITEM_SMALLRUSTCRYSTAL_TRANSMUTATION3_DROPRATE": "The percent chance a small rust crystal will drop when casting 'Transmutation III' on unstable small rust crystals. [Default: 100, Min: 1, Max: 100]",
  "ITEM_SMALLRUSTCRYSTAL_TRANSMUTATION3_DROPRATE": 100,
  "Description_ITEM_LARGERUSTCRYSTAL_TRANSMUTATION3_DROPRATE": "The percent chance a large rust crystal will drop when casting 'Transmutation III' on unstable large rust crystals. [Default: 66, Min: 1, Max: 100]",
  "ITEM_LARGERUSTCRYSTAL_TRANSMUTATION3_DROPRATE": 100,
  "Description_BLOCK_DEVOURINGVOID_IGNOREENTITYMAXHEALTH": "Any entities with health above this value are ignored by the 'devouring void' block. [Default: 50f, Min: 1f, Max: 9999f]",
  "BLOCK_DEVOURINGVOID_IGNOREENTITYMAXHEALTH": 50.0,
  "Description_BLOCK_DEVOURINGVOID_IGNOREENTITYLIST": "Any 'entity registery names' in this list are ignored by the 'devouring void' block.",
  "BLOCK_DEVOURINGVOID_IGNOREENTITYLIST": [
    "horse-*",
    "foal-*",
    "tamefox-*",
    "dog-wolf-*",
    "dog-hunting-*",
    "dog-shepherd-*",
    "dog-corgi-*",
    "entityfamiliar-*",
    "cat-female-*",
    "cat-male-*",
    "cat-kitten-*"
  ],
  "Description_BLOCK_DEVOURINGVOID_HPTOESSENCETICK_NORUNESTONES": "The amount of essence gained from 1 HP lost by an entity in the 'Devouring Void' with no runestones. [Default: 1, Min: 1, Max: 9999+]",
  "BLOCK_DEVOURINGVOID_HPTOESSENCETICK_NORUNESTONES": 20,
  "Description_BLOCK_DEVOURINGVOID_HPTOESSENCETICK_TIER1RUNESTONES": "The amount of essence gained from 1 HP lost by an entity in the 'Devouring Void' with tier 1 runestones. [Default: 1, Min: 1, Max: 9999+]",
  "BLOCK_DEVOURINGVOID_HPTOESSENCETICK_TIER1RUNESTONES": 40,
  "Description_BLOCK_DEVOURINGVOID_HPTOESSENCETICK_TIER2RUNESTONES": "The amount of essence gained from 1 HP lost by an entity in the 'Devouring Void' with tier 2 runestones. [Default: 1, Min: 1, Max: 9999+]",
  "BLOCK_DEVOURINGVOID_HPTOESSENCETICK_TIER2RUNESTONES": 60,
  "Description_BLOCK_DEVOURINGVOID_HPTOESSENCETICK_TIER3RUNESTONES": "The amount of essence gained from 1 HP lost by an entity in the 'Devouring Void' with tier 3 runestones. [Default: 1, Min: 1, Max: 9999+]",
  "BLOCK_DEVOURINGVOID_HPTOESSENCETICK_TIER3RUNESTONES": 80,
  "Description_BLOCK_DEVOURINGVOID_HPTOESSENCETICK_TIER4RUNESTONES": "The amount of essence gained from 1 HP lost by an entity in the 'Devouring Void' with tier 4 runestones. [Default: 1, Min: 1, Max: 9999+]",
  "BLOCK_DEVOURINGVOID_HPTOESSENCETICK_TIER4RUNESTONES": 100,
  "Description_BLOCK_UTILITY_BURNTIMEAMOUNT_RUSTYDUST": "Amount of burn time gained from using rusty dust on any utility block, in minutes. [Default: 15, Min: 1, Max: 60]",
  "BLOCK_UTILITY_BURNTIMEAMOUNT_RUSTYDUST": 60,
  "Description_BLOCK_UTILITY_BURNTIMEAMOUNT_TRANSMUTATION": "Amount of burn time gained from using the spell 'Transmutation' on any utility block, in minutes. [Default: 5, Min: 1, Max: 60]",
  "BLOCK_UTILITY_BURNTIMEAMOUNT_TRANSMUTATION": 30,
  "Description_ITEM_GRIMOIRE_DURABILITYLOSSONDEATH_ENABLED": "Should 'sanctum' socketed grimoires lose durability on player death? [Default: false]",
  "ITEM_GRIMOIRE_DURABILITYLOSSONDEATH_ENABLED": false,
  "Description_ITEM_GRIMOIRE_DURABILITYLOSSONDEATH_MIN": "Minimum amount of durability 'sanctum' socketed grimoires lose on player death? [Default: 5, Min: 0, Max: 100]",
  "ITEM_GRIMOIRE_DURABILITYLOSSONDEATH_MIN": 0,
  "Description_ITEM_GRIMOIRE_DURABILITYLOSSONDEATH_MAX": "Maximum amount of durability 'sanctum' socketed grimoires lose on player death? [Default: 20, Min: 0, Max: 100]",
  "ITEM_GRIMOIRE_DURABILITYLOSSONDEATH_MAX": 2,
  "Description_BLOCK_TALISMANOFWARDING_DURATION": "Duration a 'talisman of warding' lasts, in seconds? [Default: 7200, Min: 1, Max: 9999+]",
  "BLOCK_TALISMANOFWARDING_DURATION": 7200.0,
  "Description_BLOCK_TALISMANOFGRACE_DURATION": "Duration a 'talisman of grace' lasts, in seconds? [Default: 7200, Min: 1, Max: 9999+]",
  "BLOCK_TALISMANOFGRACE_DURATION": 7200.0,
  "Description_BLOCK_TALISMANOFRESONANCE_DURATION": "Duration a 'talisman of resonance' lasts, in seconds? [Default: 7200, Min: 1, Max: 9999+]",
  "BLOCK_TALISMANOFRESONANCE_DURATION": 7200.0,
  "Description_ITEMSPELLSCROLL_BASE_CASTTIME": "Base 'cast time' for using a spell scroll? [Default: 0f, Min: 0f, Max: 60f (0f = original spell cast time | 1f+ = static cast time in seconds.)]",
  "ITEMSPELLSCROLL_BASE_CASTTIME": 0.0,
  "Description_ITEMSPELLSCROLL_BASE_CASTTIMETIER1_MODIFIER": "Base modifier applied to the 'cast time' of a tier 1 spell scroll? [Default: 1.0f, Min: 0.01f, Max: 10f (0.5f = 50% cast time | 1.0f = original cast time | 2.0f = 200% cast time)]",
  "ITEMSPELLSCROLL_BASE_CASTTIMETIER1_MODIFIER": 1.0,
  "Description_ITEMSPELLSCROLL_BASE_CASTTIMETIER2_MODIFIER": "Base modifier applied to the 'cast time' of a tier 2 spell scroll? [Default: 1.0f, Min: 0.01f, Max: 10f (0.5f = 50% cast time | 1.0f = original cast time | 2.0f = 200% cast time)]",
  "ITEMSPELLSCROLL_BASE_CASTTIMETIER2_MODIFIER": 1.0,
  "Description_ITEMSPELLSCROLL_BASE_CASTTIMETIER3_MODIFIER": "Base modifier applied to the 'cast time' of a tier 3 spell scroll? [Default: 1.0f, Min: 0.01f, Max: 10f (0.5f = 50% cast time | 1.0f = original cast time | 2.0f = 200% cast time)]",
  "ITEMSPELLSCROLL_BASE_CASTTIMETIER3_MODIFIER": 1.0,
  "Description_ITEMSPELLSCROLL_COST_GRIMOIREDURABILITY_TIER1": "The amount of grimoire durability that is consumed when duplicating a tier 1 spell? [Default: 1, Min: 0, Max: 100]",
  "ITEMSPELLSCROLL_COST_GRIMOIREDURABILITY_TIER1": 0,
  "Description_ITEMSPELLSCROLL_COST_GRIMOIREDURABILITY_TIER2": "The amount of grimoire durability that is consumed when duplicating a tier 2 spell? [Default: 2, Min: 0, Max: 100]",
  "ITEMSPELLSCROLL_COST_GRIMOIREDURABILITY_TIER2": 1,
  "Description_ITEMSPELLSCROLL_COST_GRIMOIREDURABILITY_TIER3": "The amount of grimoire durability that is consumed when duplicating a tier 3 spell? [Default: 3, Min: 0, Max: 100]",
  "ITEMSPELLSCROLL_COST_GRIMOIREDURABILITY_TIER3": 2,
  "Description_ITEMSPELLSCROLL_COST_CREATIONCASTTIME": "Base 'cast time' needed when creating a spell scroll? [Default: 15f, Min: 1f, Max: 60f]",
  "ITEMSPELLSCROLL_COST_CREATIONCASTTIME": 30.0,
  "Description_ITEMSPELLSCROLL_BASE_MAXDURABILITY_TIER1": "Base 'max durability' a tier 1 spell scroll has? [Default: 4, Min: 1, Max: 9999+]",
  "ITEMSPELLSCROLL_BASE_MAXDURABILITY_TIER1": 16,
  "Description_ITEMSPELLSCROLL_BASE_MAXDURABILITY_TIER2": "Base 'max durability' a tier 2 spell scroll has? [Default: 2, Min: 1, Max: 9999+]",
  "ITEMSPELLSCROLL_BASE_MAXDURABILITY_TIER2": 8,
  "Description_ITEMSPELLSCROLL_BASE_MAXDURABILITY_TIER3": "Base 'max durability' a tier 3 spell scroll has? [Default: 1, Min: 1, Max: 9999+]",
  "ITEMSPELLSCROLL_BASE_MAXDURABILITY_TIER3": 4,
  "Description_ITEMCRYSTALLIZEDMEMORY_BASE_EXPGAIN": "Base 'magic experiance' gain for using a crystallized memory, in percent? [Default: 0.10f, Min: 0.01f, Max: 1.0f]",
  "ITEMCRYSTALLIZEDMEMORY_BASE_EXPGAIN": 0.5,
  "S04": "================================",
  "RustMageSettings": "'Rust Mage' settings.",
  "Description_LOCK_ALL_MAGIC_TO_RUSTMAGE_ONLY": "Should all magic be lock to the 'Rust Mage' class only? [Default: false]",
  "LOCK_ALL_MAGIC_TO_RUSTMAGE_ONLY": false,
  "Description_ENTITYBEHAVIOR_MAXEXPTONEXTMAXMANALEVEL_MULTIPLIER_RUSTMAGE": "The amount of bonus magic experience the 'Rust Mage' class has, based on the experience multiplier in percent? [Default: 25, Min: 1, Max: 100]",
  "ENTITYBEHAVIOR_MAXEXPTONEXTMAXMANALEVEL_MULTIPLIER_RUSTMAGE": 25,
  "Description_ITEMSPELLSCROLL_RESTRICTEDTOMAGES": "Should 'spell scrolls' only be used by players who unlock magic? [Default: false]",
  "ITEMSPELLSCROLL_RESTRICTEDTOMAGES": false,
  "S05": "================================",
  "WorldMagicSettings": "Ritual World Magic settings.",
  "Description_BLOCK_TEMPORALMAGICRUNE_CONSUMPTIONCHANCE": "The percent chance an temporal magic rune will be consumed in magic arrays. [Default: 10, Min: 1, Max: 100]",
  "BLOCK_TEMPORALMAGICRUNE_CONSUMPTIONCHANCE": 1,
  "Description_BLOCK_LIGHTNEUTRALDARK_MANATORCH_INERTCHANCE": "The percent chance a light, neutral, or dark manatorch will become an inert version in magic arrays. [Default: 100, Min: 1, Max: 100]",
  "BLOCK_LIGHTNEUTRALDARK_MANATORCH_INERTCHANCE": 5,
  "Description_BLOCK_LIGHTNEUTRALDARK_MANATORCH_CONSUMPTIONCHANCE": "The percent chance a light, neutral, or dark manatorch will convert back into an inert version in magic arrays. [Default: 50, Min: 1, Max: 100]",
  "BLOCK_LIGHTNEUTRALDARK_MANATORCH_CONSUMPTIONCHANCE": 5,
  "Description_BLOCK_MANALANTERN_CONSUMPTIONCHANCE": "The percent chance a mana lantern will convert back into an inert mana lantern in magic arrays. [Default: 5, Min: 1, Max: 100]",
  "BLOCK_MANALANTERN_CONSUMPTIONCHANCE": 1,
  "Description_WORLDMAGIC_RITUALOFWORLDESSENCE_REAGENT_AMOUNT": "Amount of reagents needed to complete the 'Ritual of World Essence'. [Default: 1, Min: 1, Max: 64]",
  "WORLDMAGIC_RITUALOFWORLDESSENCE_REAGENT_AMOUNT": 1,
  "Description_WORLDMAGIC_RITUALOFPURIFICATION_REAGENT_AMOUNT": "Amount of reagents needed to complete the 'Ritual of Purification'. [Default: 2, Min: 1, Max: 64]",
  "WORLDMAGIC_RITUALOFPURIFICATION_REAGENT_AMOUNT": 2,
  "Description_WORLDMAGIC_RITUALOFCORRUPTION_REAGENT_AMOUNT": "Amount of reagents needed to complete the 'Ritual of Corruption'. [Default: 2, Min: 1, Max: 64]",
  "WORLDMAGIC_RITUALOFCORRUPTION_REAGENT_AMOUNT": 2,
  "Description_WORLDMAGIC_RITUALOFDECAY_REAGENT_AMOUNT": "Amount of reagents needed to complete the 'Ritual of Decay'. [Default: 1, Min: 1, Max: 64]",
  "WORLDMAGIC_RITUALOFDECAY_REAGENT_AMOUNT": 1,
  "Description_WORLDMAGIC_RITUALOFCREATION1_FLINT_BATCHTIER": "Number of batches of 'loose stone' that can be exchanged in a single 'Ritual of Creation: Flint'. [Default: 16, Min: 1, Max: 32]",
  "WORLDMAGIC_RITUALOFCREATION1_FLINT_BATCHTIER": 32,
  "Description_WORLDMAGIC_RITUALOFCREATION1_FLINT_REAGENT_AMOUNT": "Amount of 'loose stone' reagents needed to complete the 'Ritual of Creation: Flint'. [Default: 4, Min: 1, Max: 64]",
  "WORLDMAGIC_RITUALOFCREATION1_FLINT_REAGENT_AMOUNT": 1,
  "Description_WORLDMAGIC_RITUALOFCREATION1_FLINT_RESULT_AMOUNT": "Amount of 'flint' produced when completing the 'Ritual of Creation: Flint'. [Default: 1, Min: 1, Max: 64]",
  "WORLDMAGIC_RITUALOFCREATION1_FLINT_RESULT_AMOUNT": 32,
  "Description_WORLDMAGIC_RITUALOFCREATION1_OBSIDIAN_BATCHTIER": "Number of batches of 'flint' that can be exchanged in a single 'Ritual of Creation: Obsidian'. [Default: 16, Min: 1, Max: 32]",
  "WORLDMAGIC_RITUALOFCREATION1_OBSIDIAN_BATCHTIER": 32,
  "Description_WORLDMAGIC_RITUALOFCREATION1_OBSIDIAN_REAGENT_AMOUNT": "Amount of 'flint' reagents needed to complete the 'Ritual of Creation: Obsidian'. [Default: 2, Min: 1, Max: 64]",
  "WORLDMAGIC_RITUALOFCREATION1_OBSIDIAN_REAGENT_AMOUNT": 1,
  "Description_WORLDMAGIC_RITUALOFCREATION1_OBSIDIAN_RESULT_AMOUNT": "Amount of 'obsidian' produced when completing the 'Ritual of Creation: Obsidian'. [Default: 1, Min: 1, Max: 64]",
  "WORLDMAGIC_RITUALOFCREATION1_OBSIDIAN_RESULT_AMOUNT": 16,
  "Description_WORLDMAGIC_RITUALOFCREATION1_RUSTYGEAR_BATCHTIER": "Number of batches of 'primordial fragments' that can be exchanged in a single 'Ritual of Creation: Rusty gear'. [Default: 16, Min: 1, Max: 32]",
  "WORLDMAGIC_RITUALOFCREATION1_RUSTYGEAR_BATCHTIER": 32,
  "Description_WORLDMAGIC_RITUALOFCREATION1_RUSTYGEAR_REAGENT_AMOUNT": "Amount of 'primordial fragments' reagents needed to complete the 'Ritual of Creation: Rusty gear'. [Default: 4, Min: 1, Max: 64]",
  "WORLDMAGIC_RITUALOFCREATION1_RUSTYGEAR_REAGENT_AMOUNT": 2,
  "Description_WORLDMAGIC_RITUALOFCREATION1_RUSTYGEAR_RESULT_AMOUNT": "Amount of 'rusty gears' produced when completing the 'Ritual of Creation: Rusty gear'. [Default: 1, Min: 1, Max: 64]",
  "WORLDMAGIC_RITUALOFCREATION1_RUSTYGEAR_RESULT_AMOUNT": 16,
  "Description_WORLDMAGIC_RITUALOFCREATION1_TEMPORALGEAR_BATCHTIER": "Number of batches of 'rusty gears' that can be exchanged in a single 'Ritual of Creation: Temporal gear'. [Default: 16, Min: 1, Max: 32]",
  "WORLDMAGIC_RITUALOFCREATION1_TEMPORALGEAR_BATCHTIER": 32,
  "Description_WORLDMAGIC_RITUALOFCREATION1_TEMPORALGEAR_REAGENT_AMOUNT": "Amount of 'rusty gears' reagents needed to complete the 'Ritual of Creation: Temporal gear'. [Default: 8, Min: 1, Max: 64]",
  "WORLDMAGIC_RITUALOFCREATION1_TEMPORALGEAR_REAGENT_AMOUNT": 4,
  "Description_WORLDMAGIC_RITUALOFCREATION1_TEMPORALGEAR_RESULT_AMOUNT": "Amount of 'temporal gears' produced when completing the 'Ritual of Creation: Temporal gear'. [Default: 1, Min: 1, Max: 64]",
  "WORLDMAGIC_RITUALOFCREATION1_TEMPORALGEAR_RESULT_AMOUNT": 16,
  "Description_WORLDMAGIC_RITUALOFCREATION1_FLOWER_BATCHTIER": "Number of batches of 'cattails/papyrus' that can be exchanged in a single 'Ritual of Creation: Flower'. [Default: 16, Min: 1, Max: 32]",
  "WORLDMAGIC_RITUALOFCREATION1_FLOWER_BATCHTIER": 32,
  "Description_WORLDMAGIC_RITUALOFCREATION1_FLOWER_REAGENT_AMOUNT": "Amount of 'cattails/papyrus' reagents needed to complete the 'Ritual of Creation: Flower'. [Default: 3, Min: 1, Max: 64]",
  "WORLDMAGIC_RITUALOFCREATION1_FLOWER_REAGENT_AMOUNT": 1,
  "Description_WORLDMAGIC_RITUALOFCREATION1_FLOWER_RESULT_AMOUNT": "Amount of 'flowers' produced when completing the 'Ritual of Creation: Flower'. [Default: 1, Min: 1, Max: 64]",
  "WORLDMAGIC_RITUALOFCREATION1_FLOWER_RESULT_AMOUNT": 32,
  "Description_WORLDMAGIC_RITUALOFDESTRUCTION1_FLINT_BATCHTIER": "Number of batches of 'obsidian' that can be exchanged in a single 'Ritual of Destruction: Flint'. [Default: 16, Min: 1, Max: 32]",
  "WORLDMAGIC_RITUALOFDESTRUCTION1_FLINT_BATCHTIER": 32,
  "Description_WORLDMAGIC_RITUALOFDESTRUCTION1_FLINT_REAGENT_AMOUNT": "Amount of 'obsidian' reagents needed to complete the 'Ritual of Destruction: Flint'. [Default: 1, Min: 1, Max: 64]",
  "WORLDMAGIC_RITUALOFDESTRUCTION1_FLINT_REAGENT_AMOUNT": 1,
  "Description_WORLDMAGIC_RITUALOFDESTRUCTION1_FLINT_RESULT_AMOUNT": "Amount of 'flint' produced when completing the 'Ritual of Destruction: Flint'. [Default: 2, Min: 1, Max: 64]",
  "WORLDMAGIC_RITUALOFDESTRUCTION1_FLINT_RESULT_AMOUNT": 64,
  "Description_WORLDMAGIC_RITUALOFDESTRUCTION1_PRIMORDIALFRAGMENT_BATCHTIER": "Number of batches of 'rusty gears' that can be exchanged in a single 'Ritual of Destruction: Primordial fragment'. [Default: 16, Min: 1, Max: 32]",
  "WORLDMAGIC_RITUALOFDESTRUCTION1_PRIMORDIALFRAGMENT_BATCHTIER": 32,
  "Description_WORLDMAGIC_RITUALOFDESTRUCTION1_PRIMORDIALFRAGMENT_REAGENT_AMOUNT": "Amount of 'rusty gears' reagents needed to complete the 'Ritual of Destruction: Primordial fragment'. [Default: 1, Min: 1, Max: 64]",
  "WORLDMAGIC_RITUALOFDESTRUCTION1_PRIMORDIALFRAGMENT_REAGENT_AMOUNT": 1,
  "Description_WORLDMAGIC_RITUALOFDESTRUCTION1_PRIMORDIALFRAGMENT_RESULT_AMOUNT": "Amount of 'primordial fragments' produced when completing the 'Ritual of Destruction: Primordial fragment'. [Default: 4, Min: 1, Max: 64]",
  "WORLDMAGIC_RITUALOFDESTRUCTION1_PRIMORDIALFRAGMENT_RESULT_AMOUNT": 64,
  "Description_WORLDMAGIC_RITUALOFDESTRUCTION1_RUSTYGEAR_BATCHTIER": "Number of batches of 'temporal gears' that can be exchanged in a single 'Ritual of Destruction: Rusty gear'. [Default: 16, Min: 1, Max: 32]",
  "WORLDMAGIC_RITUALOFDESTRUCTION1_RUSTYGEAR_BATCHTIER": 32,
  "Description_WORLDMAGIC_RITUALOFDESTRUCTION1_RUSTYGEAR_REAGENT_AMOUNT": "Amount of 'temporal gears' reagents needed to complete the 'Ritual of Destruction: Rusty gear'. [Default: 1, Min: 1, Max: 64]",
  "WORLDMAGIC_RITUALOFDESTRUCTION1_RUSTYGEAR_REAGENT_AMOUNT": 1,
  "Description_WORLDMAGIC_RITUALOFDESTRUCTION1_RUSTYGEAR_RESULT_AMOUNT": "Amount of 'rusty gears' produced when completing the 'Ritual of Destruction: Rusty gear'. [Default: 8, Min: 1, Max: 64]",
  "WORLDMAGIC_RITUALOFDESTRUCTION1_RUSTYGEAR_RESULT_AMOUNT": 64,
  "Description_WORLDMAGIC_RITUALOFDESTRUCTION1_RESIN_BATCHTIER": "Number of batches of 'logs' that can be exchanged in a single 'Ritual of Destruction: Resin'. [Default: 16, Min: 1, Max: 32]",
  "WORLDMAGIC_RITUALOFDESTRUCTION1_RESIN_BATCHTIER": 32,
  "Description_WORLDMAGIC_RITUALOFDESTRUCTION1_RESIN_REAGENT_AMOUNT": "Amount of 'logs' reagents needed to complete the 'Ritual of Destruction: Resin'. [Default: 1, Min: 1, Max: 64]",
  "WORLDMAGIC_RITUALOFDESTRUCTION1_RESIN_REAGENT_AMOUNT": 1,
  "Description_WORLDMAGIC_RITUALOFDESTRUCTION1_RESIN_RESULT_AMOUNT": "Amount of 'resin' produced when completing the 'Ritual of Destruction: Resin'. [Default: 2, Min: 1, Max: 64]",
  "WORLDMAGIC_RITUALOFDESTRUCTION1_RESIN_RESULT_AMOUNT": 64,
  "Description_WORLDMAGIC_RITUALOFDESTRUCTION1_ROT_BATCHTIER": "Number of batches of 'cattails/papyrus' that can be exchanged in a single 'Ritual of Destruction: Rot'. [Default: 16, Min: 1, Max: 32]",
  "WORLDMAGIC_RITUALOFDESTRUCTION1_ROT_BATCHTIER": 32,
  "Description_WORLDMAGIC_RITUALOFDESTRUCTION1_ROT_REAGENT_AMOUNT": "Amount of 'cattails/papyrus' reagents needed to complete the 'Ritual of Destruction: Rot'. [Default: 3, Min: 1, Max: 64]",
  "WORLDMAGIC_RITUALOFDESTRUCTION1_ROT_REAGENT_AMOUNT": 1,
  "Description_WORLDMAGIC_RITUALOFDESTRUCTION1_ROT_RESULT_AMOUNT": "Amount of 'rot' produced when completing the 'Ritual of Destruction: Rot'. [Default: 1, Min: 1, Max: 64]",
  "WORLDMAGIC_RITUALOFDESTRUCTION1_ROT_RESULT_AMOUNT": 64,
  "Description_WORLDMAGIC_RITUALOFDESTRUCTION1_LIME_BATCHTIER": "Number of batches of 'calcined flint' that can be exchanged in a single 'Ritual of Destruction: Lime'. [Default: 16, Min: 1, Max: 32]",
  "WORLDMAGIC_RITUALOFDESTRUCTION1_LIME_BATCHTIER": 32,
  "Description_WORLDMAGIC_RITUALOFDESTRUCTION1_LIME_REAGENT_AMOUNT": "Amount of 'calcined flint' reagents needed to complete the 'Ritual of Destruction: Lime'. [Default: 1, Min: 1, Max: 64]",
  "WORLDMAGIC_RITUALOFDESTRUCTION1_LIME_REAGENT_AMOUNT": 1,
  "Description_WORLDMAGIC_RITUALOFDESTRUCTION1_LIME_RESULT_AMOUNT": "Amount of 'lime' produced when completing the 'Ritual of Destruction: Lime'. [Default: 2, Min: 1, Max: 64]",
  "WORLDMAGIC_RITUALOFDESTRUCTION1_LIME_RESULT_AMOUNT": 64,
  "Description_WORLDMAGIC_RITUALOFBALANCE1_GRAVELSAND_BATCHTIER": "Number of batches of 'gravel or sand' that can be exchanged in a single 'Ritual of Balance: Rocky Grit'. [Default: 16, Min: 1, Max: 32]",
  "WORLDMAGIC_RITUALOFBALANCE1_GRAVELSAND_BATCHTIER": 32,
  "Description_WORLDMAGIC_RITUALOFBALANCE1_FIRECLAYBLUECLAY_BATCHTIER": "Number of batches of 'fire clay or blue clay' that can be exchanged in a single 'Ritual of Balance: Clay'. [Default: 16, Min: 1, Max: 32]",
  "WORLDMAGIC_RITUALOFBALANCE1_FIRECLAYBLUECLAY_BATCHTIER": 32,
  "Description_WORLDMAGIC_RITUALOFBALANCE1_FLOWERPOT_BATCHTIER": "Number of batches of 'flowerpots' that can be exchanged in a single 'Ritual of Balance: Flowerpot'. [Default: 16, Min: 1, Max: 32]",
  "WORLDMAGIC_RITUALOFBALANCE1_FLOWERPOT_BATCHTIER": 32,
  "Description_WORLDMAGIC_RITUALOFBALANCE1_PLANTER_BATCHTIER": "Number of batches of 'planters' that can be exchanged in a single 'Ritual of Balance: Planter'. [Default: 16, Min: 1, Max: 32]",
  "WORLDMAGIC_RITUALOFBALANCE1_PLANTER_BATCHTIER": 32,
  "Description_WORLDMAGIC_RITUALOFBALANCE1_STORAGEVESSEL_BATCHTIER": "Number of batches of 'storage vessels' that can be exchanged in a single 'Ritual of Balance: Storage vessel'. [Default: 16, Min: 1, Max: 32]",
  "WORLDMAGIC_RITUALOFBALANCE1_STORAGEVESSEL_BATCHTIER": 32,
  "Description_WORLDMAGIC_RITUALOFBALANCE1_SAPLING_BATCHTIER": "Number of batches of 'tree seeds' that can be exchanged in a single 'Ritual of Balance: Sapling'. [Default: 16, Min: 1, Max: 32]",
  "WORLDMAGIC_RITUALOFBALANCE1_SAPLING_BATCHTIER": 32,
  "Description_WORLDMAGIC_RITUALOFRUNICPOWER1_REAGENT_AMOUNT": "Amount of reagents needed to complete the 'Ritual of Runic Power I'. [Default: 1, Min: 1, Max: 64]",
  "WORLDMAGIC_RITUALOFRUNICPOWER1_REAGENT_AMOUNT": 1,
  "Description_WORLDMAGIC_RITUALOFRUNICPOWER2_REAGENT_AMOUNT": "Amount of reagents needed to complete the 'Ritual of Runic Power II'. [Default: 2, Min: 1, Max: 64]",
  "WORLDMAGIC_RITUALOFRUNICPOWER2_REAGENT_AMOUNT": 1,
  "Description_WORLDMAGIC_RITUALOFRUNICPOWER3_REAGENT_AMOUNT": "Amount of reagents needed to complete the 'Ritual of Runic Power III'. [Default: 3, Min: 1, Max: 64]",
  "WORLDMAGIC_RITUALOFRUNICPOWER3_REAGENT_AMOUNT": 1,
  "Description_WORLDMAGIC_RITUALOFTHERUST1_REAGENT_AMOUNT": "Amount of reagents needed to complete the 'Ritual of the Rust'. [Default: 2, Min: 1, Max: 64]",
  "WORLDMAGIC_RITUALOFTHERUST1_REAGENT_AMOUNT": 1,
  "Description_WORLDMAGIC_RITUALOFPYROLYSIS1_REAGENT_AMOUNT": "Amount of reagents needed to complete the 'Ritual of Pyrolysis'. [Default: 1, Min: 1, Max: 64]",
  "WORLDMAGIC_RITUALOFPYROLYSIS1_REAGENT_AMOUNT": 1,
  "Description_WORLDMAGIC_RITUALOFPYROLYSIS1_CONVERSION_AMOUNT": "Amount of 'charcoal' produced from the 'Ritual of Pyrolysis'. [Default: 32, Min: 1, Max: 64]",
  "WORLDMAGIC_RITUALOFPYROLYSIS1_CONVERSION_AMOUNT": 64,
  "Description_WORLDMAGIC_RITUALOFOREBRINGER1_REAGENT_AMOUNT": "Amount of reagents needed to complete the 'Ritual of Orebringer'. [Default: 2, Min: 1, Max: 64]",
  "WORLDMAGIC_RITUALOFOREBRINGER1_REAGENT_AMOUNT": 2,
  "Description_WORLDMAGIC_RITUALOFOREBRINGER1_AREA_DEPTH": "Depth range for the 'Ritual of Orebringer'. [Default: 100, Min: 1, Max: 200]",
  "WORLDMAGIC_RITUALOFOREBRINGER1_AREA_DEPTH": 150,
  "Description_WORLDMAGIC_RITUALOFOREBRINGER1_ORE_AMOUNT": "Amount of ore brought up from the 'Ritual of Orebringer'. [Default: 150, Min: 1, Max: 200]",
  "WORLDMAGIC_RITUALOFOREBRINGER1_ORE_AMOUNT": 150,
  "Description_WORLDMAGIC_RITUALOFWARDING1_REAGENT_AMOUNT": "Amount of reagents needed to complete the 'Ritual of Warding'. [Default: 2, Min: 1, Max: 64]",
  "WORLDMAGIC_RITUALOFWARDING1_REAGENT_AMOUNT": 2,
  "Description_WORLDMAGIC_RITUALOFGRACE1_REAGENT_AMOUNT": "Amount of reagents needed to complete the 'Ritual of Grace'. [Default: 2, Min: 1, Max: 64]",
  "WORLDMAGIC_RITUALOFGRACE1_REAGENT_AMOUNT": 2,
  "Description_WORLDMAGIC_RITUALOFRESONANCE1_REAGENT_AMOUNT": "Amount of reagents needed to complete the 'Ritual of Resonance'. [Default: 2, Min: 1, Max: 64]",
  "WORLDMAGIC_RITUALOFRESONANCE1_REAGENT_AMOUNT": 2,
  "S06": "================================",
  "ThaumicFoundrySettings": "Thaumic Foundry settings.",
  "S07": "================================",
  "SpellforgeSettings": "Spellforge settings.",
  "Description_SPELLFORGE_CIPHERSUCCESSRATE_TIER1": "The success rate of the spellforge discovering a tier 1 spell cipher, in percent? [Default: 40, Min: 1, Max: 100]",
  "SPELLFORGE_CIPHERSUCCESSRATE_TIER1": 100,
  "Description_SPELLFORGE_CIPHERSUCCESSRATE_TIER2": "The success rate of the spellforge discovering a tier 2 spell cipher, in percent? [Default: 30, Min: 1, Max: 100]",
  "SPELLFORGE_CIPHERSUCCESSRATE_TIER2": 95,
  "Description_SPELLFORGE_CIPHERSUCCESSRATE_TIER3": "The success rate of the spellforge discovering a tier 3 spell cipher, in percent? [Default: 20, Min: 1, Max: 100]",
  "SPELLFORGE_CIPHERSUCCESSRATE_TIER3": 90,
  "S08": "================================",
  "OculusSettings": "Oculus settings.",
  "Description_OCULUS_CREATION_ESSENCE_AMOUNT_GRIMOIRE_TIER1": "Amount of neutral essence it takes for the oculus to create a tier 1 grimoire? [Default: 500, Min: 1, Max: 50000]",
  "OCULUS_CREATION_ESSENCE_AMOUNT_GRIMOIRE_TIER1": 100,
  "Description_OCULUS_CREATION_ESSENCE_AMOUNT_GRIMOIRE_TIER2": "Amount of neutral essence it takes for the oculus to create a tier 2 grimoire? [Default: 800, Min: 1, Max: 50000]",
  "OCULUS_CREATION_ESSENCE_AMOUNT_GRIMOIRE_TIER2": 200,
  "Description_OCULUS_CREATION_ESSENCE_AMOUNT_GRIMOIRE_TIER3": "Amount of neutral essence it takes for the oculus to create a tier 3 grimoire? [Default: 1250, Min: 1, Max: 50000]",
  "OCULUS_CREATION_ESSENCE_AMOUNT_GRIMOIRE_TIER3": 300,
  "Description_OCULUS_GRIMOIRE_CREATION_ENABLERANDOMATTRIBUTESFROMSYNTHESIS": "Should random modifiers be used for grimoire attributes when made from an oculus? [Default: False]",
  "OCULUS_GRIMOIRE_CREATION_ENABLERANDOMATTRIBUTESFROMSYNTHESIS": false,
  "Description_OCULUS_GRIMOIRE_CREATION_MANACOST_LOWRNG": "Minimum 'mana cost' rng modifier used when creating a grimoire, in percent? [Default: 75, Min: 1, Max: 500]",
  "OCULUS_GRIMOIRE_CREATION_MANACOST_LOWRNG": 75,
  "Description_OCULUS_GRIMOIRE_CREATION_MANACOST_HIGHRNG": "Maximum 'mana cost' rng modifier used when creating a grimoire, in percent? [Default: 125, Min: 1, Max: 500]",
  "OCULUS_GRIMOIRE_CREATION_MANACOST_HIGHRNG": 125,
  "Description_OCULUS_GRIMOIRE_CREATION_CASTTIME_LOWRNG": "Minimum 'cast time' rng modifier used when creating a grimoire, in percent? [Default: 75, Min: 1, Max: 500]",
  "OCULUS_GRIMOIRE_CREATION_CASTTIME_LOWRNG": 75,
  "Description_OCULUS_GRIMOIRE_CREATION_CASTTIME_HIGHRNG": "Maximum 'cast time' rng modifier used when creating a grimoire, in percent? [Default: 125, Min: 1, Max: 500]",
  "OCULUS_GRIMOIRE_CREATION_CASTTIME_HIGHRNG": 125,
  "Description_OCULUS_GRIMOIRE_CREATION_DURATION_LOWRNG": "Minimum 'duration' rng modifier used when creating a grimoire, in percent? [Default: 75, Min: 1, Max: 500]",
  "OCULUS_GRIMOIRE_CREATION_DURATION_LOWRNG": 75,
  "Description_OCULUS_GRIMOIRE_CREATION_DURATION_HIGHRNG": "Maximum 'duration' rng modifier used when creating a grimoire, in percent? [Default: 125, Min: 1, Max: 500]",
  "OCULUS_GRIMOIRE_CREATION_DURATION_HIGHRNG": 125,
  "Description_OCULUS_GRIMOIRE_CREATION_DAMAGE_LOWRNG": "Minimum 'damage' rng modifier used when creating a grimoire, in percent? [Default: 75, Min: 1, Max: 500]",
  "OCULUS_GRIMOIRE_CREATION_DAMAGE_LOWRNG": 75,
  "Description_OCULUS_GRIMOIRE_CREATION_DAMAGE_HIGHRNG": "Maximum 'damage' rng modifier used when creating a grimoire, in percent? [Default: 125, Min: 1, Max: 500]",
  "OCULUS_GRIMOIRE_CREATION_DAMAGE_HIGHRNG": 125,
  "Description_OCULUS_GRIMOIRE_CREATION_STATS_LOWRNG": "Minimum 'stats' rng modifier used when creating a grimoire, in percent? [Default: 75, Min: 1, Max: 500]",
  "OCULUS_GRIMOIRE_CREATION_STATS_LOWRNG": 75,
  "Description_OCULUS_GRIMOIRE_CREATION_STATS_HIGHRNG": "Maximum 'stats' rng modifier used when creating a grimoire, in percent? [Default: 125, Min: 1, Max: 500]",
  "OCULUS_GRIMOIRE_CREATION_STATS_HIGHRNG": 125,
  "S09": "================================",
  "SanctumSettings": "Sanctum settings.",
  "S10": "================================",
  "MagitrixSettings": "Magitrix settings.",
  "Description_MAGITRIX_RUNESTONETIER1_SMALLELEMENTALCRYSTAL_DESTRUCTION": "The percent chance a small elemental crystal will be consumed when using a 'basic runestone' in a magitrix multiblock structure. [Default: 10, Min: 0, Max: 100]",
  "MAGITRIX_RUNESTONETIER1_SMALLELEMENTALCRYSTAL_DESTRUCTION": 0,
  "Description_MAGITRIX_RUNESTONETIER1_LARGEELEMENTALCRYSTAL_DESTRUCTION": "The percent chance a large elemental crystal will be consumed when using a 'basic runestone' in a magitrix multiblock structure. [Default: 0, Min: 0, Max: 100]",
  "MAGITRIX_RUNESTONETIER1_LARGEELEMENTALCRYSTAL_DESTRUCTION": 0,
  "Description_MAGITRIX_RUNESTONETIER2_SMALLELEMENTALCRYSTAL_DESTRUCTION": "The percent chance a small elemental crystal will be consumed when using a 'advanced runestone' in a magitrix multiblock structure. [Default: 50, Min: 0, Max: 100]",
  "MAGITRIX_RUNESTONETIER2_SMALLELEMENTALCRYSTAL_DESTRUCTION": 5,
  "Description_MAGITRIX_RUNESTONETIER2_LARGEELEMENTALCRYSTAL_DESTRUCTION": "The percent chance a large elemental crystal will be consumed when using a 'advanced runestone' in a magitrix multiblock structure. [Default: 10, Min: 0, Max: 100]",
  "MAGITRIX_RUNESTONETIER2_LARGEELEMENTALCRYSTAL_DESTRUCTION": 5,
  "Description_MAGITRIX_RUNESTONETIER3_SMALLELEMENTALCRYSTAL_DESTRUCTION": "The percent chance a small elemental crystal will be consumed when using a 'mastercraft runestone' in a magitrix multiblock structure. [Default: 100, Min: 0, Max: 100]",
  "MAGITRIX_RUNESTONETIER3_SMALLELEMENTALCRYSTAL_DESTRUCTION": 10,
  "Description_MAGITRIX_RUNESTONETIER3_LARGEELEMENTALCRYSTAL_DESTRUCTION": "The percent chance a large elemental crystal will be consumed when using a 'mastercraft runestone' in a magitrix multiblock structure. [Default: 25, Min: 0, Max: 100]",
  "MAGITRIX_RUNESTONETIER3_LARGEELEMENTALCRYSTAL_DESTRUCTION": 10,
  "S11": "================================",
  "GatewaySettings": "Gateway settings.",
  "Description_GATEWAY_ESSENCECOST_GLOBALMODIFIER": "The percent modifier that is multiplied against the essence cost multiblock structure. [Default: 1.0f, Min: 0f, Max: 10.0f]",
  "GATEWAY_ESSENCECOST_GLOBALMODIFIER": 0,
  "S12": "================================",
  "ManaInfusionSettings": "Mana Infusion settings.",
  "Description_MANAINFUSION_ITEMCREATIONTIME": "The time it takes to complete mana infusion, in seconds. [Default: 5, Min: 1, Max: 60]",
  "MANAINFUSION_ITEMCREATIONTIME": 5,
  "Description_MANAINFUSION_ITEMCREATIONCOST_WANDTIER1_STICK": "The amount of mana that mana infusion will use to create a 'basic wand'. [Default: 10, Min: 1, Max: 9999]",
  "MANAINFUSION_ITEMCREATIONCOST_WANDTIER1_STICK": 5,
  "Description_MANAINFUSION_ITEMCREATIONCOST_WANDTIER1_BAMBOO": "The amount of mana that mana infusion will use to create a 'bamboo wand'. [Default: 20, Min: 1, Max: 9999]",
  "MANAINFUSION_ITEMCREATIONCOST_WANDTIER1_BAMBOO":10,
  "Description_MANAINFUSION_ITEMCREATIONCOST_WANDTIER1_BONE": "The amount of mana that mana infusion will use to create a 'bone wand'. [Default: 30, Min: 1, Max: 9999]",
  "MANAINFUSION_ITEMCREATIONCOST_WANDTIER1_BONE": 15,
  "Description_MANAINFUSION_ITEMCREATIONCOST_WANDTIER2_WOODVARIANT": "The amount of mana that mana infusion will use to create a 'runed wand'. [Default: 75, Min: 1, Max: 9999]",
  "MANAINFUSION_ITEMCREATIONCOST_WANDTIER2_WOODVARIANT": 25,
  "Description_MANAINFUSION_ITEMCREATIONCOST_WANDTIER3_METALVARIANT": "The amount of mana that mana infusion will use to create a 'resonant wand'. [Default: 300, Min: 1, Max: 9999]",
  "MANAINFUSION_ITEMCREATIONCOST_WANDTIER3_METALVARIANT": 50,
  "Description_MANAINFUSION_ITEMCREATIONCOST_PRIMORDIALFRAGMENT": "The amount of mana that mana infusion will use to create a 'primordial fragment'. [Default: 5, Min: 1, Max: 9999]",
  "MANAINFUSION_ITEMCREATIONCOST_PRIMORDIALFRAGMENT": 5
}