{
	"code": "creature",
	"class": "ItemCreature",
	"maxStackSize": 1,
	"enabled": true,

	"variantgroups": [
		{
			"code": "variant",
			"states": [ "semitamedwyvern" ]
		},
		{
			"code": "type",
			"states": [ "basic", "spikey", "finned", "feathered", "bone", "ridgeback" ]
		},
		{
			"code": "wyverntypes",
			"loadFromProperties": "mythiclegends:abstract/wyverntypes"
		},
		{
			"code": "gender",
			"states": [ "male", "female" ]
		},
		{
			"code": "age",
			"states": [ "adult" ]
		}
	],
	"skipVariants": [
		"*-basic-*",
		"*-spikey-*",
		"*-finned-*",
		"*-feathered-*",
		"*-bone-*"
	],

	"shapeByType": {
		"*-male-*": {
			"base": "entities/land/wyvern/{type}/{type}-male-{age}"
		},
		"*-female-*": {
			"base": "entities/land/wyvern/{type}/{type}-female-{age}"
		}
	},
	"texturesByType": {
		"*-male-*": {
			"default": { "base": "default" },
			"wyvernskin1": { "base": "entities/land/wyvern/basic/{wyverntypes}" },
			"wyvernwing1": { "base": "entities/land/wyvern/basic/wing1-{wyverntypes}" },
			"wyvernwing2": { "base": "default" },
			"wyvernwing3": { "base": "entities/land/wyvern/basic/wing3-{wyverntypes}" },
			"wyvernwing4": { "base": "default" },
			"wyvernwing5": { "base": "entities/land/wyvern/basic/wing5-{wyverntypes}" },
			"selectionbox": { "base": "default" },
			"skin": { "base": "entities/land/wyvern/basic/{wyverntypes}" },
			"seraphskin": { "base": "game:block/transparent" }
		},
		"*-female-*": {
			"default": { "base": "default" },
			"wyvernskin1": { "base": "entities/land/wyvern/basic/{wyverntypes}" },
			"wyvernwing1": { "base": "entities/land/wyvern/basic/wing1-{wyverntypes}" },
			"wyvernwing2": { "base": "default" },
			"wyvernwing3": { "base": "entities/land/wyvern/basic/wing3-{wyverntypes}" },
			"wyvernwing4": { "base": "default" },
			"wyvernwing5": { "base": "entities/land/wyvern/basic/wing5-{wyverntypes}" },
			"selectionbox": { "base": "default" },
			"skin": { "base": "entities/land/wyvern/basic/{wyverntypes}" },
			"seraphskin": { "base": "game:block/transparent" }
		}
	},

	"creativeinventory": {
		"general": [ "*" ],
		"items": [ "*" ],
		"creatures": [ "*" ],
		"mythiclegends": [ "*" ]
	},

	"guiTransformByType": {
		"*-adult": {
			"rotate": "true",
			"translation": {
				"x": 0,
				"y": 3,
				"z": 0
			},
			"rotation": {
				"x": 180,
				"y": -115,
				"z": 6
			},
			"origin": {
				"x": 0.75,
				"y": 0.75,
				"z": 0.5
			},
			"scale": 0.8
		}
	},
	"fpHandTransform": {
		"translation": {
			"x": 0.2,
			"y": 0,
			"z": 0
		},
		"rotation": {
			"x": -8,
			"y": -63,
			"z": -7
		}
	},
	"tpHandTransform": {
		"translation": {
			"x": -0.9,
			"y": -0.9,
			"z": -0.7
		},
		"rotation": {
			"x": -180,
			"y": 0,
			"z": -156
		},
		"scale": 0.4
	}
}
