{
  "code": "elementalcrystals",
  "classByType": {
    "*-rust-*": "BlockElementalCrystalRM",
    "*-fire-*": "BlockElementalCrystalLightRM",
    "*-water-*": "BlockElementalCrystalNeutralRM",
    "*-wind-*": "BlockElementalCrystalDarkRM",
    "*-earth-*": "BlockElementalCrystalNeutralRM",
    "*-lightning-*": "BlockElementalCrystalLightRM",
    "*-frost-*": "BlockElementalCrystalDarkRM",
    "*-nature-*": "BlockElementalCrystalLightRM",
    "*-arcane-*": "BlockElementalCrystalDarkRM"
  },
  "entityclassByType": {
    "*": "BlockEntityElementalCrystalRM"
  },
  "enabled": true,

  "storageFlags": 131073,

  "variantgroups": [
    {
      "code": "element",
      "states": [ "rust", "blood", "ghost" ],
      "loadFromProperties": "rustboundmagic:abstract/elements"
    },
    {
      "code": "variant",
      "states": [
        "small",
        //"medium",
        "large"
      ] //"cluster", "large"
    },
    {
      "code": "position",
      "states": [ "up", "down" ],
      "loadFromProperties": "game:abstract/horizontalorientation"
    }
  ],
  "skipVariants": [ "*-none-*", "*-blood-*", "*-ghost-*" ],

  "behaviors": [
    {
      "name": "OmniAttachable",
      "properties": { "facingCode": "position" }
    }
  ],
  "attributesByType": {
    "*": {
      "shelvable": true,
      "onshelfTransform": {
        "translation": {
          "x": -0,
          "y": -0.125,
          "z": 0
        },
        "scale": 0.75
      },
      "displaycaseable": true,
      "onDisplayTransform": {
        "translation": {
          "x": -0,
          "y": -0.125,
          "z": 0
        },
        "scale": 0.75
      },
      "handbookByType": {
        "*-rust-small-*": {
          "groupbyByType": {
            "*": [ "elementalcrystals-*-small-*" ]
          },
          "extraSections": [
            {
              "title": "game:Created by",
              "text": "rustboundmagic:handbook-smallrustcrystal-text"
            }
          ]
        },
        "*-small-*": {
          "groupbyByType": {
            "*": [ "elementalcrystals-*-small-*" ]
          },
          "extraSections": [
            {
              "title": "game:Created by",
              "text": "rustboundmagic:handbook-smallelementalcrystal-text"
            }
          ]
        },
        "*-rust-medium-*": {
          "groupbyByType": {
            "*": [ "elementalcrystals-*-medium-*" ]
          },
          "extraSections": [
            {
              "title": "game:Created by",
              "text": "rustboundmagic:handbook-mediumrustcrystal-text"
            }
          ]
        },
        "*-medium-*": {
          "groupbyByType": {
            "*": [ "elementalcrystals-*-medium-*" ]
          },
          "extraSections": [
            {
              "title": "game:Created by",
              "text": "rustboundmagic:handbook-mediumelementalcrystal-text"
            }
          ]
        },
        "*-rust-large-*": {
          "groupbyByType": {
            "*": [ "elementalcrystals-*-large-*" ]
          },
          "extraSections": [
            {
              "title": "game:Created by",
              "text": "rustboundmagic:handbook-largerustcrystal-text"
            }
          ]
        },
        "*-large-*": {
          "groupbyByType": {
            "*": [ "elementalcrystals-*-large-*" ]
          },
          "extraSections": [
            {
              "title": "game:Created by",
              "text": "rustboundmagic:handbook-largeelementalcrystal-text"
            }
          ]
        }
      }
    }
  },

  "shapeByType": {
    "*-up": {
      "base": "blocks/crystals/crystal-{variant}*"
    },
    "*-down": {
      "base": "blocks/crystals/crystal-{variant}*",
      "rotateX": 180
    },
    "*-north": {
      "base": "blocks/crystals/crystal-{variant}*",
      "rotateX": 90,
      "rotateZ": 180
    },
    "*-south": {
      "base": "blocks/crystals/crystal-{variant}*",
      "rotateX": 90,
      "rotateZ": 0
    },
    "*-east": {
      "base": "blocks/crystals/crystal-{variant}*",
      "rotateX": 90,
      "rotateZ": 270
    },
    "*-west": {
      "base": "blocks/crystals/crystal-{variant}*",
      "rotateX": 90,
      "rotateZ": 90
    }
  },
  "texturesByType": {
    "*-small-*": {
      "material-top": { "base": "blocks/resources/crystals/elementalcrystal-{element}" },
      "material": { "base": "blocks/resources/crystals/elementalcrystal-{element}" }
    },
    "*-medium-*": {
      "material-top": { "base": "blocks/resources/crystals/elementalcrystal-{element}" },
      "material": { "base": "blocks/resources/crystals/elementalcrystal-{element}" }
    },
    "*-large-*": {
      "material-top": { "base": "blocks/resources/crystals/elementalcrystal-{element}" },
      "material": { "base": "blocks/resources/crystals/elementalcrystal-{element}" }
    }
  },
  "creativeinventory": {
    "general": [ "*-small-up", "*-medium-up", "*-large-up" ],
    "terrain": [ "*-small-up", "*-medium-up", "*-large-up" ],
    "rustboundmagic": [ "*-small-up", "*-medium-up", "*-large-up" ]
  },

  "drawtype": "json",
  "replaceable": 3000,
  "resistance": 0.25,
  "lightAbsorption": 0,
  "materialDensity": 1200,
  "maxstacksize": 16,

  "sidesolid": { "all": false },
  "sideopaque": { "all": false },
  "sideao": { "all": false },

  "vertexFlags": {
    "zOffset": 2,
    "reflective": true
  },
  "sounds": {
    "walk": "game:walk/stone",
    "byTool": {
      "Pickaxe": {
        "hit": "game:block/rock-hit-pickaxe",
        "break": "game:block/rock-break-pickaxe"
      }
    }
  },

  "drops": [],

  "collisionSelectionBoxByType": {
    "*-up": {
      "x1": 0.125,
      "y1": 0,
      "z1": 0.125,
      "x2": 0.875,
      "y2": 0.5,
      "z2": 0.875
    },
    "*-down": {
      "x1": 0.125,
      "y1": 0,
      "z1": 0.125,
      "x2": 0.875,
      "y2": 0.5,
      "z2": 0.875,
      "rotateX": 180
    },
    "*-west": {
      "x1": 0.6,
      "y1": 0.125,
      "z1": 0.125,
      "x2": 1,
      "y2": 0.875,
      "z2": 0.875
    },
    "*-north": {
      "x1": 0.6,
      "y1": 0.125,
      "z1": 0.125,
      "x2": 1,
      "y2": 0.875,
      "z2": 0.875,
      "rotateY": 270
    },
    "*-east": {
      "x1": 0.6,
      "y1": 0.125,
      "z1": 0.125,
      "x2": 1,
      "y2": 0.875,
      "z2": 0.875,
      "rotateY": 180
    },
    "*-south": {
      "x1": 0.6,
      "y1": 0.125,
      "z1": 0.125,
      "x2": 1,
      "y2": 0.875,
      "z2": 0.875,
      "rotateY": 90
    }
  },
  "guiTransform": {
    "rotation": {
      "x": -46,
      "y": -89,
      "z": -44
    },
    "origin": {
      "x": 0.5,
      "y": 0.35,
      "z": 0.5
    },
    "scale": 1.44
  },
  "fpHandTransform": {
    "translation": {
      "x": 0,
      "y": 0,
      "z": 0.5
    },
    "origin": {
      "x": 0.5,
      "y": 0,
      "z": 0.5
    },
    "scale": 2.3
  },
  "groundTransform": {
    "translation": {
      "x": 0,
      "y": 0,
      "z": 0
    },
    "rotation": {
      "x": 0,
      "y": -45,
      "z": 0
    },
    "origin": {
      "x": 0.5,
      "y": 0,
      "z": 0.5
    },
    "scale": 2.7
  },
  "tpHandTransform": {
    "translation": {
      "x": -0.87,
      "y": 0,
      "z": -0.76
    },
    "rotation": {
      "x": 0,
      "y": -25,
      "z": -59
    },
    "origin": {
      "x": 0.5,
      "y": 0,
      "z": 0.5
    },
    "scale": 0.6
  }
}