{
  "code": "tamedwyvern",
  "class": "EntityMountableWyvernML",
  "tags": [ "animal", "huntable", "habitat-land", "tamed" ],
  "weightByType": {
    "*-adult": 450.0
  },
  "enabled": true,

  "variantgroups": [
    {
      "code": "type",
      "states": [ "ridgeback", "craghide", "finned", "basic", "feathered", "bone" ]
    },
    {
      "code": "wyverntypes",
      "loadFromProperties": "mythiclegends:abstract/wyverntypes"
    },
    {
      "code": "gender",
      "states": [ "male", "female" ]
    },
    {
      "code": "age",
      "states": [ "adult" ]
    }
  ],
  "skipVariants": [
    "*-basic-*",
    "*-craghide-*",
    "*-finned-*",
    "*-feathered-*",
    "*-bone-*"
  ],

  "attributesByType": {
    "*": {
      "physics": {
        "gravityFactor": 0.5,
        "airMovingStrength": 0.5,
        "groundDragFactor": 0.25,
        //"airDragFactor": 10.0,
        "airDragFallingFactor": 10.0
      },

      //"basketCatchable": false,
      //"deconstructible": false,
      "shouldSwivelFromMotion": false,
      "speedMultiplier": 1,
      "swimmingOffsetYByType": {
        "*": 0.45
      },
      "rightClickPickupByType": {
        "*": false
      },
      "mountAnimationsByType": {
        "*": {
          //"idle": "rideelk-idle sitboatidle",
          "idle": "ridewyvern-idle",
          "ready": "ridewyvern-idle",
          "forwards": "ridewyvern-idle",
          "backwards": "ridewyvern-idle"
        }
      },

      "tamed": true,

      "creatureDiet": {
        "foodCategories": [
          //"Grain",
          //"Fruit",
          "Vegetable",
          "Protein"
        ],
        "weightedFoodTags": [
          {
            "weight": 0.9,
            "code": "meat"
          },
          {
            "weight": 1,
            "code": "egg"
          }
        ],
        "skipFoodTags": [ "rice", "parsnip" ]
      },
      "handbook": {
        "groupcode": "creaturegroup-wyvern-ridgeback"
      },

      "minGenerationToAllowHealing": 0,

      "frostable": false,
      "killedByInfoText": "deadcreature-killed-wyvern",
      "glitchAffected": true,
      "glitchFlicker": true,
      "spawnDamageParticles": true
    }
  },

  "canClimb": false,
  "canClimbAnywhere": false,
  "climbTouchDistance": 0.1,
  "rotateModelOnClimb": false,
  "fallDamage": false,

  "eyeheightByType": {
    "*-male-adult": 1.1,
    "*-female-adult": 1.1
  },

  "hitboxSizeByType": {
    "*-male-adult": {
      "x": 1.5,
      "y": 1.8
    },
    "*-female-adult": {
      "x": 1.5,
      "y": 1.8
    }
  },
  "deadhitBoxSizeByType": {
    "*-male-*": {
      "x": 2.0,
      "y": 0.9
    },
    "*-female-*": {
      "x": 2.0,
      "y": 0.9
    }
  },

  "knockbackResistanceByType": {
    "*-male-*": 0.15,
    "*-female-*": 0.15
  },

  "fallDamageMultiplier": 0.5,

  //"fallDamageMultiplier": 0.5,
  //"drops": [],

  "behaviorConfigs": {
    "controlledphysics": {
      "stepHeight": 2.1251,
      "stepUpSpeed": 0.1
    },


    //"floatupwhenstuck": { "onlyWhenDead": true },



    //"passivephysicsmultibox": {
    //  "collisionBoxesByType": {
    //    "*": [
    //      {
    //        "x1": -0.5,
    //        "y1": 0,
    //        "z1": -0.5,
    //        "x2": 0.5,
    //        "y2": 1.0,
    //        "z2": 0.5
    //      },
    //      {
    //        "x1": -0.75,
    //        "y1": 1.0,
    //        "z1": 0,
    //        "x2": 0.75,
    //        "y2": 1.75,
    //        "z2": 1.5
    //      },
    //      {
    //        "x1": -0.75,
    //        "y1": 1.0,
    //        "z1": -1.5,
    //        "x2": 0.75,
    //        "y2": 1.75,
    //        "z2": 0
    //      } //,
    //
    //
    //
    //      //{
    //      //  "x1": -0.75,
    //      //  "y1": 2.5,
    //      //  "z1": 0,
    //      //  "x2": 0.75,
    //      //  "y2": 4.85,
    //      //  "z2": 1.5
    //      //},
    //      //{
    //      //  "x1": -0.75,
    //      //  "y1": 2.5,
    //      //  "z1": -1.5,
    //      //  "x2": 0.75,
    //      //  "y2": 4.85,
    //      //  "z2": 0
    //      //}
    //    ]
    //  },
    //  "groundDragFactor": 0.2,
    //  "airDragFactor": 10.0,
    //  "airDragFallingFactor": 0.5,
    //  "gravityFactor": 0.50
    //},

    "creaturecarrier": {
      "__comment": "Note: The FrontSeat selection box originally had that Y-Rotation of 180 degrees - it offseted the player somehow weirdly. Was not able to figure out why. Setting mountRotation works better.",
      "seatsByType": {
        "*": [
          {
            "apName": "Rider1AP",
            "controllable": true,
            "mountRotation": { "y": 0 },
            "mountOffset": {
              "x": 0.65,
              "y": -0.6,
              "z": 1.0
            },
            "bodyYawLimit": 0.25,
            "eyeHeight": 1.65,
            "eyeOffsetX": -0.5
          }//,
          //{
          //  "apName": "PillionAP",
          //  "controllable": false,
          //  "mountRotation": { "y": 0 },
          //  "mountOffset": {
          //    "x": 1.25,
          //    "y": -0.4,
          //    "z": 1.25
          //  },
          //  "withFpVariant": false,
          //  "bodyYawLimit": 0.25,
          //  "eyeHeight": 1.65
          //} 

          //{
          //  "apName": "BackSeatAP",
          //  //"selectionBox": "BackSeatAP",
          //  "controllable": false,
          //  "bodyYawLimit": null,
          //  "eyeHeight": 1,
          //  //"mountOffset": {
          //  //  "x": 0.2,
          //  //  "y": 0,
          //  //  "z": 0
          //  //},
          //  "reverse": true
          //}//,
          //{
          //  "apName": "TemporalAssemblyAP",
          //  //"selectionBox": "BackSeatAP",
          //  "controllable": false,
          //  "bodyYawLimit": null,
          //  "eyeHeight": 1,
          //  //"mountOffset": {
          //  //  "x": 0.2,
          //  //  "y": 0,
          //  //  "z": 0
          //  //},
          //  "reverse": true
          //}
        ]
      }
    },

    "rideableaccessories": {
      "wearableSlots": [
        {
          "code": "BridleAP",
          "forCategoryCodes": [ "wyvernbridle" ],
          "attachmentPointCode": "BridleAP"
        },
        {
          "code": "Rider1AP",
          "forCategoryCodes": [ "wyvernsaddle" ],
          "attachmentPointCode": "Rider1AP",
          //"stepParentTo": {
          //  "": { "elementName": "topback" }
          //},
          "emptyInteractPassThrough": true
        },
        //{
        //  "code": "Rider2AP",
        //  "forCategoryCodes": [ "saddle" ],
        //  "attachmentPointCode": "Rider2AP",
        //  //"stepParentTo": {
        //  //  "": { "elementName": "topback" }
        //  //},
        //  "emptyInteractPassThrough": true
        //},
        {
          "code": "BedrollAP",
          "forCategoryCodes": [ "bedroll", "pillion" ],
          "attachmentPointCode": "BedrollAP"
        },
        {
          "code": "StorageAP",
          "forCategoryCodes": [ "wyvernsidebags" ],
          "attachmentPointCode": "StorageAP"
        },
        {
          "code": "MedallionAP",
          "forCategoryCodes": [ "wyvernface" ],
          "attachmentPointCode": "MedallionAP"
        },
        {
          "code": "LanternAP",
          "forCategoryCodes": [ "lantern" ],
          "attachmentPointCode": "LanternAP"
        },
        {
          "code": "CookpotLeftAP",
          "forCategoryCodes": [ "utilities" ],
          "attachmentPointCode": "CookpotLeftAP"
        },
        {
          "code": "CookpotRightAP",
          "forCategoryCodes": [ "utilities" ],
          "attachmentPointCode": "CookpotRightAP"
        } //,
        //{
        //  "code": "PillionAP",
        //  "forCategoryCodes": [ "wyvernpillion" ],
        //  "attachmentPointCode": "PillionAP",
        //  "emptyInteractPassThrough": true
        //}
      ]
    },

    "selectionboxes": {
      "selectionBoxes": [
        "BridleAP",
        "Rider1AP",
        //"Rider2AP",
        "BedrollAP",
        "StorageAP",
        "MedallionAP",
        "LanternAP",
        "CookpotLeftAP",
        "CookpotRightAP" //,
        //"PillionAP"
      ]
    },

    "taskai": {
      "aitasks": [
        {
          "code": "cometoowner",
          "priority": 4,
          "animation": "trot",
          "animationSpeed": 1.35,
          //"movespeed": 0.019,
          "movespeed": 0.035,
          "__allowTeleport": true,
          "teleportMaxRange": 1000,
          "teleportAfterRange": 200,
          "teleportToRange": 25
        },
        {
          "code": "followleadholder",
          "priority": 1.45,
          "animation": "trot",
          "animationSpeed": 1.35,
          "movespeedByType": {
            "*-adult": 0.045,
            "*-baby": 0.035
          }
        },
        {
          "code": "AiTaskIdleML",
          "animation": "idleaction1",
          "priority": 1.38,
          "minduration": 200000,
          "maxduration": 800000,
          "mincooldown": 10000,
          "maxcooldown": 30000,
          "priorityForCancel": 1.38,
          "whenNotInEmotionState": "aggressiveondamage",
          "duringDayTimeFrames": [
            {
              "fromHour": 20,
              "toHour": 24
            },
            {
              "fromHour": 0,
              "toHour": 7
            }
          ],
          "stopOnNearbyEntityCodes": [ "player", "wolf-*", "hyena-*", "bear-*" ],
          "stopRange": 8,
          "stopOnHurt": true
        },
        {
          "code": "seekfoodandeat",
          "movespeedByType": {
            "*-adult": 0.0065
          },
          "priority": 1.25,
          "eatSound": "game:creature/animal-eat-small",
          "eatTime": 2.5,
          "eatLooseItems": true,
          "animationSpeedByType": {
            "*-adult": 1.35
          },
          "animation": "walk",
          "eatAnimation": "eat",
          "mincooldownHours": 1,
          "maxcooldownHours": 4
        },
        {
          "code": "wander",
          "animation": "walk",
          "priority": 1.0,
          "priorityForCancel": 1.35,
          "stopOnNearbyEntityCodes": [ "player", "wolf-*", "hyena-*", "bear-*" ],
          "movespeedByType": {
            "*-adult": 0.008,
            "*-baby": 0.0045
          },
          "animationSpeedByType": {
            "*-baby": 1.8,
            "*": 1.25
          },
          "preferredLightLevel": 12
        },
        {
          "code": "idle",
          "animation": "idle",
          "priority": 0.9,
          "minduration": 6000,
          "maxduration": 45000,
          "mincooldown": 6000,
          "maxcooldown": 120000,
          "priorityForCancel": 1.28,
          "stopOnNearbyEntityCodes": [ "player", "wolf-*", "hyena-*", "bear-*" ],
          "stopRange": 10,
          "stopOnHurt": true,
          "sound": "game:creature/hooved/generic/sniff*"
        }
      ]
    },

    "ownable": {
      "groupCode": "mountableanimal"
    }
  },

  "client": {
    "pitchStep": false,
    "sizeByType": {
      "*-male-adult": 1.0,
      "*-female-adult": 1.0
    },
    "renderer": "Shape",
    "shapeByType": {
      "*-male-*": {
        "base": "entities/land/wyvern/{type}/{type}-male-{age}" //,
        //"overlays": [ { "base": "entities/land/wyvern/{type}/{type}-male-{age}" } ]
      },
      "*-female-*": {
        "base": "entities/land/wyvern/{type}/{type}-female-{age}"
      }
    },
    "texturesByType": {
      "*-male-*": {
        "default": { "base": "default" },
        "wyvernskin1": { "base": "entities/land/wyvern/basic/{wyverntypes}" },
        "wyvernwing1": { "base": "entities/land/wyvern/basic/wing1-{wyverntypes}" },
        "wyvernwing2": { "base": "default" },
        "wyvernwing3": { "base": "entities/land/wyvern/basic/wing3-{wyverntypes}" },
        "wyvernwing4": { "base": "default" },
        "wyvernwing5": { "base": "entities/land/wyvern/basic/wing5-{wyverntypes}" },
        "selectionbox": { "base": "default" },
        "skin": { "base": "entities/land/wyvern/basic/{wyverntypes}" },
        "seraphskin": { "base": "game:block/transparent" } //,

        //"lantern-LanternAPrope": { "base": "game:block/locustnest/stalagmite/rope" },
        //"lantern-LanternAPcandle": { "base": "game:block/candle" }
      },
      "*-female-*": {
        "default": { "base": "default" },
        "wyvernskin1": { "base": "entities/land/wyvern/basic/{wyverntypes}" },
        "wyvernwing1": { "base": "entities/land/wyvern/basic/wing1-{wyverntypes}" },
        "wyvernwing2": { "base": "default" },
        "wyvernwing3": { "base": "entities/land/wyvern/basic/wing3-{wyverntypes}" },
        "wyvernwing4": { "base": "default" },
        "wyvernwing5": { "base": "entities/land/wyvern/basic/wing5-{wyverntypes}" },
        "selectionbox": { "base": "default" },
        "skin": { "base": "entities/land/wyvern/basic/{wyverntypes}" },
        "seraphskin": { "base": "game:block/transparent" } //,

        //"lantern-LanternAPrope": { "base": "game:block/locustnest/stalagmite/rope" },
        //"lantern-LanternAPcandle": { "base": "game:block/candle" }
      }
    },
    //"texture": {
    //  "base": "entities/land/wyvern/basic/{wyverntypes}" //,
    //  //"alternates": [
    //  //  { "base": "entities/land/wyvern/basic/wyvernskin2" },
    //  //  { "base": "entities/land/wyvern/basic/wyvernskin3" },
    //  //  { "base": "entities/land/wyvern/basic/wyvernskin4" },
    //  //  { "base": "entities/land/wyvern/basic/wyvernskin5" },
    //  //  { "base": "entities/land/wyvern/basic/wyvernskin6" },
    //  //  { "base": "entities/land/wyvern/basic/wyvernskin7" },
    //  //  { "base": "entities/land/wyvern/basic/wyvernskin8" },
    //  //  { "base": "entities/land/wyvern/basic/wyvernskin9" },
    //  //  { "base": "entities/land/wyvern/basic/wyvernskin10" },
    //  //  { "base": "entities/land/wyvern/basic/wyvernskin11" },
    //  //  { "base": "entities/land/wyvern/basic/wyvernskin12" },
    //  //  { "base": "entities/land/wyvern/basic/wyvernskin13" },
    //  //  { "base": "entities/land/wyvern/basic/wyvernskin14" },
    //  //  { "base": "entities/land/wyvern/basic/wyvernskin15" },
    //  //  { "base": "entities/land/wyvern/basic/wyvernskin16" },
    //  //  { "base": "entities/land/wyvern/basic/wyvernskin17" },
    //  //  { "base": "entities/land/wyvern/basic/wyvernskin18" },
    //  //  { "base": "entities/land/wyvern/basic/wyvernskin19" },
    //  //  { "base": "entities/land/wyvern/basic/wyvernskin20" },
    //  //  { "base": "entities/land/wyvern/basic/wyvernskin21" },
    //  //  { "base": "entities/land/wyvern/basic/wyvernskin22" },
    //  //  { "base": "entities/land/wyvern/basic/wyvernskin23" }
    //  //]
    //},
    "behaviors": [
      { "code": "entityownership" },
      {
        "code": "nametag",
        "showtagonlywhentargeted": true
      },
      {
        "code": "repulseagents",
        "movable": false
      },
      { "code": "controlledphysics" },
      //{ "code": "floatupwhenstuck" },
      //{ "code": "passivephysicsmultibox" },
      { "code": "interpolateposition" },
      {
        "code": "harvestable",
        "duration": 4
      },
      { "code": "selectionboxes" },
      { "code": "rideableaccessories" },
      { "code": "creaturecarrier" },
      //{ "code": "mortallywoundable" },
      { "code": "ownable" },
      {
        "code": "ropetieable",
        "minGeneration": 0
      },
      { "code": "health" },
      {
        "code": "EntityBehaviorMultiplyML",
        "enabledByType": {
          "*-male-*": false,
          "*-female-*": true
        }
      }
    ],
    "animations": [
      {
        "code": "idle",
        "animation": "idle",
        "blendMode": "AddAverage",
        //"weight": 0.1,
        "easeOutSpeed": 1 //,
        //"triggeredBy": { "defaultAnim": true }
      },
      {
        "code": "flyidle",
        "animation": "flyidle",
        "blendMode": "AddAverage",
        "animationSpeed": 1.5,
        //"weight": 0.1,
        "easeOutSpeed": 4 //,
        //"triggeredBy": { "defaultAnim": true }
      },
      {
        "code": "hurt",
        "animation": "hurt",
        "animationSpeed": 2.2,
        "weight": 10,
        "blendMode": "AddAverage"
      },
      {
        "code": "flyhurt",
        "animation": "flyhurt",
        "animationSpeed": 2.2,
        "weight": 10,
        "blendMode": "AddAverage"
      },
      {
        "code": "dead",
        "animation": "dead",
        "animationSpeed": 1.25,
        "weight": 10,
        "blendMode": "Average",
        "triggeredBy": { "onControls": [ "dead" ] }
      },



      {
        "code": "walk",
        "animation": "walk",
        "blendMode": "AddAverage",
        //"weight": 0.1,
        "easeOutSpeed": 4
      },
      {
        "code": "run",
        "animation": "run",
        "blendMode": "AddAverage",
        //"weight": 0.1,
        "easeOutSpeed": 4
      },
      {
        "code": "fly",
        "animation": "fly",
        "blendMode": "AddAverage",
        "animationSpeed": 2.0,
        //"weight": 0.1,
        "easeOutSpeed": 4
      },
      {
        "code": "speedfly",
        "animation": "speedfly",
        "blendMode": "AddAverage",
        //"weight": 0.1,
        "easeOutSpeed": 4
      },
      {
        "code": "swim",
        "animation": "swim",
        "blendMode": "AddAverage",
        "easeOutSpeed": 4
      },



      {
        "code": "attack",
        "animation": "Attack",
        "animationSpeed": 2.2,
        "weight": 10,
        "blendMode": "AddAverage"
      },

      {
        "code": "wounded-idle",
        "animation": "wounded-idle",
        "easeInSpeed": 3,
        "weight": 10,
        "blendMode": "Average"
      },
      {
        "code": "wounded-resthead",
        "animation": "wounded-resthead",
        "easeInSpeed": 3,
        "weight": 10,
        "blendMode": "Average"
      },
      {
        "code": "wounded-trystand",
        "animation": "wounded-trystand",
        "weight": 100,
        "easeInSpeed": 3,
        "blendMode": "Average"
      },
      {
        "code": "wounded-look",
        "animation": "wounded-look",
        "weight": 100,
        "easeInSpeed": 3,
        "blendMode": "Average"
      },
      {
        "code": "wounded-stand",
        "animation": "wounded-stand",
        "weight": 10,
        "blendMode": "Average"
      },



      {
        "__comment-animations": "Sleep.",
        "code": "idleaction1",
        "animation": "idleaction1",
        "easeInSpeed": 4,
        "easeOutSpeed": 4,
        "blendMode": "Add"
      },
      {
        "__comment-animations": "Idle wing flap.",
        "code": "idleaction2",
        "animation": "idleaction2",
        "easeInSpeed": 4,
        "easeOutSpeed": 4,
        "blendMode": "Average"
      },
      {
        "__comment-animations": "Idle wing flap with roar.",
        "code": "idleaction3",
        "animation": "idleaction3",
        "easeInSpeed": 4,
        "easeOutSpeed": 4,
        "blendMode": "Average"
      },



      {
        "code": "turnleft",
        "animation": "turnleft",
        "blendMode": "Add",
        "easeOutSpeed": 4
      },
      {
        "code": "turnright",
        "animation": "turnright",
        "blendMode": "Add",
        "easeOutSpeed": 4
      },
      {
        "code": "walkback",
        "animation": "walkback",
        "blendMode": "Average",
        "animationSpeed": 3.0,
        "easeOutSpeed": 4
      },
      {
        "code": "trot",
        "animation": "trot",
        "blendMode": "Add",
        "animationSpeed": 1.5,
        "easeOutSpeed": 4
      },
      {
        "code": "glide",
        "animation": "glide",
        "blendMode": "AddAverage",
        "easeOutSpeed": 4
      },



      {
        "code": "trytoland",
        "animation": "trytoland",
        "blendMode": "AddAverage",
        "easeOutSpeed": 4
      }
    ]
  },
  "server": {
    "attributes": {
      "pathfinder": {
        "minTurnAnglePerSec": 90,
        "maxTurnAnglePerSec": 180
      }
    },
    "behaviors": [
      { "code": "entityownership" },
      {
        "code": "nametag",
        "showtagonlywhentargeted": true
      },
      {
        "code": "repulseagents",
        "movable": false
      },
      { "code": "controlledphysics" },
      //{ "code": "floatupwhenstuck" },
      //{ "code": "passivephysicsmultibox" },
      { "code": "selectionboxes" },
      { "code": "rideableaccessories" },
      { "code": "creaturecarrier" },
      {
        "code": "deaddecay",
        "hourstoDecay": 6,
        "decayedBlock": "game:carcass-large"
      },
      {
        "code": "health",
        "currenthealthByType": {
          "*": 30
        },
        "maxhealthByType": {
          "*": 30
        }
      },
      {
        "code": "breathe"
      },
      { "code": "ownable" },
      {
        "code": "ropetieable",
        "minGeneration": 0
      },
      //{
      //  "code": "mortallywoundable",
      //  "whenBelowHealth": 6
      //},
      {
        "code": "harvestable",
        "duration": 4,
        "drops": [
          {
            "type": "item",
            "code": "game:bushmeat-raw",
            "quantity": {
              "avg": 6,
              "var": 1
            }
          },
          {
            "type": "item",
            "code": "game:hide-raw-medium",
            "quantity": {
              "avg": 2,
              "var": 1
            }
          },
          {
            "type": "item",
            "code": "game:fat",
            "quantity": {
              "avg": 0.75,
              "var": 0
            }
          },
          {
            "type": "item",
            "code": "mythiclegends:wyvernscales",
            "quantity": {
              "avg": 0.5,
              "var": 1
            }
          },
          {
            "type": "item",
            "code": "mythiclegends:wyvernfang",
            "quantity": {
              "avg": 0.5,
              "var": 1
            }
          }
        ]
      },
      { "code": "taskai" },
      { "code": "entitystatetags" },
      {
        "code": "EntityBehaviorMultiplyML",
        "enabledByType": {
          "*-male-*": false,
          "*-female-*": true
        },
        "quantityPerDay": 0,
        "spawnEntityCodes": [
          { "code": "mythiclegends:wyvern-{type}-{wyverntypes}-male-baby" },
          { "code": "mythiclegends:wyvern-{type}-{wyverntypes}-female-baby" }
        ],
        "growthCapQuantity": 10,
        "growthCapRange": 15,
        "growthCapEntityCodes": [
          "mythiclegends:semitamedwyvern-{type}-{wyverntypes}-male-adult",
          "mythiclegends:semitamedwyvern-{type}-{wyverntypes}-female-adult",
          "mythiclegends:semitamedwyvern-{type}-{wyverntypes}-male-baby",
          "mythiclegends:semitamedwyvern-{type}-{wyverntypes}-female-baby"
        ],
        "requiresNearbyEntityCode": "mythiclegends:*wyvern-{type}-*-male-adult",
        "requiresNearbyEntityRange": 10
      }
    ]
  },
  "sounds": {
    "hurt": "entities/wyvern/wyvernhiss",
    "death": "entities/wyvern/wyvernhurt",
    "idle": "entities/wyvern/wyvernidle"
  },
  "idleSoundChance": 0.015,
  "idleSoundRange": 10,
  "hurtSoundChance": 0.25
}
