{
  "code": "wyvern",
  "class": "EntityWyvernML",
  "tags": [
    "animal",
    "huntable",
    "adult",
    "predator",
    "ferocious",
    "habitat-land"
  ],
  "weightByType": {
    "*-adult": 450.0
  },
  "enabled": true,
  "variantgroups": [
    {
      "code": "type",
      "states": [
        "basic",
        "spikey",
        "finned",
        "feathered",
        "bone",
        "ridgeback"
      ]
    },
    {
      "code": "wyverntypes",
      "loadFromProperties": "mythiclegends:abstract/wyverntypes"
    },
    {
      "code": "gender",
      "states": [
        "male",
        "female"
      ]
    },
    {
      "code": "age",
      "states": [
        "adult"
      ]
    }
  ],
  "skipVariants": [
    "*-basic-*",
    "*-spikey-*",
    "*-finned-*",
    "*-feathered-*",
    "*-bone-*"
  ],
  "attributesByType": {
    "*": {
      "handbookByType": {
        "*": {
          "groupcode": "creaturegroup-wyvern-{type}"
        }
      },
      "creatureDiet": {
        "foodCategories": [
          "Vegetable",
          "Protein"
        ],
        "weightedFoodTags": [
          {
            "weight": 0.9,
            "code": "meat"
          },
          {
            "weight": 1,
            "code": "egg"
          }
        ],
        "skipFoodTags": [
          "rice",
          "parsnip"
        ]
      },
      "frostable": false,
      "killedByInfoText": "deadcreature-killed-wyvern",
      "glitchAffected": true,
      "glitchFlicker": true,
      "spawnDamageParticles": true
    }
  },
  "canClimb": false,
  "canClimbAnywhere": false,
  "climbTouchDistance": 0.1,
  "rotateModelOnClimb": false,
  "fallDamage": false,
  "eyeheight": 1.1,
  "hitboxSizeByType": {
    "*-male-*": {
      "x": 2.0,
      "y": 1.8
    },
    "*-female-*": {
      "x": 2.0,
      "y": 1.8
    }
  },
  "deadHitboxSizeByType": {
    "*-male-*": {
      "x": 2.0,
      "y": 1.0
    },
    "*-female-*": {
      "x": 2.0,
      "y": 1.0
    }
  },
  "knockbackResistanceByType": {
    "*-male-*": 0.15,
    "*-female-*": 0.15
  },
  "drops": [],
  "behaviorConfigs": {
    "controlledphysics": {
      "stepHeightByType": {
        "*": 2.1251
      }
    },
    "floatupwhenstuck": {
      "onlyWhenDead": true
    },
    "despawn": {
      "minPlayerDistance": 16,
      "belowLightLevel": 8,
      "minSeconds": 300
    }
  },
  "client": {
    "pitchStep": false,
    "sizeByType": {
      "*-male-*": 1.0,
      "*-female-*": 1.0
    },
    "renderer": "Shape",
    "shapeByType": {
      "*-male-*": {
        "base": "entities/land/wyvern/{type}/{type}-male-{age}"
      },
      "*-female-*": {
        "base": "entities/land/wyvern/{type}/{type}-female-{age}"
      }
    },
    "texturesByType": {
      "*-male-*": {
        "default": {
          "base": "default"
        },
        "wyvernskin1": {
          "base": "entities/land/wyvern/basic/{wyverntypes}"
        },
        "wyvernwing1": {
          "base": "entities/land/wyvern/basic/wing1-{wyverntypes}"
        },
        "wyvernwing2": {
          "base": "default"
        },
        "wyvernwing3": {
          "base": "entities/land/wyvern/basic/wing3-{wyverntypes}"
        },
        "wyvernwing4": {
          "base": "default"
        },
        "wyvernwing5": {
          "base": "entities/land/wyvern/basic/wing5-{wyverntypes}"
        },
        "selectionbox": {
          "base": "default"
        },
        "skin": {
          "base": "entities/land/wyvern/basic/{wyverntypes}"
        },
        "seraphskin": {
          "base": "game:block/transparent"
        }
      },
      "*-female-*": {
        "default": {
          "base": "default"
        },
        "wyvernskin1": {
          "base": "entities/land/wyvern/basic/{wyverntypes}"
        },
        "wyvernwing1": {
          "base": "entities/land/wyvern/basic/wing1-{wyverntypes}"
        },
        "wyvernwing2": {
          "base": "default"
        },
        "wyvernwing3": {
          "base": "entities/land/wyvern/basic/wing3-{wyverntypes}"
        },
        "wyvernwing4": {
          "base": "default"
        },
        "wyvernwing5": {
          "base": "entities/land/wyvern/basic/wing5-{wyverntypes}"
        },
        "selectionbox": {
          "base": "default"
        },
        "skin": {
          "base": "entities/land/wyvern/basic/{wyverntypes}"
        },
        "seraphskin": {
          "base": "game:block/transparent"
        }
      }
    },
    "behaviors": [
      {
        "code": "repulseagents",
        "movable": false
      },
      {
        "code": "controlledphysics"
      },
      {
        "code": "floatupwhenstuck"
      },
      {
        "code": "interpolateposition"
      },
      {
        "code": "harvestable",
        "duration": 4
      },
      {
        "code": "ropetieable",
        "minGeneration": 2
      },
      {
        "code": "despawn"
      },
      {
        "code": "health"
      },
      {
        "code": "EntityBehaviorMultiplyML",
        "enabledByType": {
          "*-male-*": false,
          "*-female-*": true
        }
      }
    ],
    "animations": [
      {
        "code": "idle",
        "animation": "idle",
        "blendMode": "AddAverage",
        "easeOutSpeed": 1
      },
      {
        "code": "flyidle",
        "animation": "flyidle",
        "blendMode": "AddAverage",
        "easeOutSpeed": 4
      },
      {
        "code": "hurt",
        "animation": "hurt",
        "animationSpeed": 2.2,
        "weight": 10,
        "blendMode": "AddAverage"
      },
      {
        "code": "flyhurt",
        "animation": "flyhurt",
        "animationSpeed": 2.2,
        "weight": 10,
        "blendMode": "AddAverage"
      },
      {
        "code": "dead",
        "animation": "dead",
        "animationSpeed": 1.25,
        "weight": 10,
        "blendMode": "Average",
        "triggeredBy": {
          "onControls": [
            "dead"
          ]
        }
      },
      {
        "code": "walk",
        "animation": "walk",
        "blendMode": "AddAverage",
        "easeOutSpeed": 4
      },
      {
        "code": "run",
        "animation": "run",
        "blendMode": "AddAverage",
        "easeOutSpeed": 4
      },
      {
        "code": "fly",
        "animation": "fly",
        "blendMode": "AddAverage",
        "easeOutSpeed": 4
      },
      {
        "code": "speedfly",
        "animation": "speedfly",
        "blendMode": "AddAverage",
        "easeOutSpeed": 4
      },
      {
        "__comment-animations": "Sleep.",
        "code": "idleaction1",
        "animation": "idleaction1",
        "easeInSpeed": 4,
        "easeOutSpeed": 4,
        "blendMode": "Average"
      },
      {
        "__comment-animations": "Idle wing flap.",
        "code": "idleaction2",
        "animation": "idleaction2",
        "easeInSpeed": 4,
        "easeOutSpeed": 4,
        "blendMode": "Average"
      },
      {
        "__comment-animations": "Idle wing flap with roar.",
        "code": "idleaction3",
        "animation": "idleaction3",
        "easeInSpeed": 4,
        "easeOutSpeed": 4,
        "blendMode": "Average"
      },
      {
        "code": "trytoland",
        "animation": "trytoland",
        "blendMode": "Average",
        "easeOutSpeed": 4
      }
    ]
  },
  "server": {
    "attributes": {
      "pathfinder": {
        "minTurnAnglePerSec": 720,
        "maxTurnAnglePerSec": 1440
      }
    },
    "behaviors": [
      {
        "code": "repulseagents",
        "movable": false
      },
      {
        "code": "controlledphysics"
      },
      {
        "code": "floatupwhenstuck"
      },
      {
        "code": "despawn"
      },
      {
        "code": "health",
        "currenthealthByType": {
          "*": 30
        },
        "maxhealthByType": {
          "*": 30
        }
      },
      {
        "code": "deaddecay",
        "hourstoDecay": 6,
        "decayedBlock": "game:carcass-large"
      },
      {
        "code": "breathe"
      },
      {
        "code": "harvestable",
        "duration": 4,
        "drops": [
          {
            "type": "item",
            "code": "game:bushmeat-raw",
            "quantity": {
              "avg": 6,
              "var": 1
            }
          },
          {
            "type": "item",
            "code": "game:hide-raw-medium",
            "quantity": {
              "avg": 2,
              "var": 1
            }
          },
          {
            "type": "item",
            "code": "game:fat",
            "quantity": {
              "avg": 0.75,
              "var": 0
            }
          },
          {
            "type": "item",
            "code": "mythiclegends:wyvernscales",
            "quantity": {
              "avg": 0.5,
              "var": 1
            }
          },
          {
            "type": "item",
            "code": "mythiclegends:wyvernfang",
            "quantity": {
              "avg": 0.5,
              "var": 1
            }
          }
        ]
      },
      {
        "code": "ropetieable",
        "minGeneration": 2
      },
      {
        "code": "entitystatetags"
      },
      {
        "code": "EntityBehaviorMultiplyML",
        "enabledByType": {
          "*-male-*": false,
          "*-female-*": true
        },
        "quantityPerDay": 0,
        "spawnEntityCodes": [
          {
            "code": "mythiclegends:wyvern-{type}-{wyverntypes}-male-baby"
          },
          {
            "code": "mythiclegends:wyvern-{type}-{wyverntypes}-female-baby"
          }
        ],
        "growthCapQuantity": 10,
        "growthCapRange": 15,
        "growthCapEntityCodes": [
          "mythiclegends:wyvern-{type}-{wyverntypes}-male-adult",
          "mythiclegends:wyvern-{type}-{wyverntypes}-female-adult",
          "mythiclegends:wyvern-{type}-{wyverntypes}-male-baby",
          "mythiclegends:wyvern-{type}-{wyverntypes}-female-baby"
        ],
        "requiresNearbyEntityCode": "mythiclegends:wyvern-{type}-{wyverntypes}-female-adult",
        "requiresNearbyEntityRange": 10
      },
      {
        "code": "emotionstates",
        "states": [
          {
            "code": "fleeondamage",
            "duration": 60,
            "chance": 0.75,
            "slot": 2,
            "priority": 5,
            "accumType": "max",
            "whenHealthRelBelow": 0.3
          },
          {
            "code": "saturated",
            "duration": 1200,
            "chance": 1,
            "slot": 0,
            "priority": 1,
            "accumType": "sum",
            "belowTempDuration": 600,
            "belowTempThreshold": -5
          },
          {
            "code": "aggressiveondamage",
            "duration": 30,
            "chance": 1,
            "slot": 2,
            "priority": 2,
            "accumType": "noaccum"
          },
          {
            "code": "alarmherdondamage",
            "chance": 1,
            "slot": 1,
            "priority": 1,
            "accumType": "max"
          }
        ]
      },
      {
        "code": "taskai",
        "aiCreatureType": "LandCreature",
        "aitasks": [
          {
            "code": "AiTaskMeleeAttackTargetingEntityML",
            "entityCodes": [
              "deer-*",
              "gazelle-*",
              "sheep-bighorn-baby-*",
              "goat-*",
              "player"
            ],
            "priority": 2.1,
            "damage": 0.8,
            "damageTier": 2,
            "damageType": "SlashingAttack",
            "slot": 1,
            "minDist": 3,
            "mincooldown": 500,
            "maxcooldown": 1500,
            "attackDurationMs": 1200,
            "damagePlayerAtMs": 900,
            "animation": "attack",
            "animationSpeed": 1.5,
            "sound": "entities/wyvern/wyvernbite"
          },
          {
            "code": "AiTaskMeleeAttackTargetingEntityML",
            "entityCodes": [
              "player"
            ],
            "priority": 2,
            "damage": 0.8,
            "damageTier": 2,
            "damageType": "SlashingAttack",
            "slot": 1,
            "minDist": 3,
            "mincooldown": 30000,
            "maxcooldown": 35000,
            "attackDurationMs": 800,
            "damagePlayerAtMs": 500,
            "animation": "attack",
            "animationSpeed": 1.5,
            "sound": "entities/wyvern/wyvernbite"
          },
          {
            "code": "AiTaskMeleeAttackTargetingEntityML",
            "entityCodes": [
              "chicken-*",
              "hare-*",
              "pig-eurasian-baby-*",
              "raccoon-*"
            ],
            "priority": 2,
            "damage": 0.8,
            "damageTier": 2,
            "damageType": "SlashingAttack",
            "slot": 1,
            "minDist": 3,
            "mincooldown": 1500,
            "maxcooldown": 1500,
            "attackDurationMs": 800,
            "damagePlayerAtMs": 500,
            "retaliateAttacks": false,
            "animation": "attack",
            "animationSpeed": 1.5,
            "sound": "entities/wyvern/wyvernbite"
          },
          {
            "code": "fleeentity",
            "entityCodes": [
              "player"
            ],
            "priority": 1.6,
            "movespeed": 0.052,
            "seekingRange": 20,
            "animation": "run",
            "animationSpeed": 2,
            "whenInEmotionState": "fleeondamage"
          },
          {
            "__comment-aitasks": "Ground: On hit Aggro 1",
            "code": "AiTaskSeekEntityML",
            "entityCodes": [
              "player"
            ],
            "priority": 1.51,
            "movespeed": 0.045,
            "seekingRange": 11,
            "belowTempSeekingRange": 25,
            "belowTempThreshold": -5,
            "animation": "run",
            "leapAtTarget": true,
            "leapAnimation": null,
            "animationSpeed": 2,
            "leapChance": 0.01,
            "sound": "entities/wyvern/wyverngrowl",
            "whenNotInEmotionState": "saturated"
          },
          {
            "__comment-aitasks": "Ground: On hit Aggro 2",
            "code": "AiTaskSeekEntityML",
            "entityCodes": [
              "player",
              "chicken-*",
              "gazelle-*",
              "goat-*",
              "sheep-bighorn-baby-*",
              "pig-eurasian-baby-*",
              "hare-*",
              "deer-*",
              "raccoon-*"
            ],
            "priority": 1.5,
            "movespeed": 0.045,
            "seekingRange": 15,
            "belowTempSeekingRange": 25,
            "belowTempThreshold": -5,
            "animation": "trot",
            "leapAtTarget": true,
            "leapAnimation": null,
            "animationSpeed": 1.5,
            "leapChance": 0.01,
            "sound": "entities/wyvern/wyverngrowl",
            "whenNotInEmotionState": "saturated"
          },
          {
            "__comment-aitasks": "Ground: On hit Aggro 3",
            "code": "AiTaskSeekEntityML",
            "entityCodes": [
              "player"
            ],
            "priority": 1.49,
            "movespeed": 0.045,
            "seekingRange": 15,
            "animation": "run",
            "leapAtTarget": true,
            "leapAnimation": null,
            "animationSpeed": 2,
            "leapChance": 0.01,
            "sound": "entities/wyvern/wyverngrowl",
            "whenInEmotionState": "aggressiveondamage"
          },
          {
            "__comment-aitasks": "Flying: On hit Aggro 1",
            "code": "AiTaskSeekEntityWhileFlyingML",
            "priority": 1.48,
            "entityCodes": [
              "player"
            ],
            "movespeed": 0.04,
            "seekingRange": 30,
            "maxFollowTime": 15,
            "mustDirectlySeeTarget": true,
            "animation": "fly",
            "animationSpeed": 5,
            "WhenInEmotionState": "aggressiveondamage"
          },
          {
            "__comment-aitasks": "Flying: Aggro 1",
            "code": "AiTaskSeekEntityWhileFlyingML",
            "priority": 1.47,
            "entityCodes": [
              "player"
            ],
            "movespeed": 0.04,
            "seekingRange": 30,
            "maxFollowTime": 15,
            "mustDirectlySeeTarget": true,
            "animation": "fly",
            "animationSpeed": 5
          },
          {
            "__comment-aitasks": "Flying: Aggro 2",
            "code": "AiTaskSeekEntityWhileFlyingML",
            "priority": 1.46,
            "entityCodes": [
              "player"
            ],
            "movespeed": 0.04,
            "seekingRange": 20,
            "maxFollowTime": 15,
            "mustDirectlySeeTarget": true,
            "animation": "fly",
            "animationSpeed": 5
          },
          {
            "code": "followleadholder",
            "minGeneration": 2,
            "priority": 1.47,
            "animation": "walk",
            "animationSpeed": 1,
            "movespeed": 0.015
          },
          {
            "code": "getoutofwater",
            "priority": 1.4,
            "movespeed": 0.015,
            "animation": "swim",
            "animationSpeed": 1
          },
          {
            "__comment-aitasks": "Sleep",
            "code": "AiTaskIdleML",
            "priority": 1.35,
            "priorityForCancel": 1.55,
            "minduration": 200000,
            "maxduration": 800000,
            "mincooldown": 10000,
            "maxcooldown": 30000,
            "animation": "idleaction1",
            "whenNotInEmotionState": "aggressiveondamage",
            "duringDayTimeFrames": [
              {
                "fromHour": 18,
                "toHour": 24
              },
              {
                "fromHour": 1,
                "toHour": 7
              }
            ],
            "stopOnNearbyEntityCodes": [
              "player"
            ],
            "stopRange": 10,
            "stopOnHurt": true
          },
          {
            "__comment-aitasks": "Idle: Wing flap.",
            "code": "AiTaskIdleML",
            "priority": 1.34,
            "minduration": 3000,
            "maxduration": 3000,
            "mincooldown": 15000,
            "maxcooldown": 60000,
            "priorityForCancel": 1.34,
            "animation": "idleaction2",
            "targetanimation": "idleaction2",
            "stopOnNearbyEntityCodes": [
              "player"
            ],
            "stopRange": 10,
            "stopOnHurt": true
          },
          {
            "__comment-aitasks": "Idle: Wing flap with roar.",
            "code": "AiTaskIdleML",
            "priority": 1.32,
            "minduration": 6500,
            "maxduration": 6500,
            "mincooldown": 30000,
            "maxcooldown": 120000,
            "priorityForCancel": 1.32,
            "animation": "idleaction3",
            "sound": "entities/wyvern/wyvernbellow",
            "stopOnNearbyEntityCodes": [
              "player"
            ],
            "stopRange": 10,
            "stopOnHurt": true
          },
          {
            "code": "AiTaskWanderML",
            "priority": 1.0,
            "priorityForCancel": 1.35,
            "movespeed": 0.012,
            "animation": "walk",
            "animationSpeed": 1.25,
            "preferredLightLevel": 12
          },
          {
            "code": "AiTaskLookAroundML",
            "priority": 0.5
          }
        ]
      }
    ],
    "spawnconditionsByType": {
      "*-male-*": {
        "worldgen": {
          "TriesPerChunk": {
            "avg": 0.0005,
            "var": 0.00025
          },
          "tryOnlySurface": true,
          "minLightLevel": 10,
          "groupSize": {
            "dist": "narrowgaussian",
            "avg": 2,
            "var": 1
          },
          "insideBlockCodes": [
            "game:air",
            "game:tallgrass-*"
          ],
          "minTemp": -15,
          "maxTemp": 25,
          "minRain": 0.25,
          "minForest": 0.15,
          "companions": [
            "mythiclegends:wyvern-{type}-{wyverntypes}-female-adult",
            "mythiclegends:wyvern-{type}-{wyverntypes}-male-baby",
            "mythiclegends:wyvern-{type}-{wyverntypes}-female-baby"
          ]
        },
        "runtime": {
          "group": "neutral",
          "tryOnlySurface": true,
          "chance": 2.0000000000000003e-06,
          "maxQuantity": 1,
          "maxLightLevel": 7,
          "lightLevelType": "onlyBlockLight",
          "groupSize": {
            "dist": "narrowgaussian",
            "avg": 2,
            "var": 1
          },
          "insideBlockCodes": [
            "game:air",
            "game:tallgrass-*"
          ],
          "minTemp": -5,
          "maxTemp": 25,
          "minRain": 0.15,
          "minForest": 0.15,
          "companions": [
            "mythiclegends:wyvern-{type}-{wyverntypes}-female-adult",
            "mythiclegends:wyvern-{type}-{wyverntypes}-male-baby",
            "mythiclegends:wyvern-{type}-{wyverntypes}-female-baby"
          ]
        }
      }
    }
  },
  "sounds": {
    "hurt": "entities/wyvern/wyvernhiss",
    "death": "entities/wyvern/wyvernhurt",
    "idle": "entities/wyvern/wyvernidle"
  },
  "idleSoundChance": 0.015,
  "idleSoundRange": 10,
  "hurtSoundChance": 0.25
}
