{
  "code": "wyvern",
  "class": "EntityWyvernML",
  "tags": [ "animal", "huntable", "habitat-land" ],
  "weightByType": {
    "*-baby": 50.0
  },
  "enabled": true,

  "variantgroups": [
    {
      "code": "type",
      "states": [ "basic", "spikey", "finned", "feathered", "bone", "ridgeback" ]
    },
    {
      "code": "wyverntypes",
      "loadFromProperties": "mythiclegends:abstract/wyverntypes"
    },
    {
      "code": "gender",
      "states": [ "male", "female" ]
    },
    {
      "code": "age",
      "states": [ "baby" ]
    }
  ],
  "skipVariants": [
    "*-basic-*",
    "*-spikey-*",
    "*-finned-*",
    "*-feathered-*",
    "*-bone-*"
  ],

  "attributesByType": {
    "*": {
      "handbookByType": {
        "*": {
          "groupcode": "creaturegroup-wyvern-{type}"
        }
      },
      "creatureDiet": {
        "foodCategories": [
          //"Grain",
          //"Fruit",
          "Vegetable",
          "Protein"
        ],
        "weightedFoodTags": [
          {
            "weight": 0.9,
            "code": "meat"
          },
          {
            "weight": 1,
            "code": "egg"
          }
        ],
        "skipFoodTags": [ "rice", "parsnip" ]
      },
      "trappableByType": {
        "*": {
          "large": {
            "trapChance": 0.4,
            "trapDestroyChance": 0.2
          }
        }
      },

      "frostable": false,
      "killedByInfoText": "deadcreature-killed-wyvern",
      "glitchAffected": true,
      "glitchFlicker": true,
      "spawnDamageParticles": true
    }
  },

  "canClimb": false,
  "canClimbAnywhere": false,
  "climbTouchDistance": 0.1,
  "rotateModelOnClimb": false,
  "fallDamage": false,

  "eyeheight": 0.6,

  "hitboxSizeByType": {
    "*-male-*": {
      "x": 1,
      "y": 1
    },
    "*-female-*": {
      "x": 1,
      "y": 1
    }
  },
  "deadHitboxSizeByType": {
    "*-male-*": {
      "x": 1,
      "y": 1
    },
    "*-female-*": {
      "x": 1,
      "y": 1
    }
  },

  "knockbackResistanceByType": {
    "*-male-*": 0.15,
    "*-female-*": 0.15
  },

  "behaviorConfigs": {
    "controlledphysics": {
      "stepHeightByType": {
        "*": 1.1251
      }
    },
    "floatupwhenstuck": { "onlyWhenDead": true },
    "despawn": {
      "minPlayerDistance": 16,
      "belowLightLevel": 8,
      "minSeconds": 300
    }
  },

  "client": {
    "pitchStep": false,
    "sizeByType": {
      "*-male-*": 1.0,
      "*-female-*": 1.0
    },
    "sizeGrowthFactorByType": {
      "*": 0.4
    },
    "renderer": "Shape",
    "shapeByType": {
      "*-male-*": {
        "base": "entities/land/wyvern/{type}/{type}-male-{age}"
      },
      "*-female-*": {
        "base": "entities/land/wyvern/{type}/{type}-female-{age}"
      }
    },
    "texturesByType": {
      "*-male-*": {
        "default": { "base": "default" },
        "wyvernskin8": { "base": "entities/land/wyvern/basic/{wyverntypes}" },
        "wyvernskin9": { "base": "entities/land/wyvern/basic/{wyverntypes}" },
        "wyvernskin1": { "base": "entities/land/wyvern/basic/{wyverntypes}" },
        "selectionbox": { "base": "default" },
        "skin": { "base": "entities/land/wyvern/basic/{wyverntypes}" },
        "seraphskin": { "base": "game:block/transparent" }
      },
      "*-female-*": {
        "default": { "base": "default" },
        "wyvernskin8": { "base": "entities/land/wyvern/basic/{wyverntypes}" },
        "wyvernskin9": { "base": "entities/land/wyvern/basic/{wyverntypes}" },
        "wyvernskin1": { "base": "entities/land/wyvern/basic/{wyverntypes}" },
        "selectionbox": { "base": "default" },
        "skin": { "base": "entities/land/wyvern/basic/{wyverntypes}" },
        "seraphskin": { "base": "game:block/transparent" }
      }
    },
    //"texture": {
    //  "base": "entities/land/wyvern/basic/{wyverntypes}" //,
    //  //"alternates": [
    //  //  { "base": "entities/land/wyvern/basic/wyvernskin2" },
    //  //  { "base": "entities/land/wyvern/basic/wyvernskin3" },
    //  //  { "base": "entities/land/wyvern/basic/wyvernskin4" },
    //  //  { "base": "entities/land/wyvern/basic/wyvernskin5" },
    //  //  { "base": "entities/land/wyvern/basic/wyvernskin6" },
    //  //  { "base": "entities/land/wyvern/basic/wyvernskin7" },
    //  //  { "base": "entities/land/wyvern/basic/wyvernskin8" },
    //  //  { "base": "entities/land/wyvern/basic/wyvernskin9" },
    //  //  { "base": "entities/land/wyvern/basic/wyvernskin10" },
    //  //  { "base": "entities/land/wyvern/basic/wyvernskin11" },
    //  //  { "base": "entities/land/wyvern/basic/wyvernskin12" },
    //  //  { "base": "entities/land/wyvern/basic/wyvernskin13" },
    //  //  { "base": "entities/land/wyvern/basic/wyvernskin14" },
    //  //  { "base": "entities/land/wyvern/basic/wyvernskin15" },
    //  //  { "base": "entities/land/wyvern/basic/wyvernskin16" },
    //  //  { "base": "entities/land/wyvern/basic/wyvernskin17" },
    //  //  { "base": "entities/land/wyvern/basic/wyvernskin18" },
    //  //  { "base": "entities/land/wyvern/basic/wyvernskin19" },
    //  //  { "base": "entities/land/wyvern/basic/wyvernskin20" },
    //  //  { "base": "entities/land/wyvern/basic/wyvernskin21" },
    //  //  { "base": "entities/land/wyvern/basic/wyvernskin22" },
    //  //  { "base": "entities/land/wyvern/basic/wyvernskin23" }
    //  //]
    //},
    "behaviors": [
      {
        "code": "repulseagents"
      },
      {
        "code": "controlledphysics"
      },
      {
        "code": "floatupwhenstuck"
      },
      {
        "code": "interpolateposition"
      },
      {
        "code": "harvestable",
        "duration": 4
      },
      {
        "code": "ropetieable",
        "minGeneration": 2
      },
      {
        "code": "pettable",
        "minGeneration": 1
      },
      {
        "code": "despawn"
      },
      //{ "code": "mortallywoundable" },
      { "code": "health" }
    ],
    "animations": [
      {
        "code": "idle",
        "animation": "idle",
        "blendMode": "AddAverage",
        //"weight": 0.1,
        "easeOutSpeed": 1 //,
        //"triggeredBy": { "defaultAnim": true }
      },
      {
        "code": "flyidle",
        "animation": "flyidle",
        "blendMode": "AddAverage",
        //"weight": 0.1,
        "easeOutSpeed": 4 //,
        //"triggeredBy": { "defaultAnim": true }
      },
      {
        "code": "hurt",
        "animation": "hurt",
        "animationSpeed": 2.2,
        "weight": 10,
        "blendMode": "AddAverage"
      },
      {
        "code": "flyhurt",
        "animation": "flyhurt",
        "animationSpeed": 2.2,
        "weight": 10,
        "blendMode": "AddAverage"
      },
      {
        "code": "dead",
        "animation": "dead",
        "animationSpeed": 1.25,
        "weight": 10,
        "blendMode": "Average",
        "triggeredBy": { "onControls": [ "dead" ] }
      },



      {
        "code": "walk",
        "animation": "walk",
        "blendMode": "AddAverage",
        //"weight": 0.1,
        "easeOutSpeed": 4
      },
      {
        "code": "run",
        "animation": "run",
        "blendMode": "AddAverage",
        //"weight": 0.1,
        "easeOutSpeed": 4
      },
      {
        "code": "fly",
        "animation": "fly",
        "blendMode": "AddAverage",
        //"weight": 0.1,
        "easeOutSpeed": 4
      },
      {
        "code": "speedfly",
        "animation": "speedfly",
        "blendMode": "AddAverage",
        //"weight": 0.1,
        "easeOutSpeed": 4
      },



      {
        "__comment-animations": "Sleep.",
        "code": "idleaction1",
        "animation": "idleaction1",
        "easeInSpeed": 4,
        "easeOutSpeed": 4,
        "blendMode": "Average"
      },
      {
        "__comment-animations": "Idle wing flap.",
        "code": "idleaction2",
        "animation": "idleaction2",
        "easeInSpeed": 4,
        "easeOutSpeed": 4,
        "blendMode": "Average"
      },
      {
        "__comment-animations": "Idle wing flap with roar.",
        "code": "idleaction3",
        "animation": "idleaction3",
        "easeInSpeed": 4,
        "easeOutSpeed": 4,
        "blendMode": "Average"
      },



      {
        "code": "trytoland",
        "animation": "trytoland",
        "blendMode": "Average",
        "easeOutSpeed": 4
      }
    ]
  },
  "server": {
    "attributes": {
      "pathfinder": {
        "minTurnAnglePerSec": 720,
        "maxTurnAnglePerSec": 1440
      }
    },
    "behaviors": [
      {
        "code": "repulseagents"
      },
      {
        "code": "controlledphysics"
      },
      {
        "code": "floatupwhenstuck"
      },
      {
        "code": "despawn"
      },
      //{
      //  "code": "mortallywoundable",
      //  "whenBelowHealth": 6
      //},
      {
        "code": "health",
        "currenthealthByType": {
          "*": 8
        },
        "maxhealthByType": {
          "*": 8
        }
      },
      {
        "code": "deaddecay",
        "hourstoDecay": 6,
        "decayedBlock": "game:carcass-small"
      },
      {
        "code": "breathe"
      },
      {
        "code": "harvestable",
        "drops": [
          {
            "type": "item",
            "code": "game:bushmeat-raw",
            "quantity": {
              "avg": 1,
              "var": 1
            }
          },
          {
            "type": "item",
            "code": "game:hide-raw-small",
            "quantity": {
              "avg": 0.75,
              "var": 0
            }
          }
        ]
      },
      {
        "code": "ropetieable",
        "minGeneration": 2
      },
      { "code": "entitystatetags" },
      {
        "code": "EntityBehaviorGrowML",
        "hoursToGrow": 672,
        "orPortionsEatenForGrowing": 12,
        "fedAdultEntityCodesByType": {
          "*-male-*": [ "mythiclegends:semitamedwyvern-{type}-{wyverntypes}-male-adult" ],
          "*-female-*": [ "mythiclegends:semitamedwyvern-{type}-{wyverntypes}-female-adult" ]
        },
        "adultEntityCodesByType": {
          "*-male-*": [ "mythiclegends:wyvern-{type}-{wyverntypes}-male-adult" ],
          "*-female-*": [ "mythiclegends:wyvern-{type}-{wyverntypes}-female-adult" ]
        }
      },
      {
        "code": "emotionstates",
        "states": [
          {
            "code": "fleeondamage",
            "whenHealthRelBelow": 0.4,
            "duration": 60,
            "chance": 1.0,
            "slot": 0,
            "priority": 5,
            "accumType": "max"
          },
          {
            "code": "fleeondamage",
            "duration": 40,
            "chance": 1.0,
            "slot": 0,
            "priority": 1,
            "accumType": "max"
          },
          {
            "code": "alarmherdondamage",
            "chance": 1,
            "slot": 1,
            "priority": 1,
            "accumType": "max"
          },
          {
            "code": "saturated",
            "duration": 1200,
            "chance": 1,
            "slot": 0,
            "priority": 1,
            "accumType": "sum"
          }
        ]
      },
      {
        "code": "taskai",
        "aiCreatureType": "LandCreature",
        "aitasks": [
          {
            "code": "fleeentity",
            "animation": "run",
            "entityCodes": [ "player", "wolf-*", "hyena-*", "bear-*" ],
            "priority": 1.5,
            "movespeedByType": {
              "*": 0.04
            },
            "tamingGenerations": 1,
            "seekingRange": 10,
            "animationSpeed": 2,
            "instafleeOnDamageChance": 1,
            "sound": "game:creature/hooved/generic/call*"
          },
          {
            "code": "followleadholder",
            "minGeneration": 2,
            "priority": 1.45,
            "animation": "walk",
            "animationSpeedByType": {
              "*": 1.3
            },
            "movespeedByType": {
              "*": 0.005
            }
          },
          //{
          //  "code": "stayclosetoentity",
          //  "animation": "run",
          //  "priority": 1.4,
          //  "entityCode": "mythiclegends:wyvern-{type}-{wyverntypes}-female-adult",
          //  "movespeed": 0.02,
          //  "animationSpeed": 2.5,
          //  "maxDistance": 5,
          //  "searchRange": 25
          //},
          {
            "code": "getoutofwater",
            "animation": "swim",
            "priority": 1.4,
            "movespeedByType": {
              "*": 0.035
            },
            "animationSpeed": 1
          },

          {
            "code": "AiTaskIdleML",
            "animation": "idle",
            "priority": 0.9,
            "minduration": 6000,
            "maxduration": 45000,
            "mincooldown": 6000,
            "maxcooldown": 120000,
            "priorityForCancel": 1.28,
            "stopOnNearbyEntityCodes": [ "player", "wolf-*", "hyena-*", "bear-*" ],
            "stopRange": 10,
            "stopOnHurt": true,
            "sound": "game:creature/hooved/generic/sniff*"
          },

          {
            "__comment-aitasks": "Sleep",
            "code": "AiTaskIdleML",
            "animation": "idleaction1",
            "priority": 1.38,
            "minduration": 200000,
            "maxduration": 800000,
            "mincooldown": 10000,
            "maxcooldown": 30000,
            "priorityForCancel": 1.38,
            "whenNotInEmotionState": "aggressiveondamage",
            "duringDayTimeFrames": [
              {
                "fromHour": 18,
                "toHour": 24
              },
              {
                "fromHour": 1,
                "toHour": 7
              }
            ],
            "stopOnNearbyEntityCodes": [ "player", "wolf-*", "hyena-*", "bear-*" ],
            "stopRange": 4,
            "stopOnHurt": true
          },
          {
            "__comment-aitasks": "Idle: Wing flap.",
            "code": "AiTaskIdleML",
            "priority": 1.35,
            //"priorityForCancel": 4.9,
            "minduration": 3000,
            "maxduration": 3000,
            "mincooldown": 15000,
            "maxcooldown": 60000,
            "priorityForCancel": 1.35,
            "animation": "idleaction2",
            "targetanimation": "idleaction2",
            "stopOnNearbyEntityCodes": [
              "player"
            ],
            "stopRange": 10,
            "stopOnHurt": true
          },
          {
            "__comment-aitasks": "Idle: Wing flap with roar.",
            "code": "AiTaskIdleML",
            "priority": 1.32,
            //"priorityForCancel": 4.9,
            "minduration": 6500,
            "maxduration": 6500,
            "mincooldown": 30000,
            "maxcooldown": 120000,
            "priorityForCancel": 1.32,
            "animation": "idleaction3",
            "stopOnNearbyEntityCodes": [
              "player"
            ],
            "stopRange": 10,
            "stopOnHurt": true
          },

          {
            "code": "AiTaskIdleML",
            "animation": "eat",
            "priority": 1.2,
            "priorityForCancel": 1.35,
            "stopOnNearbyEntityCodes": [ "player", "wolf-*", "hyena-*", "bear-*" ],
            "minduration": 2667,
            "maxduration": 2667,
            "mincooldown": 6000,
            "maxcooldown": 20000,
            "animationSpeed": 1
          },
          {
            "code": "AiTaskWanderML",
            "animation": "walk",
            "priority": 1.0,
            "priorityForCancel": 1.35,
            "stopOnNearbyEntityCodes": [ "player", "wolf-*", "hyena-*", "bear-*" ],
            "movespeedByType": {
              "*": 0.005
            },
            "animationSpeedByType": {
              "*": 1.3
            },
            "preferredLightLevel": 12
          },
          {
            "code": "seekfoodandeat",
            "movespeedByType": {
              "*": 0.005
            },
            "priority": 1.25,
            "eatSound": "game:creature/animal-eat-small",
            "eatTime": 1.5,
            "eatLooseItems": true,
            "animationSpeedByType": {
              "*": 1.3
            },
            "animation": "walk",
            "eatAnimation": "eat",
            "mincooldownHours": 1,
            "maxcooldownHours": 4
          },
          {
            "code": "AiTaskLookAroundML",
            "priority": 0.5
          }
        ]
      }
    ]
  },
  "sounds": {
    "hurt": "entities/wyvern/babywyvernhurt",
    "death": "entities/wyvern/babywyvernhurt",
    "idle": "entities/wyvern/babywyvernidle"
  },
  "idleSoundChance": 0.015,
  "idleSoundRange": 10,
  "hurtSoundChance": 0.25
}