{
  "code": "armorarm",
  "class": "ItemWearableSoulboundRM", //"ItemWearable",
  "enabled": true,

  "storageFlags": 128,

  "variantgroups": [
    {
      "code": "type",
      "states": [
        "tier1",
        "tier2",
        "tier3" //"minor", "lesser", "greater", "superior", "celestial"
      ]
    },
    {
      "code": "material",
      "states": [
        "eldrathium"//, //"gold" //, //"silver","copper", //"eldrathium"
      ]
    },
    {
      "code": "variant",
      "states": [
        "maxmana",
        "manaregen",
        "manacost",
        "casttime",
        "duration",
        "damage",
        "stats",
        "runspeed"//,
        //"magicprotection"
      ]
    }
  ],
  //"skipVariants": [ "*-gold-*" ],

  "behaviorsByType": {
    "*": [
      { "name": "CollectibleBehaviorMagicEquipStatsDisplayRM" },
      { "name": "CollectibleBehaviorWearableSoulbindRM" }
    ]
  },

  "attributesByType": {
    "*": {
      "handbookByType": {
        "*-eldrathium-*": {
          "groupBy": [ "armorarm-{type}-eldrathium-*" ],
          "extraSections": [
            {
              "title": "rustboundmagic:handbook-ancientartifacts-title",
              "text": "rustboundmagic:handbook-ancientartifacts-text"
            }
          ]
        }
      },

      "wearableAttachment": true,
      "clothescategory": "arm",
      "warmth": 0,

      "manacostforsoulbindingByType": {
        "*-runspeed": 0,
        "*-tier1-*": 25,
        "*-tier2-*": 100,
        "*-tier3-*": 200
      },

      "magicStatModifiersByType": {
        "*-tier1-*-maxmana": {
          "maxmana": 25
        },
        "*-tier1-*-manaregen": {
          "manaregen": 1
        },
        "*-tier1-*-manacost": {
          "genericmodifiermanacost": -0.02
        },
        "*-tier1-*-casttime": {
          "genericmodifiercasttime": -0.02
        },
        "*-tier1-*-duration": {
          "genericmodifierduration": 0.11
        },
        "*-tier1-*-damage": {
          "genericmodifierdamage": 0.02
        },
        "*-tier1-*-stats": {
          "genericmodifierstats": 0.02
        },
        "*-tier1-*-runspeed": {
          "walkspeedmodifier": 0.05
        },
        "*-tier1-*-magicprotection": {
        },

        "*-tier2-*-maxmana": {
          "maxmana": 50
        },
        "*-tier2-*-manaregen": {
          "manaregen": 2
        },
        "*-tier2-*-manacost": {
          "genericmodifiermanacost": -0.05
        },
        "*-tier2-*-casttime": {
          "genericmodifiercasttime": -0.05
        },
        "*-tier2-*-duration": {
          "genericmodifierduration": 0.22
        },
        "*-tier2-*-damage": {
          "genericmodifierdamage": 0.05
        },
        "*-tier2-*-stats": {
          "genericmodifierstats": 0.05
        },
        "*-tier2-*-runspeed": {
          "walkspeedmodifier": 0.10
        },
        "*-tier2-*-magicprotection": {
        },

        "*-tier3-*-maxmana": {
          "maxmana": 75
        },
        "*-tier3-*-manaregen": {
          "manaregen": 3
        },
        "*-tier3-*-manacost": {
          "genericmodifiermanacost": -0.08
        },
        "*-tier3-*-casttime": {
          "genericmodifiercasttime": -0.08
        },
        "*-tier3-*-duration": {
          "genericmodifierduration": 0.34
        },
        "*-tier3-*-damage": {
          "genericmodifierdamage": 0.08
        },
        "*-tier3-*-stats": {
          "genericmodifierstats": 0.08
        },
        "*-tier3-*-runspeed": {
          "walkspeedmodifier": 0.15
        },
        "*-tier3-*-magicprotection": {
        }
      }
    }
  },

  "creativeinventory": {
    "general": [ "*" ],
    "items": [ "*" ],
    "clothing": [ "*" ],
    "rustboundmagicequipment": [ "*" ]
  },

  "shapeByType": {
    "*": {
      "base": "entities/humanoids/armorarm/magicarm-accessory"
    }
  },

  "texturesByType": {
    "*-tier1-eldrathium-maxmana": {
      "seraph": { "base": "game:block/transparent" },
      "default": { "base": "default" },
      "metal": { "base": "blocks/resources/eldrathium/eldrathium" }, //game:block/metal/ingot/silver
      "lessergem": { "base": "color-blue" },
      "greatergem": { "base": "default" },
      "superiorgem": { "base": "default" },
      "lessersocket": { "base": "rust-inert" },
      "greatersocket": { "base": "default" },
      "superiorsocket": { "base": "default" },
      "energy": { "base": "default" }
    },
    "*-tier2-eldrathium-maxmana": {
      "seraph": { "base": "game:block/transparent" },
      "default": { "base": "default" },
      "metal": { "base": "blocks/resources/eldrathium/eldrathium" },
      "lessergem": { "base": "color-blue" },
      "greatergem": { "base": "color-blue" },
      "superiorgem": { "base": "default" },
      "lessersocket": { "base": "rust-inert" },
      "greatersocket": { "base": "rust-inert" },
      "superiorsocket": { "base": "default" },
      "energy": { "base": "default" }
    },
    "*-tier3-eldrathium-maxmana": {
      "seraph": { "base": "game:block/transparent" },
      "default": { "base": "default" },
      "metal": { "base": "blocks/resources/eldrathium/eldrathium" },
      "lessergem": { "base": "color-blue" },
      "greatergem": { "base": "color-blue" },
      "superiorgem": { "base": "color-blue" },
      "lessersocket": { "base": "rust-inert" },
      "greatersocket": { "base": "rust-inert" },
      "superiorsocket": { "base": "rust-inert" },
      "energy": { "base": "default" }
    },


    "*-tier1-eldrathium-manaregen": {
      "seraph": { "base": "game:block/transparent" },
      "default": { "base": "default" },
      "metal": { "base": "blocks/resources/eldrathium/eldrathium" },
      "lessergem": { "base": "color-greenlight" },
      "greatergem": { "base": "default" },
      "superiorgem": { "base": "default" },
      "lessersocket": { "base": "rust-inert" },
      "greatersocket": { "base": "default" },
      "superiorsocket": { "base": "default" },
      "energy": { "base": "default" }
    },
    "*-tier2-eldrathium-manaregen": {
      "seraph": { "base": "game:block/transparent" },
      "default": { "base": "default" },
      "metal": { "base": "blocks/resources/eldrathium/eldrathium" },
      "lessergem": { "base": "color-greenlight" },
      "greatergem": { "base": "color-greenlight" },
      "superiorgem": { "base": "default" },
      "lessersocket": { "base": "rust-inert" },
      "greatersocket": { "base": "rust-inert" },
      "superiorsocket": { "base": "default" },
      "energy": { "base": "default" }
    },
    "*-tier3-eldrathium-manaregen": {
      "seraph": { "base": "game:block/transparent" },
      "default": { "base": "default" },
      "metal": { "base": "blocks/resources/eldrathium/eldrathium" },
      "lessergem": { "base": "color-greenlight" },
      "greatergem": { "base": "color-greenlight" },
      "superiorgem": { "base": "color-greenlight" },
      "lessersocket": { "base": "rust-inert" },
      "greatersocket": { "base": "rust-inert" },
      "superiorsocket": { "base": "rust-inert" },
      "energy": { "base": "default" }
    },

    "*-tier1-eldrathium-manacost": {
      "seraph": { "base": "game:block/transparent" },
      "default": { "base": "default" },
      "metal": { "base": "blocks/resources/eldrathium/eldrathium" },
      "lessergem": { "base": "color-bluelight" },
      "greatergem": { "base": "default" },
      "superiorgem": { "base": "default" },
      "lessersocket": { "base": "rust-inert" },
      "greatersocket": { "base": "default" },
      "superiorsocket": { "base": "default" },
      "energy": { "base": "default" }
    },
    "*-tier2-eldrathium-manacost": {
      "seraph": { "base": "game:block/transparent" },
      "default": { "base": "default" },
      "metal": { "base": "blocks/resources/eldrathium/eldrathium" },
      "lessergem": { "base": "color-bluelight" },
      "greatergem": { "base": "color-bluelight" },
      "superiorgem": { "base": "default" },
      "lessersocket": { "base": "rust-inert" },
      "greatersocket": { "base": "rust-inert" },
      "superiorsocket": { "base": "default" },
      "energy": { "base": "default" }
    },
    "*-tier3-eldrathium-manacost": {
      "seraph": { "base": "game:block/transparent" },
      "default": { "base": "default" },
      "metal": { "base": "blocks/resources/eldrathium/eldrathium" },
      "lessergem": { "base": "color-bluelight" },
      "greatergem": { "base": "color-bluelight" },
      "superiorgem": { "base": "color-bluelight" },
      "lessersocket": { "base": "rust-inert" },
      "greatersocket": { "base": "rust-inert" },
      "superiorsocket": { "base": "rust-inert" },
      "energy": { "base": "default" }
    },

    "*-tier1-eldrathium-casttime": {
      "seraph": { "base": "game:block/transparent" },
      "default": { "base": "default" },
      "metal": { "base": "blocks/resources/eldrathium/eldrathium" },
      "lessergem": { "base": "color-yellowgreen" },
      "greatergem": { "base": "default" },
      "superiorgem": { "base": "default" },
      "lessersocket": { "base": "rust-inert" },
      "greatersocket": { "base": "default" },
      "superiorsocket": { "base": "default" },
      "energy": { "base": "default" }
    },
    "*-tier2-eldrathium-casttime": {
      "seraph": { "base": "game:block/transparent" },
      "default": { "base": "default" },
      "metal": { "base": "blocks/resources/eldrathium/eldrathium" },
      "lessergem": { "base": "color-yellowgreen" },
      "greatergem": { "base": "color-yellowgreen" },
      "superiorgem": { "base": "default" },
      "lessersocket": { "base": "rust-inert" },
      "greatersocket": { "base": "rust-inert" },
      "superiorsocket": { "base": "default" },
      "energy": { "base": "default" }
    },
    "*-tier3-eldrathium-casttime": {
      "seraph": { "base": "game:block/transparent" },
      "default": { "base": "default" },
      "metal": { "base": "blocks/resources/eldrathium/eldrathium" },
      "lessergem": { "base": "color-yellowgreen" },
      "greatergem": { "base": "color-yellowgreen" },
      "superiorgem": { "base": "color-yellowgreen" },
      "lessersocket": { "base": "rust-inert" },
      "greatersocket": { "base": "rust-inert" },
      "superiorsocket": { "base": "rust-inert" },
      "energy": { "base": "default" }
    },

    "*-tier1-eldrathium-duration": {
      "seraph": { "base": "game:block/transparent" },
      "default": { "base": "default" },
      "metal": { "base": "blocks/resources/eldrathium/eldrathium" },
      "lessergem": { "base": "color-gold" },
      "greatergem": { "base": "default" },
      "superiorgem": { "base": "default" },
      "lessersocket": { "base": "rust-inert" },
      "greatersocket": { "base": "default" },
      "superiorsocket": { "base": "default" },
      "energy": { "base": "default" }
    },
    "*-tier2-eldrathium-duration": {
      "seraph": { "base": "game:block/transparent" },
      "default": { "base": "default" },
      "metal": { "base": "blocks/resources/eldrathium/eldrathium" },
      "lessergem": { "base": "color-gold" },
      "greatergem": { "base": "color-gold" },
      "superiorgem": { "base": "default" },
      "lessersocket": { "base": "rust-inert" },
      "greatersocket": { "base": "rust-inert" },
      "superiorsocket": { "base": "default" },
      "energy": { "base": "default" }
    },
    "*-tier3-eldrathium-duration": {
      "seraph": { "base": "game:block/transparent" },
      "default": { "base": "default" },
      "metal": { "base": "blocks/resources/eldrathium/eldrathium" },
      "lessergem": { "base": "color-gold" },
      "greatergem": { "base": "color-gold" },
      "superiorgem": { "base": "color-gold" },
      "lessersocket": { "base": "rust-inert" },
      "greatersocket": { "base": "rust-inert" },
      "superiorsocket": { "base": "rust-inert" },
      "energy": { "base": "default" }
    },

    "*-tier1-eldrathium-damage": {
      "seraph": { "base": "game:block/transparent" },
      "default": { "base": "default" },
      "metal": { "base": "blocks/resources/eldrathium/eldrathium" },
      "lessergem": { "base": "color-red" },
      "greatergem": { "base": "default" },
      "superiorgem": { "base": "default" },
      "lessersocket": { "base": "rust-inert" },
      "greatersocket": { "base": "default" },
      "superiorsocket": { "base": "default" },
      "energy": { "base": "default" }
    },
    "*-tier2-eldrathium-damage": {
      "seraph": { "base": "game:block/transparent" },
      "default": { "base": "default" },
      "metal": { "base": "blocks/resources/eldrathium/eldrathium" },
      "lessergem": { "base": "color-red" },
      "greatergem": { "base": "color-red" },
      "superiorgem": { "base": "default" },
      "lessersocket": { "base": "rust-inert" },
      "greatersocket": { "base": "rust-inert" },
      "superiorsocket": { "base": "default" },
      "energy": { "base": "default" }
    },
    "*-tier3-eldrathium-damage": {
      "seraph": { "base": "game:block/transparent" },
      "default": { "base": "default" },
      "metal": { "base": "blocks/resources/eldrathium/eldrathium" },
      "lessergem": { "base": "color-red" },
      "greatergem": { "base": "color-red" },
      "superiorgem": { "base": "color-red" },
      "lessersocket": { "base": "rust-inert" },
      "greatersocket": { "base": "rust-inert" },
      "superiorsocket": { "base": "rust-inert" },
      "energy": { "base": "default" }
    },

    "*-tier1-eldrathium-stats": {
      "seraph": { "base": "game:block/transparent" },
      "default": { "base": "default" },
      "metal": { "base": "blocks/resources/eldrathium/eldrathium" },
      "lessergem": { "base": "color-purple" },
      "greatergem": { "base": "default" },
      "superiorgem": { "base": "default" },
      "lessersocket": { "base": "rust-inert" },
      "greatersocket": { "base": "default" },
      "superiorsocket": { "base": "default" },
      "energy": { "base": "default" }
    },
    "*-tier2-eldrathium-stats": {
      "seraph": { "base": "game:block/transparent" },
      "default": { "base": "default" },
      "metal": { "base": "blocks/resources/eldrathium/eldrathium" },
      "lessergem": { "base": "color-purple" },
      "greatergem": { "base": "color-purple" },
      "superiorgem": { "base": "default" },
      "lessersocket": { "base": "rust-inert" },
      "greatersocket": { "base": "rust-inert" },
      "superiorsocket": { "base": "default" },
      "energy": { "base": "default" }
    },
    "*-tier3-eldrathium-stats": {
      "seraph": { "base": "game:block/transparent" },
      "default": { "base": "default" },
      "metal": { "base": "blocks/resources/eldrathium/eldrathium" },
      "lessergem": { "base": "color-purple" },
      "greatergem": { "base": "color-purple" },
      "superiorgem": { "base": "color-purple" },
      "lessersocket": { "base": "rust-inert" },
      "greatersocket": { "base": "rust-inert" },
      "superiorsocket": { "base": "rust-inert" },
      "energy": { "base": "default" }
    },

    "*-tier1-eldrathium-runspeed": {
      "seraph": { "base": "game:block/transparent" },
      "default": { "base": "default" },
      "metal": { "base": "blocks/resources/eldrathium/eldrathium" },
      "lessergem": { "base": "color-bluedark" },
      "greatergem": { "base": "default" },
      "superiorgem": { "base": "default" },
      "lessersocket": { "base": "rust-inert" },
      "greatersocket": { "base": "default" },
      "superiorsocket": { "base": "default" },
      "energy": { "base": "default" }
    },
    "*-tier2-eldrathium-runspeed": {
      "seraph": { "base": "game:block/transparent" },
      "default": { "base": "default" },
      "metal": { "base": "blocks/resources/eldrathium/eldrathium" },
      "lessergem": { "base": "color-bluedark" },
      "greatergem": { "base": "color-bluedark" },
      "superiorgem": { "base": "default" },
      "lessersocket": { "base": "rust-inert" },
      "greatersocket": { "base": "rust-inert" },
      "superiorsocket": { "base": "default" },
      "energy": { "base": "default" }
    },
    "*-tier3-eldrathium-runspeed": {
      "seraph": { "base": "game:block/transparent" },
      "default": { "base": "default" },
      "metal": { "base": "blocks/resources/eldrathium/eldrathium" },
      "lessergem": { "base": "color-bluedark" },
      "greatergem": { "base": "color-bluedark" },
      "superiorgem": { "base": "color-bluedark" },
      "lessersocket": { "base": "rust-inert" },
      "greatersocket": { "base": "rust-inert" },
      "superiorsocket": { "base": "rust-inert" },
      "energy": { "base": "default" }
    },

    "*-tier1-eldrathium-magicprotection": {
      "seraph": { "base": "game:block/transparent" },
      "default": { "base": "default" },
      "metal": { "base": "blocks/resources/eldrathium/eldrathium" }, //game:block/metal/ingot/silver
      "lessergem": { "base": "color-white" },
      "greatergem": { "base": "default" },
      "superiorgem": { "base": "default" },
      "lessersocket": { "base": "rust-inert" },
      "greatersocket": { "base": "default" },
      "superiorsocket": { "base": "default" },
      "energy": { "base": "default" }
    },
    "*-tier2-eldrathium-magicprotection": {
      "seraph": { "base": "game:block/transparent" },
      "default": { "base": "default" },
      "metal": { "base": "blocks/resources/eldrathium/eldrathium" },
      "lessergem": { "base": "color-white" },
      "greatergem": { "base": "color-white" },
      "superiorgem": { "base": "default" },
      "lessersocket": { "base": "rust-inert" },
      "greatersocket": { "base": "rust-inert" },
      "superiorsocket": { "base": "default" },
      "energy": { "base": "default" }
    },
    "*-tier3-eldrathium-magicprotection": {
      "seraph": { "base": "game:block/transparent" },
      "default": { "base": "default" },
      "metal": { "base": "blocks/resources/eldrathium/eldrathium" },
      "lessergem": { "base": "color-white" },
      "greatergem": { "base": "color-white" },
      "superiorgem": { "base": "color-white" },
      "lessersocket": { "base": "rust-inert" },
      "greatersocket": { "base": "rust-inert" },
      "superiorsocket": { "base": "rust-inert" },
      "energy": { "base": "default" }
    }
  },

  "heldTpUseAnimation": "interactstatic",

  "renderAlphaTest": 0.25,
  "durabilityByType": {
    "*-eldrathium-*": 150,
    "*-gold-*": 200
  },

  "fpHandTransformByType": {
    "*": {
      "translation": {
        "x": 0.6,
        "y": 0,
        "z": -0.5
      },
      "rotation": {
        "x": 180,
        "y": 42,
        "z": -29
      },
      "scale": 2.5
    }
  },
  "fpOffHandTransformByType": {
    "*": {
      "translation": {
        "x": 0.6,
        "y": 0,
        "z": -0.5
      },
      "rotation": {
        "x": 180,
        "y": 42,
        "z": -29
      },
      "scale": 5.5
    }
  },
  "tpHandTransformByType": {
    "*": {
      "translation": {
        "x": -0.8,
        "y": -1.2,
        "z": -1.1
      },
      "rotation": {
        "x": -13,
        "y": -64,
        "z": 49
      },
      "scale": 0.55
    }
  },
  "guiTransformByType": {
    "*": {
      "rotate": false,
      "translation": {
        "x": 0,
        "y": 0,
        "z": 0
      },
      "rotation": {
        "x": 180,
        "y": -32,
        "z": -8
      },
      "origin": {
        "x": 1.1,
        "y": 0.9,
        "z": 1.2
      },
      "scale": 4.5
    }
  },
  "groundTransform": {
    "translation": {
      "x": 0,
      "y": 0,
      "z": 0
    },
    "rotation": {
      "x": 0,
      "y": 0,
      "z": 0
    },
    "origin": {
      "x": 0.5,
      "y": 0.77,
      "z": 0.5
    },
    "scale": 4.5
  }
}
