{
  "code": "grimoireblank",
  "class": "ItemGenericRM",
  "enabled": true,
  "storageFlags": 131073,
  "variantgroups": [
    {
      "code": "type",
      "states": [
        "normal"
      ]
    }
  ],
  "attributes": {
    "displaycaseable": true,
    "shelvable": true,
    "handbook": {
      "groupBy": [
        "grimoire-*"
      ],
      "extraSections": [
        {
          "title": "game:Created by",
          "text": "rustboundmagic:handbook-createdbythaumicfoundryusingatablet-text"
        }
      ]
    },
    "bookshelveable": true,
    "spellshelveable": true
  },
  "creativeinventory": {
    "general": [
      "*"
    ],
    "items": [
      "*"
    ],
    "rustboundmagic": [
      "*"
    ]
  },
  "maxstacksize": 1,
  "shapeByType": {
    "*": {
      "base": "items/spells/grimoireblank-{type}"
    }
  },
  "texturesByType": {
    "*": {
      "default": {
        "base": "default"
      },
      "manastone": {
        "base": "items/grimoire/cover-neutral"
      },
      "bolt": {
        "base": "game:block/metal/plate/silver"
      },
      "gold": {
        "base": "game:block/metal/plate/gold"
      },
      "cover": {
        "base": "items/grimoire/cover-generic"
      },
      "pages": {
        "base": "items/grimoire/inner-pages"
      },
      "coverdecal": {
        "base": "default"
      },
      "coverdecalschoolsymbol": {
        "base": "default"
      },
      "coverdecalshaded": {
        "base": "default"
      }
    }
  },
  "durabilitybytype": {
    "*": 2500
  },
  "guiTransform": {
    "translation": {
      "x": 0,
      "y": 0,
      "z": 0
    },
    "rotation": {
      "x": -180,
      "y": 123,
      "z": 33
    },
    "origin": {
      "x": 0.48,
      "y": 0.21,
      "z": 0.5
    },
    "scaleXyz": {
      "x": -3.23,
      "y": 3.23,
      "z": 3.23
    }
  },
  "fpHandTransform": {
    "translation": {
      "x": 0,
      "y": 0.2,
      "z": 0
    },
    "rotation": {
      "x": -14,
      "y": -152,
      "z": 28
    },
    "origin": {
      "x": 0.5,
      "y": 0.1,
      "z": 0.5
    },
    "scale": 2.07
  },
  "tpHandTransform": {
    "translation": {
      "x": -0.33,
      "y": -0.12,
      "z": -0.495
    },
    "rotation": {
      "x": -92,
      "y": 4,
      "z": -89
    },
    "origin": {
      "x": 0.5,
      "y": 0,
      "z": 0.5
    },
    "scale": 1
  },
  "groundTransform": {
    "translation": {
      "x": 0,
      "y": 0,
      "z": 0
    },
    "rotation": {
      "x": 0,
      "y": 0,
      "z": 90
    },
    "origin": {
      "x": 0.41,
      "y": 0,
      "z": 0.5
    },
    "scale": 4
  }
}
