{
	"code": "wyverntypes",
	"variants": [
		{
			"code": "wyvernskin1"
		},
		{
			"code": "wyvernskin2"
		},
		{
			"code": "wyvernskin3"
		},
		{
			"code": "wyvernskin4"
		},
		{
			"code": "wyvernskin5"
		},
		{
			"code": "wyvernskin6"
		},
		{
			"code": "wyvernskin7"
		},
		{
			"code": "wyvernskin8"
		},
		{
			"code": "wyvernskin9"
		},
		{
			"code": "wyvernskin10"
		},
		{
			"code": "wyvernskin11"
		},
		{
			"code": "wyvernskin12"
		},
		{
			"code": "wyvernskin13"
		},
		{
			"code": "wyvernskin14"
		},
		{
			"code": "wyvernskin15"
		},
		{
			"code": "wyvernskin16"
		},
		{
			"code": "wyvernskin17"
		},
		{
			"code": "wyvernskin18"
		},
		{
			"code": "wyvernskin19"
		},
		{
			"code": "wyvernskin20"
		},
		{
			"code": "wyvernskin21"
		},
		{
			"code": "wyvernskin22"
		},
		{
			"code": "wyvernskin23"
		},
		{
			"code": "wyvernskin24"
		},
		{
			"code": "wyvernskin25"
		},
		{
			"code": "wyvernskin26"
		},
		{
			"code": "wyvernskin27"
		}
	]
}
