{
	"code": "wyvernscales",
	"class": "ItemGenericML",
	"maxStackSize": 64,
	"enabled": true,

	//"variantgroups": [
	//	{
	//		"code": "variant",
	//		"states": [ "normal" ]
	//	}
	//],
	//"skipVariants": [ "*-basic-*" ],

	"shapeByType": {
		"*": {
			"base": "items/resources/wyvernscales"
		}
	},
	"texturesByType": {
		"*": {
			"material": { "base": "items/resources/wyvernscales" }
		}
	},

	"creativeinventory": {
		"general": [ "*" ],
		"items": [ "*" ],
		"creatures": [ "*" ],
		"mythiclegends": [ "*" ]
	},

	"fpHandTransform": {
		"translation": {
			"x": 0,
			"y": 0.2,
			"z": 0
		},
		"rotation": {
			"x": 21,
			"y": 0,
			"z": -1
		},
		"origin": {
			"x": 0.5,
			"y": -0.3,
			"z": 0.5
		},
		"scale": 1.8
	},
	"guiTransform": {
		"translation": {
			"x": 0,
			"y": 0,
			"z": 0
		},
		"rotation": {
			"x": -30,
			"y": -113,
			"z": -180
		},
		"origin": {
			"x": 0.5,
			"y": 0,
			"z": 0.5
		},
		"scale": 3
	},
	"groundTransform": {
		"translation": {
			"x": 0,
			"y": 0,
			"z": 0
		},
		"rotation": {
			"x": 0,
			"y": 90,
			"z": 0
		},
		"origin": {
			"x": 0.5,
			"y": 0,
			"z": 0.5
		},
		"scale": 3.31
	},
	"tpHandTransform": {
		"translation": {
			"x": -0.7,
			"y": 0.1,
			"z": -0.53
		},
		"rotation": {
			"x": 94,
			"y": 0,
			"z": 0
		},
		"origin": {
			"x": 0.5,
			"y": 0.1,
			"z": 0.5
		},
		"scale": 0.75
	}
}
