{
	"code": "wyvernfang",
	"class": "ItemGenericML",
	"maxStackSize": 64,
	"enabled": true,

	//"variantgroups": [
	//	{
	//		"code": "variant",
	//		"states": [ "normal" ]
	//	}
	//],
	//"skipVariants": [ "*-basic-*" ],

	"shapeByType": {
		"*": {
			"base": "items/resources/wyvernfang"
		}
	},
	"texturesByType": {
		"*": {
			"default": { "base": "default" },
			"plainblack": { "base": "game:block/leather/black" },
			"wyvernskeletion1": { "base": "entities/land/wyvern/basic/wyvernskeleton1" }
		}
	},

	"creativeinventory": {
		"general": [ "*" ],
		"items": [ "*" ],
		"creatures": [ "*" ],
		"mythiclegends": [ "*" ]
	},

	"guiTransform": {
		"translation": {
			"x": 0,
			"y": 0,
			"z": 0
		},
		"rotation": {
			"x": 70,
			"y": 41,
			"z": -44
		},
		"origin": {
			"x": 0.5,
			"y": 0,
			"z": 0.5
		},
		"scale": 6
	},
	"fpHandTransform": {
		"translation": {
			"x": 0.2,
			"y": 0,
			"z": 0
		},
		"rotation": {
			"x": -8,
			"y": -63,
			"z": -7
		}
	},
	"tpHandTransform": {
		"translation": {
			"x": -0.9,
			"y": -0.9,
			"z": -0.7
		},
		"rotation": {
			"x": -180,
			"y": 0,
			"z": -156
		},
		"scale": 0.4
	}
}
