{
  "code": "toolfocus",
  "class": "ItemToolFocusRM",
  "enabled": true,
  "variantgroups": [
    {
      "code": "variant",
      "states": [
        "basic",
        "advanced"
      ]
    },
    {
      "code": "type",
      "states": [
        "enshrouding"
      ]
    }
  ],
  "skipVariants": [
    "*-advanced-*"
  ],
  "storageFlags": 257,
  "attributesByType": {
    "*-basic-*": {
      "rackable": true,
      "toolrackTransformByType": {
        "*-basic-*": {
          "translation": {
            "x": -0.03,
            "y": 0.75,
            "z": 0
          },
          "scale": 1.5
        }
      },
      "handbook": {
        "groupBy": [
          "toolfocus-basic-*"
        ],
        "extraSections": [
          {
            "title": "game:Created by",
            "text": "rustboundmagic:handbook-createdbythaumicfoundryusingatablet-text"
          }
        ]
      }
    },
    "*-advanced-*": {
      "rackable": true,
      "toolrackTransformByType": {
        "*-advanced-*": {
          "translation": {
            "x": 0.95,
            "y": -0.72,
            "z": -0.87
          },
          "rotation": {
            "x": 90,
            "y": 0,
            "z": -90
          },
          "scale": 2
        }
      },
      "handbook": {
        "groupBy": [
          "toolfocus-advanced-*"
        ],
        "extraSections": [
          {
            "title": "game:Created by",
            "text": "rustboundmagic:handbook-createdbythaumicfoundryusingatablet-text"
          }
        ]
      }
    }
  },
  "creativeinventory": {
    "general": [
      "*"
    ],
    "items": [
      "*"
    ],
    "tools": [
      "*"
    ],
    "rustboundmagicequipment": [
      "*"
    ]
  },
  "maxstacksize": 1,
  "materialDensity": 600,
  "heldTpHitAnimation": "smithingwide",
  "heldTpUseAnimation": "interactstatic",
  "shapeByType": {
    "*-basic-*": {
      "base": "items/tools/toolfocus-basic"
    },
    "*-advanced-*": {
      "base": "items/tools/toolfocus-advanced"
    }
  },
  "texturesByType": {
    "*-basic-*": {
      "default": {
        "base": "default"
      },
      "material1": {
        "base": "blocks/resources/enchantedstone/none/enchantedstone-cobblestone*"
      },
      "fiber": {
        "base": "items/resources/shiftingfibers"
      },
      "material2": {
        "base": "blocks/resources/eldrathium/eldrathium"
      },
      "material3": {
        "base": "blocks/resources/eldrathium/eldrathium"
      },
      "material4": {
        "base": "blocks/resources/eldrathium/eldrathium"
      },
      "material5": {
        "base": "default"
      },
      "gemstone": {
        "base": "blocks/resources/crystals/elementalcrystal-rust"
      },
      "colorblack": {
        "base": "color-black"
      }
    },
    "*-advanced-*": {
      "default": {
        "base": "default"
      },
      "material1": {
        "base": "game:block/wood-generic"
      },
      "material2": {
        "base": "blocks/resources/eldrathium/eldrathium"
      },
      "material3": {
        "base": "blocks/resources/eldrathium/eldrathium"
      },
      "material4": {
        "base": "blocks/resources/eldrathium/eldrathium"
      },
      "material5": {
        "base": "default"
      },
      "gemstone": {
        "base": "blocks/resources/crystals/elementalcrystal-rust"
      },
      "colorblack": {
        "base": "color-black"
      }
    }
  },
  "durabilitybytype": {
    "*-basic-*": 300,
    "*-advanced-*": 650
  },
  "guiTransformByType": {
    "*-basic-*": {
      "translation": {
        "x": 2,
        "y": 2,
        "z": 0
      },
      "rotation": {
        "x": -77,
        "y": 46,
        "z": 15
      },
      "origin": {
        "x": 0.5,
        "y": 0,
        "z": 0.5
      },
      "scale": 2.5
    },
    "*-advanced-*": {
      "translation": {
        "x": 0,
        "y": 0,
        "z": 50
      },
      "rotation": {
        "x": 34,
        "y": 32,
        "z": -163
      },
      "origin": {
        "x": 0.21,
        "y": -0.24,
        "z": 0.49
      },
      "scale": 3.5
    }
  },
  "fpHandTransformByType": {
    "*-basic-*": {
      "translation": {
        "x": -0.5,
        "y": -0.2,
        "z": 0
      },
      "rotation": {
        "x": -33,
        "y": 7,
        "z": 90
      },
      "scale": 2.75
    },
    "*-advanced-*": {
      "translation": {
        "x": 0,
        "y": 0,
        "z": 0
      },
      "rotation": {
        "x": -71,
        "y": 0,
        "z": 0
      },
      "origin": {
        "x": 0,
        "y": 0.3,
        "z": 0.1
      },
      "scale": 5.38
    }
  },
  "groundTransformByType": {
    "*": {
      "translation": {
        "x": 0,
        "y": 0,
        "z": 0
      },
      "rotation": {
        "x": 0,
        "y": 0,
        "z": 0
      },
      "origin": {
        "x": 0.5,
        "y": 0,
        "z": 0.5
      },
      "scale": 4.5
    }
  },
  "tpHandTransform": {
    "translation": {
      "x": -0.52,
      "y": -0.46,
      "z": -0.03
    },
    "rotation": {
      "x": 90,
      "y": 1,
      "z": 0
    },
    "scale": 1
  },
  "tpOffHandTransform": {
    "translation": {
      "x": -0.52,
      "y": -0.46,
      "z": -0.04
    },
    "rotation": {
      "x": 90,
      "y": 1,
      "z": 0
    },
    "scale": 1
  }
}
