[
  {
    "ingredientPattern": "LLL,L_L,SMS",
    "ingredients": {
      "L": {
        "type": "item",
        "code": "game:leather-normal-plain",
        "quantity": 1
      },
      "M": {
        "type": "item",
        "code": "game:metalnailsandstrips-*",
        "quantity": 2
      },
      "S": {
        "type": "item",
        "code": "wyvernscales",
        "quantity": 3
      }
    },
    "width": 3,
    "height": 3,
    "name": "Wyvern bridle",
    "output": {
      "type": "item",
      "code": "wyvernwearables-head-bridle1"
    }
  }
]