[
  {
    "ingredientPattern": "L,M",
    "ingredients": {
      "L": {
        "type": "item",
        "code": "game:leather-normal-plain",
        "quantity": 1
      },
      "M": {
        "type": "item",
        "code": "game:metalnailsandstrips-tinbronze",
        "quantity": 1
      }
    },
    "width": 1,
    "height": 2,
    "name": "Wyvern medallion",
    "output": {
      "type": "item",
      "code": "wyvernwearables-face-face1"
    }
  },
  {
    "ingredientPattern": "LML",
    "ingredients": {
      "L": {
        "type": "item",
        "code": "game:leather-normal-plain",
        "quantity": 1
      },
      "M": {
        "type": "item",
        "code": "game:metalnailsandstrips-tinbronze",
        "quantity": 1
      }
    },
    "width": 3,
    "height": 1,
    "name": "Wyvern medallion",
    "output": {
      "type": "item",
      "code": "wyvernwearables-face-face5"
    }
  },
  {
    "ingredientPattern": "LL,MM",
    "ingredients": {
      "L": {
        "type": "item",
        "code": "game:leather-normal-plain",
        "quantity": 1
      },
      "M": {
        "type": "item",
        "code": "game:metalnailsandstrips-tinbronze",
        "quantity": 1
      }
    },
    "width": 2,
    "height": 2,
    "name": "Wyvern medallion",
    "output": {
      "type": "item",
      "code": "wyvernwearables-face-face7"
    }
  },
  {
    "ingredientPattern": "L,M,M",
    "ingredients": {
      "L": {
        "type": "item",
        "code": "game:leather-normal-plain",
        "quantity": 1
      },
      "M": {
        "type": "item",
        "code": "game:metalnailsandstrips-tinbronze",
        "quantity": 1
      }
    },
    "width": 1,
    "height": 3,
    "name": "Wyvern medallion",
    "output": {
      "type": "item",
      "code": "wyvernwearables-face-face13"
    }
  }
]