[
  {
    "ingredientPattern": "SLS,VVV,FMF",
    "ingredients": {
      "V": {
        "type": "item",
        "code": "game:leather-sturdy-plain",
        "quantity": 5
      },
      "L": {
        "type": "item",
        "code": "game:leather-sturdy-plain",
        "quantity": 2
      },
      "S": {
        "type": "item",
        "code": "wyvernscales",
        "quantity": 2
      },
      "F": {
        "type": "item",
        "code": "wyvernfang",
        "quantity": 2
      },
      "M": {
        "type": "item",
        "code": "game:metalnailsandstrips-*",
        "quantity": 2
      }
    },
    "width": 3,
    "height": 3,
    "name": "Large wyvern saddlebag",
    "output": {
      "type": "item",
      "code": "wyvernwearables-lowerbackside-saddlebags2"
    }
  }
]