[
  {
    "ingredientPattern": "LLL,FMF,S_S",
    "ingredients": {
      "L": {
        "type": "item",
        "code": "game:leather-normal-plain",
        "quantity": 5
      },
      "F": {
        "type": "item",
        "code": "game:leather-normal-plain",
        "quantity": 2
      },
      "M": {
        "type": "item",
        "code": "game:metalnailsandstrips-*",
        "quantity": 2
      },
      "S": {
        "type": "item",
        "code": "wyvernscales",
        "quantity": 2
      }
    },
    "width": 3,
    "height": 3,
    "name": "Wyvern saddle",
    "output": {
      "type": "item",
      "code": "wyvernwearables-middleback-saddle1"
    }
  }
]