{
	"editor": {
		"allAngles": true,
		"entityTextureMode": false
	},
	"textureWidth": 16,
	"textureHeight": 16,
	"textureSizes": {
		"plain": [16,16]
	},
	"textures": {
	},
	"elements": [
		{
			"name": "ORIGINbridle",
			"stepParentName": "neck2",
			"from": [ 2.75, -0.4, 6.12 ],
			"to": [ 3.54, 0.39, 6.912 ],
			"rotationOrigin": [ 2.956, -0.22, 5.832 ],
			"faces": {
			},
			"children": [
				{
					"name": "Cube159",
					"from": [ 4.76, 0.93, 1.77 ],
					"to": [ 5.5092, 1.9996, 2.412 ],
					"rotationOrigin": [ 4.7639, 1.0379, 1.7935 ],
					"rotationX": 90.0,
					"faces": {
						"north": { "texture": "#wyvernskeletion1", "uv": [ 2.25, 12.0, 3.75, 15.5 ], "rotation": 180, "autoUv": false },
						"east": { "texture": "#wyvernskeletion1", "uv": [ 2.25, 11.25, 3.75, 15.25 ], "rotation": 180, "autoUv": false },
						"south": { "texture": "#wyvernskeletion1", "uv": [ 2.0, 11.75, 3.5, 15.25 ], "rotation": 180, "autoUv": false },
						"west": { "texture": "#wyvernskeletion1", "uv": [ 2.25, 11.75, 3.75, 15.25 ], "rotation": 180, "autoUv": false },
						"up": { "texture": "#wyvernskeletion1", "uv": [ 1.75, 14.5, 3.25, 16.0 ], "autoUv": false },
						"down": { "texture": "#wyvernskeletion1", "uv": [ 0.25, 9.25, 1.5, 10.5 ], "autoUv": false }
					},
					"children": [
						{
							"name": "Cube158",
							"from": [ 0.1072, -1.07, 0.0216 ],
							"to": [ 0.642, 0.214, 0.5564 ],
							"rotationOrigin": [ 0.1072, 0.0, 0.0216 ],
							"rotationZ": 22.5,
							"faces": {
								"north": { "texture": "#wyvernskeletion1", "uv": [ 0.25, 8.0, 1.0, 10.75 ], "rotation": 180, "autoUv": false },
								"east": { "texture": "#wyvernskeletion1", "uv": [ 0.25, 8.0, 1.0, 10.75 ], "rotation": 180, "autoUv": false },
								"south": { "texture": "#wyvernskeletion1", "uv": [ 0.0, 8.0, 1.0, 10.75 ], "rotation": 180, "autoUv": false },
								"west": { "texture": "#wyvernskeletion1", "uv": [ 0.0, 8.0, 0.75, 10.5 ], "rotation": 180, "autoUv": false },
								"up": { "texture": "#wyvernskeletion1", "uv": [ 2.25, 8.75, 3.5, 10.0 ], "autoUv": false },
								"down": { "texture": "#wyvernskeletion1", "uv": [ 0.0, 7.0, 0.75, 8.25 ], "autoUv": false }
							}
						},
						{
							"name": "Cube160",
							"from": [ -0.0212, 0.642, -0.0212 ],
							"to": [ 0.7704, 1.1772, 0.7064 ],
							"rotationOrigin": [ 0.0, 0.642, 0.0 ],
							"faces": {
								"north": { "texture": "#plainblack", "uv": [ 0.0, 0.0, 0.5, 0.5 ], "autoUv": false },
								"east": { "texture": "#plainblack", "uv": [ 0.0, 0.0, 0.5, 0.5 ], "autoUv": false },
								"south": { "texture": "#plainblack", "uv": [ 0.0, 0.0, 0.5, 0.5 ], "autoUv": false },
								"west": { "texture": "#plainblack", "uv": [ 0.0, 0.0, 0.5, 0.5 ], "autoUv": false },
								"up": { "texture": "#plainblack", "uv": [ 0.0, 0.0, 0.5, 0.5 ], "autoUv": false },
								"down": { "texture": "#plainblack", "uv": [ 0.0, 0.0, 0.5, 0.5 ], "autoUv": false }
							}
						}
					]
				}
			]
		}
	]}