{
	"editor": {
		"allAngles": false,
		"singleTexture": false
	},
	"textureWidth": 16,
	"textureHeight": 16,
	"textures": {
	},
	"elements": [
		{
			"name": "root",
			"from": [ -1.2, 0.0, -0.8 ], 
			"to": [ -0.2, 1.0, 0.2 ], 
			"rotationOrigin": [ -1.2, 0.0, -0.8 ],
			"faces": {
				"north": { "texture": "#null", "uv": [ 0.0, 0.0, 1.0, 1.0 ], "enabled": false },
				"east": { "texture": "#null", "uv": [ 0.0, 0.0, 1.0, 1.0 ], "enabled": false },
				"south": { "texture": "#null", "uv": [ 0.0, 0.0, 1.0, 1.0 ], "enabled": false },
				"west": { "texture": "#null", "uv": [ 0.0, 0.0, 1.0, 1.0 ], "enabled": false },
				"up": { "texture": "#null", "uv": [ 0.0, 0.0, 1.0, 1.0 ], "enabled": false },
				"down": { "texture": "#null", "uv": [ 0.0, 0.0, 1.0, 1.0 ], "enabled": false }
			},
			"children": [
				{
					"name": "Scale22",
					"from": [ 9.0, 1.0, 7.0 ], 
					"to": [ 11.0, 1.5, 9.0 ], 
					"rotationOrigin": [ 10.0, 1.0, 8.0 ],
					"rotationY": -67.5,
					"faces": {
						"north": { "texture": "#material", "uv": [ 0.0, 0.0, 2.0, 0.5 ] },
						"east": { "texture": "#material", "uv": [ 0.0, 0.0, 2.0, 0.5 ] },
						"south": { "texture": "#material", "uv": [ 0.0, 0.0, 2.0, 0.5 ] },
						"west": { "texture": "#material", "uv": [ 0.0, 0.0, 2.0, 0.5 ] },
						"up": { "texture": "#material", "uv": [ 0.0, 0.0, 2.0, 2.0 ] },
						"down": { "texture": "#material", "uv": [ 0.0, 0.0, 2.0, 2.0 ] }
					},
					"children": [
						{
							"name": "Cube23",
							"from": [ 2.0, 0.0, 0.3 ], 
							"to": [ 3.0, 0.5, 1.7 ], 
							"rotationOrigin": [ 2.0, 0.0, 0.3 ],
							"faces": {
								"north": { "texture": "#material", "uv": [ 0.0, 0.0, 1.0, 0.5 ] },
								"east": { "texture": "#material", "uv": [ 0.0, 0.0, 1.0, 0.5 ] },
								"south": { "texture": "#material", "uv": [ 0.0, 0.0, 1.0, 0.5 ] },
								"west": { "texture": "#material", "uv": [ 0.0, 0.0, 1.0, 0.5 ] },
								"up": { "texture": "#material", "uv": [ 0.0, 0.0, 1.0, 1.0 ] },
								"down": { "texture": "#material", "uv": [ 0.0, 0.0, 1.0, 1.0 ] }
							},
							"children": [
								{
									"name": "Cube24",
									"from": [ 1.0, 0.0, 0.4 ], 
									"to": [ 1.5, 0.5, 1.0 ], 
									"rotationOrigin": [ 1.0, 0.0, 0.4 ],
									"faces": {
										"north": { "texture": "#material", "uv": [ 0.0, 0.0, 0.5, 0.5 ] },
										"east": { "texture": "#material", "uv": [ 0.0, 0.0, 0.5, 0.5 ] },
										"south": { "texture": "#material", "uv": [ 0.0, 0.0, 0.5, 0.5 ] },
										"west": { "texture": "#material", "uv": [ 0.0, 0.0, 0.5, 0.5 ] },
										"up": { "texture": "#material", "uv": [ 0.0, 0.0, 0.5, 0.5 ] },
										"down": { "texture": "#material", "uv": [ 0.0, 0.0, 0.5, 0.5 ] }
									}
								}
							]
						}
					]
				},
				{
					"name": "Scale19",
					"from": [ 7.8, 0.0, 10.4 ], 
					"to": [ 9.8, 0.5, 12.4 ], 
					"rotationOrigin": [ 8.8, 0.0, 11.4 ],
					"rotationY": -45.0,
					"faces": {
						"north": { "texture": "#material", "uv": [ 0.0, 0.0, 2.0, 0.5 ] },
						"east": { "texture": "#material", "uv": [ 0.0, 0.0, 2.0, 0.5 ] },
						"south": { "texture": "#material", "uv": [ 0.0, 0.0, 2.0, 0.5 ] },
						"west": { "texture": "#material", "uv": [ 0.0, 0.0, 2.0, 0.5 ] },
						"up": { "texture": "#material", "uv": [ 0.0, 0.0, 2.0, 2.0 ] },
						"down": { "texture": "#material", "uv": [ 0.0, 0.0, 2.0, 2.0 ] }
					},
					"children": [
						{
							"name": "Cube20",
							"from": [ 2.0, 0.0, 0.3 ], 
							"to": [ 3.0, 0.5, 1.7 ], 
							"rotationOrigin": [ 2.0, 0.0, 0.3 ],
							"faces": {
								"north": { "texture": "#material", "uv": [ 0.0, 0.0, 1.0, 0.5 ] },
								"east": { "texture": "#material", "uv": [ 0.0, 0.0, 1.0, 0.5 ] },
								"south": { "texture": "#material", "uv": [ 0.0, 0.0, 1.0, 0.5 ] },
								"west": { "texture": "#material", "uv": [ 0.0, 0.0, 1.0, 0.5 ] },
								"up": { "texture": "#material", "uv": [ 0.0, 0.0, 1.0, 1.0 ] },
								"down": { "texture": "#material", "uv": [ 0.0, 0.0, 1.0, 1.0 ] }
							},
							"children": [
								{
									"name": "Cube21",
									"from": [ 1.0, 0.0, 0.4 ], 
									"to": [ 1.5, 0.5, 1.0 ], 
									"rotationOrigin": [ 1.0, 0.0, 0.4 ],
									"faces": {
										"north": { "texture": "#material", "uv": [ 0.0, 0.0, 0.5, 0.5 ] },
										"east": { "texture": "#material", "uv": [ 0.0, 0.0, 0.5, 0.5 ] },
										"south": { "texture": "#material", "uv": [ 0.0, 0.0, 0.5, 0.5 ] },
										"west": { "texture": "#material", "uv": [ 0.0, 0.0, 0.5, 0.5 ] },
										"up": { "texture": "#material", "uv": [ 0.0, 0.0, 0.5, 0.5 ] },
										"down": { "texture": "#material", "uv": [ 0.0, 0.0, 0.5, 0.5 ] }
									}
								}
							]
						}
					]
				},
				{
					"name": "Scale16",
					"from": [ 7.0, 0.0, 4.0 ], 
					"to": [ 9.0, 0.5, 6.0 ], 
					"rotationOrigin": [ 8.0, 0.0, 5.0 ],
					"rotationY": -90.0,
					"rotationZ": 22.5,
					"faces": {
						"north": { "texture": "#material", "uv": [ 0.0, 0.0, 2.0, 0.5 ] },
						"east": { "texture": "#material", "uv": [ 0.0, 0.0, 2.0, 0.5 ] },
						"south": { "texture": "#material", "uv": [ 0.0, 0.0, 2.0, 0.5 ] },
						"west": { "texture": "#material", "uv": [ 0.0, 0.0, 2.0, 0.5 ] },
						"up": { "texture": "#material", "uv": [ 0.0, 0.0, 2.0, 2.0 ] },
						"down": { "texture": "#material", "uv": [ 0.0, 0.0, 2.0, 2.0 ] }
					},
					"children": [
						{
							"name": "Cube17",
							"from": [ 2.0, 0.0, 0.3 ], 
							"to": [ 3.0, 0.5, 1.7 ], 
							"rotationOrigin": [ 2.0, 0.0, 0.3 ],
							"faces": {
								"north": { "texture": "#material", "uv": [ 0.0, 0.0, 1.0, 0.5 ] },
								"east": { "texture": "#material", "uv": [ 0.0, 0.0, 1.0, 0.5 ] },
								"south": { "texture": "#material", "uv": [ 0.0, 0.0, 1.0, 0.5 ] },
								"west": { "texture": "#material", "uv": [ 0.0, 0.0, 1.0, 0.5 ] },
								"up": { "texture": "#material", "uv": [ 0.0, 0.0, 1.0, 1.0 ] },
								"down": { "texture": "#material", "uv": [ 0.0, 0.0, 1.0, 1.0 ] }
							},
							"children": [
								{
									"name": "Cube18",
									"from": [ 1.0, 0.0, 0.4 ], 
									"to": [ 1.5, 0.5, 1.0 ], 
									"rotationOrigin": [ 1.0, 0.0, 0.4 ],
									"faces": {
										"north": { "texture": "#material", "uv": [ 0.0, 0.0, 0.5, 0.5 ] },
										"east": { "texture": "#material", "uv": [ 0.0, 0.0, 0.5, 0.5 ] },
										"south": { "texture": "#material", "uv": [ 0.0, 0.0, 0.5, 0.5 ] },
										"west": { "texture": "#material", "uv": [ 0.0, 0.0, 0.5, 0.5 ] },
										"up": { "texture": "#material", "uv": [ 0.0, 0.0, 0.5, 0.5 ] },
										"down": { "texture": "#material", "uv": [ 0.0, 0.0, 0.5, 0.5 ] }
									}
								}
							]
						}
					]
				},
				{
					"name": "Scale13",
					"from": [ 5.3, 0.5, 7.2 ], 
					"to": [ 7.3, 1.0, 9.2 ], 
					"rotationOrigin": [ 6.3, 0.5, 8.2 ],
					"rotationY": -45.0,
					"faces": {
						"north": { "texture": "#material", "uv": [ 0.0, 0.0, 2.0, 0.5 ] },
						"east": { "texture": "#material", "uv": [ 0.0, 0.0, 2.0, 0.5 ] },
						"south": { "texture": "#material", "uv": [ 0.0, 0.0, 2.0, 0.5 ] },
						"west": { "texture": "#material", "uv": [ 0.0, 0.0, 2.0, 0.5 ] },
						"up": { "texture": "#material", "uv": [ 0.0, 0.0, 2.0, 2.0 ] },
						"down": { "texture": "#material", "uv": [ 0.0, 0.0, 2.0, 2.0 ] }
					},
					"children": [
						{
							"name": "Cube14",
							"from": [ 2.0, 0.0, 0.3 ], 
							"to": [ 3.0, 0.5, 1.7 ], 
							"rotationOrigin": [ 2.0, 0.0, 0.3 ],
							"faces": {
								"north": { "texture": "#material", "uv": [ 0.0, 0.0, 1.0, 0.5 ] },
								"east": { "texture": "#material", "uv": [ 0.0, 0.0, 1.0, 0.5 ] },
								"south": { "texture": "#material", "uv": [ 0.0, 0.0, 1.0, 0.5 ] },
								"west": { "texture": "#material", "uv": [ 0.0, 0.0, 1.0, 0.5 ] },
								"up": { "texture": "#material", "uv": [ 0.0, 0.0, 1.0, 1.0 ] },
								"down": { "texture": "#material", "uv": [ 0.0, 0.0, 1.0, 1.0 ] }
							},
							"children": [
								{
									"name": "Cube15",
									"from": [ 1.0, 0.0, 0.4 ], 
									"to": [ 1.5, 0.5, 1.0 ], 
									"rotationOrigin": [ 1.0, 0.0, 0.4 ],
									"faces": {
										"north": { "texture": "#material", "uv": [ 0.0, 0.0, 0.5, 0.5 ] },
										"east": { "texture": "#material", "uv": [ 0.0, 0.0, 0.5, 0.5 ] },
										"south": { "texture": "#material", "uv": [ 0.0, 0.0, 0.5, 0.5 ] },
										"west": { "texture": "#material", "uv": [ 0.0, 0.0, 0.5, 0.5 ] },
										"up": { "texture": "#material", "uv": [ 0.0, 0.0, 0.5, 0.5 ] },
										"down": { "texture": "#material", "uv": [ 0.0, 0.0, 0.5, 0.5 ] }
									}
								}
							]
						}
					]
				},
				{
					"name": "Scale10",
					"from": [ 10.0, 0.0, 6.0 ], 
					"to": [ 12.0, 0.5, 8.0 ], 
					"rotationOrigin": [ 11.0, 0.0, 7.0 ],
					"rotationY": 22.5,
					"faces": {
						"north": { "texture": "#material", "uv": [ 0.0, 0.0, 2.0, 0.5 ] },
						"east": { "texture": "#material", "uv": [ 0.0, 0.0, 2.0, 0.5 ] },
						"south": { "texture": "#material", "uv": [ 0.0, 0.0, 2.0, 0.5 ] },
						"west": { "texture": "#material", "uv": [ 0.0, 0.0, 2.0, 0.5 ] },
						"up": { "texture": "#material", "uv": [ 0.0, 0.0, 2.0, 2.0 ] },
						"down": { "texture": "#material", "uv": [ 0.0, 0.0, 2.0, 2.0 ] }
					},
					"children": [
						{
							"name": "Cube11",
							"from": [ 2.0, 0.0, 0.3 ], 
							"to": [ 3.0, 0.5, 1.7 ], 
							"rotationOrigin": [ 2.0, 0.0, 0.3 ],
							"faces": {
								"north": { "texture": "#material", "uv": [ 0.0, 0.0, 1.0, 0.5 ] },
								"east": { "texture": "#material", "uv": [ 0.0, 0.0, 1.0, 0.5 ] },
								"south": { "texture": "#material", "uv": [ 0.0, 0.0, 1.0, 0.5 ] },
								"west": { "texture": "#material", "uv": [ 0.0, 0.0, 1.0, 0.5 ] },
								"up": { "texture": "#material", "uv": [ 0.0, 0.0, 1.0, 1.0 ] },
								"down": { "texture": "#material", "uv": [ 0.0, 0.0, 1.0, 1.0 ] }
							},
							"children": [
								{
									"name": "Cube12",
									"from": [ 1.0, 0.0, 0.4 ], 
									"to": [ 1.5, 0.5, 1.0 ], 
									"rotationOrigin": [ 1.0, 0.0, 0.4 ],
									"faces": {
										"north": { "texture": "#material", "uv": [ 0.0, 0.0, 0.5, 0.5 ] },
										"east": { "texture": "#material", "uv": [ 0.0, 0.0, 0.5, 0.5 ] },
										"south": { "texture": "#material", "uv": [ 0.0, 0.0, 0.5, 0.5 ] },
										"west": { "texture": "#material", "uv": [ 0.0, 0.0, 0.5, 0.5 ] },
										"up": { "texture": "#material", "uv": [ 0.0, 0.0, 0.5, 0.5 ] },
										"down": { "texture": "#material", "uv": [ 0.0, 0.0, 0.5, 0.5 ] }
									}
								}
							]
						}
					]
				},
				{
					"name": "Scale7",
					"from": [ 8.8, 0.0, 8.0 ], 
					"to": [ 10.8, 0.5, 10.0 ], 
					"rotationOrigin": [ 9.8, 0.0, 9.0 ],
					"rotationY": -22.5,
					"faces": {
						"north": { "texture": "#material", "uv": [ 0.0, 0.0, 2.0, 0.5 ] },
						"east": { "texture": "#material", "uv": [ 0.0, 0.0, 2.0, 0.5 ] },
						"south": { "texture": "#material", "uv": [ 0.0, 0.0, 2.0, 0.5 ] },
						"west": { "texture": "#material", "uv": [ 0.0, 0.0, 2.0, 0.5 ] },
						"up": { "texture": "#material", "uv": [ 0.0, 0.0, 2.0, 2.0 ] },
						"down": { "texture": "#material", "uv": [ 0.0, 0.0, 2.0, 2.0 ] }
					},
					"children": [
						{
							"name": "Cube8",
							"from": [ 2.0, 0.0, 0.3 ], 
							"to": [ 3.0, 0.5, 1.7 ], 
							"rotationOrigin": [ 2.0, 0.0, 0.3 ],
							"faces": {
								"north": { "texture": "#material", "uv": [ 0.0, 0.0, 1.0, 0.5 ] },
								"east": { "texture": "#material", "uv": [ 0.0, 0.0, 1.0, 0.5 ] },
								"south": { "texture": "#material", "uv": [ 0.0, 0.0, 1.0, 0.5 ] },
								"west": { "texture": "#material", "uv": [ 0.0, 0.0, 1.0, 0.5 ] },
								"up": { "texture": "#material", "uv": [ 0.0, 0.0, 1.0, 1.0 ] },
								"down": { "texture": "#material", "uv": [ 0.0, 0.0, 1.0, 1.0 ] }
							},
							"children": [
								{
									"name": "Cube9",
									"from": [ 1.0, 0.0, 0.4 ], 
									"to": [ 1.5, 0.5, 1.0 ], 
									"rotationOrigin": [ 1.0, 0.0, 0.4 ],
									"faces": {
										"north": { "texture": "#material", "uv": [ 0.0, 0.0, 0.5, 0.5 ] },
										"east": { "texture": "#material", "uv": [ 0.0, 0.0, 0.5, 0.5 ] },
										"south": { "texture": "#material", "uv": [ 0.0, 0.0, 0.5, 0.5 ] },
										"west": { "texture": "#material", "uv": [ 0.0, 0.0, 0.5, 0.5 ] },
										"up": { "texture": "#material", "uv": [ 0.0, 0.0, 0.5, 0.5 ] },
										"down": { "texture": "#material", "uv": [ 0.0, 0.0, 0.5, 0.5 ] }
									}
								}
							]
						}
					]
				},
				{
					"name": "Scale4",
					"from": [ 5.0, 0.0, 9.0 ], 
					"to": [ 7.0, 0.5, 11.0 ], 
					"rotationOrigin": [ 6.0, 0.0, 10.0 ],
					"rotationY": 22.5,
					"faces": {
						"north": { "texture": "#material", "uv": [ 0.0, 0.0, 2.0, 0.5 ] },
						"east": { "texture": "#material", "uv": [ 0.0, 0.0, 2.0, 0.5 ] },
						"south": { "texture": "#material", "uv": [ 0.0, 0.0, 2.0, 0.5 ] },
						"west": { "texture": "#material", "uv": [ 0.0, 0.0, 2.0, 0.5 ] },
						"up": { "texture": "#material", "uv": [ 0.0, 0.0, 2.0, 2.0 ] },
						"down": { "texture": "#material", "uv": [ 0.0, 0.0, 2.0, 2.0 ] }
					},
					"children": [
						{
							"name": "Cube5",
							"from": [ 2.0, 0.0, 0.3 ], 
							"to": [ 3.0, 0.5, 1.7 ], 
							"rotationOrigin": [ 2.0, 0.0, 0.3 ],
							"faces": {
								"north": { "texture": "#material", "uv": [ 0.0, 0.0, 1.0, 0.5 ] },
								"east": { "texture": "#material", "uv": [ 0.0, 0.0, 1.0, 0.5 ] },
								"south": { "texture": "#material", "uv": [ 0.0, 0.0, 1.0, 0.5 ] },
								"west": { "texture": "#material", "uv": [ 0.0, 0.0, 1.0, 0.5 ] },
								"up": { "texture": "#material", "uv": [ 0.0, 0.0, 1.0, 1.0 ] },
								"down": { "texture": "#material", "uv": [ 0.0, 0.0, 1.0, 1.0 ] }
							},
							"children": [
								{
									"name": "Cube6",
									"from": [ 1.0, 0.0, 0.4 ], 
									"to": [ 1.5, 0.5, 1.0 ], 
									"rotationOrigin": [ 1.0, 0.0, 0.4 ],
									"faces": {
										"north": { "texture": "#material", "uv": [ 0.0, 0.0, 0.5, 0.5 ] },
										"east": { "texture": "#material", "uv": [ 0.0, 0.0, 0.5, 0.5 ] },
										"south": { "texture": "#material", "uv": [ 0.0, 0.0, 0.5, 0.5 ] },
										"west": { "texture": "#material", "uv": [ 0.0, 0.0, 0.5, 0.5 ] },
										"up": { "texture": "#material", "uv": [ 0.0, 0.0, 0.5, 0.5 ] },
										"down": { "texture": "#material", "uv": [ 0.0, 0.0, 0.5, 0.5 ] }
									}
								}
							]
						}
					]
				},
				{
					"name": "Scale",
					"from": [ 5.0, 0.0, 6.0 ], 
					"to": [ 7.0, 0.5, 8.0 ], 
					"rotationOrigin": [ 6.0, 0.0, 7.0 ],
					"faces": {
						"north": { "texture": "#material", "uv": [ 0.0, 0.0, 2.0, 0.5 ] },
						"east": { "texture": "#material", "uv": [ 0.0, 0.0, 2.0, 0.5 ] },
						"south": { "texture": "#material", "uv": [ 0.0, 0.0, 2.0, 0.5 ] },
						"west": { "texture": "#material", "uv": [ 0.0, 0.0, 2.0, 0.5 ] },
						"up": { "texture": "#material", "uv": [ 0.0, 0.0, 2.0, 2.0 ] },
						"down": { "texture": "#material", "uv": [ 0.0, 0.0, 2.0, 2.0 ] }
					},
					"children": [
						{
							"name": "Cube2",
							"from": [ 2.0, 0.0, 0.3 ], 
							"to": [ 3.0, 0.5, 1.7 ], 
							"rotationOrigin": [ 2.0, 0.0, 0.3 ],
							"faces": {
								"north": { "texture": "#material", "uv": [ 0.0, 0.0, 1.0, 0.5 ] },
								"east": { "texture": "#material", "uv": [ 0.0, 0.0, 1.0, 0.5 ] },
								"south": { "texture": "#material", "uv": [ 0.0, 0.0, 1.0, 0.5 ] },
								"west": { "texture": "#material", "uv": [ 0.0, 0.0, 1.0, 0.5 ] },
								"up": { "texture": "#material", "uv": [ 0.0, 0.0, 1.0, 1.0 ] },
								"down": { "texture": "#material", "uv": [ 0.0, 0.0, 1.0, 1.0 ] }
							},
							"children": [
								{
									"name": "Cube1",
									"from": [ 1.0, 0.0, 0.4 ], 
									"to": [ 1.5, 0.5, 1.0 ], 
									"rotationOrigin": [ 1.0, 0.0, 0.4 ],
									"faces": {
										"north": { "texture": "#material", "uv": [ 0.0, 0.0, 0.5, 0.5 ] },
										"east": { "texture": "#material", "uv": [ 0.0, 0.0, 0.5, 0.5 ] },
										"south": { "texture": "#material", "uv": [ 0.0, 0.0, 0.5, 0.5 ] },
										"west": { "texture": "#material", "uv": [ 0.0, 0.0, 0.5, 0.5 ] },
										"up": { "texture": "#material", "uv": [ 0.0, 0.0, 0.5, 0.5 ] },
										"down": { "texture": "#material", "uv": [ 0.0, 0.0, 0.5, 0.5 ] }
									}
								}
							]
						}
					]
				}
			]
		}
	]}