{
  "code": "magicalrepairkit",
  "class": "ItemMagicalRepairKitRM",
  "enabled": true,
  "storageFlags": 131073,
  "creativeinventory": {
    "general": [
      "*"
    ],
    "items": [
      "*"
    ],
    "rustboundmagic": [
      "*"
    ]
  },
  "behaviors": [
    {
      "name": "GroundStorable",
      "properties": {
        "layout": "Quadrants",
        "collisionBox": {
          "x1": 0,
          "y1": 0,
          "z1": 0,
          "x2": 1,
          "y2": 0.125,
          "z2": 1
        }
      }
    }
  ],
  "maxstacksize": 32,
  "materialDensity": 210,
  "shapeByType": {
    "*": {
      "base": "items/magicalrepairkit"
    }
  },
  "texturesByType": {
    "*": {
      "default": {
        "base": "default"
      },
      "string": {
        "base": "blocks/cloth/none/mageweave-normal"
      },
      "wood-generic": {
        "base": "blocks/resources/enchantedstone/none/enchantedstone-rock*"
      },
      "linen": {
        "base": "items/resources/shiftingfibers"
      },
      "iron": {
        "base": "blocks/resources/eldrathium/eldrathium"
      }
    }
  },
  "attributes": {
    "clothingRepairStrength": 0.5,
    "onshelfTransform": {
      "translation": {
        "x": 0,
        "y": -0.125,
        "z": 0
      },
      "scale": 0.75
    }
  },
  "attributesByType": {
    "*": {
      "displaycaseable": true,
      "onDisplayTransform": {
        "translation": {
          "x": 0,
          "y": -0.125,
          "z": 0
        },
        "scale": 0.75
      },
      "shelvable": true,
      "onshelfTransform": {
        "translation": {
          "x": 0,
          "y": -0.125,
          "z": 0
        },
        "scale": 0.75
      },
      "handbook": {
        "extraSections": [
          {
            "title": "game:Created by",
            "text": "rustboundmagic:handbook-createdbythaumicfoundryusingatablet-text"
          },
          {
            "title": "rustboundmagic:handbook-grimoirerepair-title",
            "text": "rustboundmagic:handbook-grimoirerepair-text"
          }
        ]
      }
    }
  },
  "guiTransform": {
    "translation": {
      "x": 0,
      "y": 1,
      "z": 0
    },
    "rotation": {
      "x": -168,
      "y": 86,
      "z": -31
    },
    "origin": {
      "x": 0.5,
      "y": 0.1,
      "z": 0.425
    },
    "scale": 3.25
  },
  "fpHandTransform": {
    "translation": {
      "x": 0.05,
      "y": 0.1,
      "z": 0
    },
    "rotation": {
      "x": 37,
      "y": 138,
      "z": -12
    },
    "origin": {
      "x": 0.6,
      "y": 0.3,
      "z": 0.5
    },
    "scale": 1.82
  },
  "tpHandTransform": {
    "translation": {
      "x": -1.4,
      "y": -0.9,
      "z": -0.75
    },
    "rotation": {
      "x": -3,
      "y": 34,
      "z": -66
    },
    "scale": 0.49
  },
  "groundTransform": {
    "translation": {
      "x": 0,
      "y": 0,
      "z": 0
    },
    "rotation": {
      "x": 0,
      "y": 0,
      "z": 0
    },
    "origin": {
      "x": 0.5,
      "y": 0,
      "z": 0.5
    },
    "scale": 4
  }
}
