{
  "code": "magicchalk",
  "class": "ItemMagicChalkRM",
  "enabled": true,
  "storageFlags": 131073,
  "variantgroups": [
    {
      "code": "variant",
      "states": [
        "normal",
        "temporal"
      ]
    }
  ],
  "creativeinventory": {
    "general": [
      "*"
    ],
    "items": [
      "*"
    ],
    "rustboundmagic": [
      "*"
    ]
  },
  "maxstacksize": 1,
  "materialDensity": 200,
  "durabilitybytype": {
    "*-normal": 1000,
    "*-temporal": 500
  },
  "shapeByType": {
    "*": {
      "base": "items/tools/magicchalk"
    }
  },
  "texturesByType": {
    "*-normal": {
      "default": {
        "base": "default"
      },
      "chalk": {
        "base": "game:block/stone/rock/chalk1"
      },
      "handle": {
        "base": "game:block/clay/hardened/brown1"
      },
      "col26": {
        "base": "game:block/creative/col77"
      }
    },
    "*-temporal": {
      "default": {
        "base": "default"
      },
      "chalk": {
        "base": "game:block/machine/statictranslocator/rustyglow"
      },
      "handle": {
        "base": "game:block/clay/hardened/brown1"
      },
      "col26": {
        "base": "game:block/creative/col45"
      }
    }
  },
  "attributesByType": {
    "*-normal": {
      "displaycaseable": true,
      "onDisplayTransform": {
        "translation": {
          "x": -0.07,
          "y": -0.245,
          "z": 0
        },
        "scale": 0.5
      },
      "shelvable": true,
      "onshelfTransform": {
        "translation": {
          "x": -0.07,
          "y": -0.245,
          "z": 0
        },
        "scale": 0.5
      },
      "rackable": true,
      "toolrackTransform": {
        "rotation": {
          "X": 0,
          "y": 1,
          "z": -1
        },
        "translation": {
          "x": -0.2,
          "y": 0.75,
          "z": 0
        },
        "scale": 1.5
      },
      "handbook": {
        "extraSections": [
          {
            "title": "game:Created by",
            "text": "rustboundmagic:handbook-createdbythaumicfoundryusingatablet-text"
          },
          {
            "title": "rustboundmagic:handbook-ritualsystem-title",
            "text": "rustboundmagic:handbook-ritualsystem-text"
          }
        ]
      }
    },
    "*-temporal": {
      "displaycaseable": true,
      "onDisplayTransform": {
        "translation": {
          "x": -0.07,
          "y": -0.245,
          "z": 0
        },
        "scale": 0.5
      },
      "shelvable": true,
      "onshelfTransform": {
        "translation": {
          "x": -0.07,
          "y": -0.245,
          "z": 0
        },
        "scale": 0.5
      },
      "rackable": true,
      "toolrackTransform": {
        "rotation": {
          "X": 0,
          "y": 1,
          "z": -1
        },
        "translation": {
          "x": -0.2,
          "y": 0.75,
          "z": 0
        },
        "scale": 1.5
      },
      "handbook": {
        "extraSections": [
          {
            "title": "game:Created by",
            "text": "rustboundmagic:handbook-createdbythaumicfoundryusingatablet-text"
          },
          {
            "title": "rustboundmagic:handbook-ritualsystem-title",
            "text": "rustboundmagic:handbook-ritualsystem-text"
          }
        ]
      }
    }
  },
  "guiTransform": {
    "rotation": {
      "x": -23,
      "y": -39,
      "z": -139
    },
    "origin": {
      "x": 0.7,
      "y": -0.45,
      "z": 0
    },
    "scale": 2.25
  },
  "fpHandTransform": {
    "translation": {
      "x": 0.35,
      "y": -0.2,
      "z": 0
    },
    "rotation": {
      "x": 87,
      "y": 90,
      "z": -30
    },
    "scale": 2.25
  },
  "tpHandTransform": {
    "translation": {
      "x": -0.7,
      "y": -0.2498,
      "z": -0.7499
    },
    "rotation": {
      "x": 0,
      "y": 2,
      "z": 3
    },
    "scale": 0.65
  },
  "groundTransform": {
    "translation": {
      "x": 0,
      "y": 0,
      "z": 0
    },
    "rotation": {
      "x": 0,
      "y": 0,
      "z": 0
    },
    "origin": {
      "x": 0.5,
      "y": -0.03,
      "z": 0.5
    },
    "scale": 4
  }
}
