{
  "code": "zdebug",
  "class": "BlockDebugML",
  "entityclass": "BlockEntityDebugML",
  "enabled": true,

  //"entitybehaviors": [{ "name": "BlockEntityBehaviorPointOfInterestEM"}],

  "creativeinventory": {
    "meta": [ "*" ]
  },

  //"attributes": {
  //	"entityPartialNameForBlockSeeking": "hollow"
  //},

  "doNotRenderAtLod2": true,
  "blockmaterial": "Other",
  "renderpass": "Transparent",
  "replaceable": 1200,
  "lightAbsorption": 0,
  "materialDensity": 60,
  "resistance": 0.5,

  "shape": { "base": "game:block/machine/ward/small-ground" },
  "texturesByType": {
    "*": {
      "default": { "base": "default" },
      "diamond": { "base": "game:block/stone/gem/diamond" },
      "device-plate": { "base": "game:block/machine/device-plate" },
      "aged": { "base": "game:block/wood/debarked/aged" },
      "copper": { "base": "game:block/metal/ingot/copper" },
      "rustyglow": { "base": "game:block/machine/statictranslocator/rustyglow" },
      "brass": { "base": "game:block/metal/ingot/brass" },
      "rusty-iron": { "base": "game:block/metal/tarnished/rusty-iron" },
      "uranium": { "base": "game:block/stone/gem/uranium" },
      "leather": { "base": "game:block/leather/plain" }
    }
  },

  "sideopaque": {
    "all": false
  },
  "collisionbox": null,
  "sidesolid": {
    "all": false
  },

  "guiTransform": {
    "scale": 1.3
  }
}
