{
	"code": "nametag",
	"class": "ItemNameTagML",
	"maxStackSize": 1,
	"enabled": true,

	//"variantgroups": [
	//	{
	//		"code": "variant",
	//		"states": [ "normal" ]
	//	}
	//],
	//"skipVariants": [ "*-basic-*" ],

	"shapeByType": {
		"*": {
			"base": "items/tools/nametag"
		}
	},
	"texturesByType": {
		"*": {
			"default": { "base": "default" },
			"material": { "base": "game:block/leather/plain" },
			"material2": { "base": "game:block/leather/chromium" },
			"material3": { "base": "game:block/leather/black" },
			"material4": { "base": "game:block/leather/black" },
			"material5": { "base": "game:block/leather/white" }
		}
	},

	"creativeinventory": {
		"general": [ "*" ],
		"items": [ "*" ],
		"creatures": [ "*" ],
		"mythiclegends": [ "*" ]
	},

	"guiTransform": {
		"translation": {
			"x": 0,
			"y": 5,
			"z": 0
		},
		"rotation": {
			"x": 112,
			"y": -45,
			"z": -16
		},
		"origin": {
			"x": 0.5,
			"y": 0,
			"z": 0.5
		},
		"scale": 3
	},
	"fpHandTransform": {
		"translation": {
			"x": 0.2,
			"y": 0,
			"z": 0
		},
		"rotation": {
			"x": -8,
			"y": -63,
			"z": -7
		}
	},
	"tpHandTransform": {
		"translation": {
			"x": -0.9,
			"y": -0.9,
			"z": -0.7
		},
		"rotation": {
			"x": -180,
			"y": 0,
			"z": -156
		},
		"scale": 0.4
	}
}
