{
  "code": "wyvernwearables",
  "classByType": {
    "*-face*": "ItemMedallionML",
    "*-bridle*": "ItemGenericML",
    "*-saddlebags*": "ItemGenericML",
    "*-saddle*": "ItemGenericML"
  },
  "variantgroups": [
    {
      "code": "category",
      "states": [
        "head",
        "face",
        "middlebackunder",
        "middleback",
        "lowerbackside",
        "lowerback"
      ]
    },
    {
      "code": "type",
      "states": [
        "bridle1",
        "face1",
        "face2",
        "face3",
        "face4",
        "face5",
        "face6",
        "face7",
        "face8",
        "face9",
        "face10",
        "face11",
        "face12",
        "face13",
        "face14",
        "face15",
        "face16",
        "bridle2",
        "saddle1",
        "pillion1",
        "saddlebags1",
        "saddlebags2"//,
        //"cookpotleft1",
        //"cookpotright1"
      ]
    }
  ],
  "allowedVariants": [
    "wyvernwearables-head-bridle1",
    "wyvernwearables-face-face*",
    "wyvernwearables-middleback-saddle1",
    //"wyvernwearables-middleback-pillion1",
    "wyvernwearables-lowerbackside-saddlebags1",
    "wyvernwearables-lowerbackside-saddlebags2"//,
    //"wyvernwearables-middlebackunder-cookpotleft1",
    //"wyvernwearables-middlebackunder-cookpotright1"
  ],
  "attributes": {
    "attachableToEntity": {
      "categoryCodeByType": {
        "*-bridle*": "wyvernbridle",
        "*-face*": "wyvernface",
        "*-saddle1": "wyvernsaddle",
        "*-pillion1": "wyvernpillion",
        "*-saddlebags*": "wyvernsidebags"//,
        //"*-cookpotleft*": "utilities",
        //"*-cookpotright*": "utilities"
      },
      "attachedShapeBySlotCodeByType": {
        "*-face*": {
          "*": { "base": "items/wearable/wyvern/face/{type}-wyvern" }
        },
        "*": {
          "*": { "base": "items/wearable/wyvern/wyvern-{type}" }
        }
      }
    },
    "controlSchemeByType": {
      "*-bridle1": "Hold",
      "*-bridle2": "Press"
    },
    "isSaddleByType": {
      "*-saddle1": true
    },
    "isBridleByType": {
      "*-bridle1": true,
      "*-bridle2": true
    },
    "backpackByType": {
      "*-saddlebags1": { "quantitySlots": 8 },
      "*-saddlebags2": { "quantitySlots": 16 }
    },
    "interactPassthroughByType": {
      "*-saddle1": true,
      "*-pillion1": true
    },
    "handbook": {
      "groupBy": [ "wyvernwearables-{category}-*" ]
    }
  },
  "behaviorsByType": {
    "wyvernwearables-lowerbackside-saddlebags*": [ { "name": "HeldBag" } ]
  },
  "shapeByType": {
    "*-face*": { "base": "items/wearable/wyvern/face/{type}-inventory" },
    //"*-saddlebags2": { "base": "game:item/wearable/hooved/saddlebags1-inventory" },
    "*": { "base": "items/wearable/wyvern/wyvern-{type}-inventory" }
  },
  "texturesByType": {
    "*-saddlebags2": {
      "default": { "base": "default" },
      "hide": { "base": "game:block/transparent" },
      "wyvernskeletion1": { "base": "entities/land/wyvern/basic/wyvernskeleton1" },
      "normal1": { "base": "game:block/linen" },
      "plain": { "base": "game:block/leather/plain" },
      "plain2": { "base": "game:block/leather/chromium" },
      "plaindark": { "base": "blocks/leather/plaindark" }, //"game:block/leather/chromium"
      "plainblack": { "base": "blocks/leather/plainblack" }, //"game:block/leather/black"
      "brass": { "base": "game:block/metal/plate/brass" },
      "copper": { "base": "game:block/metal/plate/brass" },
      "leather": { "base": "game:block/leather/chromium" },
      "metal": { "base": "game:block/metal/plate/brass" }
    },
    "*": {
      "default": { "base": "default" },
      "hide": { "base": "game:block/transparent" },
      "wyvernskeletion1": { "base": "entities/land/wyvern/basic/wyvernskeleton1" },
      "normal1": { "base": "game:block/linen" },
      "plain": { "base": "game:block/leather/plain" },
      "plain2": { "base": "game:block/leather/chromium" },
      "plaindark": { "base": "blocks/leather/plaindark" }, //"game:block/leather/chromium"
      "plainblack": { "base": "blocks/leather/plainblack" }, //"game:block/leather/black"
      "brass": { "base": "game:block/metal/plate/brass" },
      "copper": { "base": "game:block/metal/plate/brass" },
      "leather": { "base": "game:block/leather/plain" },
      "metal": { "base": "game:block/metal/plate/brass" },
      "lantern-LanternAPrope": { "base": "game:block/locustnest/stalagmite/rope" },

      "yellow": { "base": "game:block/cloth/basic/yellow" },
      "rustyglow": { "base": "game:block/machine/statictranslocator/rustyglow" },
      "tinbronze1": { "base": "game:block/metal/sheet-plain/tinbronze1" },
      "lapislazuli": { "base": "game:block/stone/gem/lapislazuli" },
      "pearl1": { "base": "game:entity/humanoid/seraphclothes/neck/gem/pearlpink" }
    }
  },
  "heldTpIdleAnimationByType": {
    "*-saddle1": "holdbothhands",
    "*-pillion1": "holdbothhands",
    "wyvernwearables-lowerbackside-saddlebags*": "holdbothhands"
  },
  "maxStackSize": 1,
  "creativeinventory": {
    "general": [ "*" ],
    "items": [ "*" ],
    "clothing": [ "*" ],
    "mythiclegends": [ "*" ]
  },
  "renderAlphaTest": 0.25,
  "guiTransformByType": {
    "*-saddle1": {
      "translation": {
        "x": 0,
        "y": 0,
        "z": 0
      },
      "rotation": {
        "x": -35,
        "y": -46,
        "z": -180
      },
      "origin": {
        "x": 0.5,
        "y": 0.2,
        "z": 0.6
      },
      "scale": 1.2
    },
    "*-bridle*": {
      "translation": {
        "x": 0,
        "y": 0,
        "z": 0
      },
      "rotation": {
        "x": -14,
        "y": -118,
        "z": -180
      },
      "origin": {
        "x": 0.5,
        "y": 0.075,
        "z": 0.5
      },
      "scale": 3
    },
    "*-face*": {
      "translation": {
        "x": 0,
        "y": 0,
        "z": 0
      },
      "rotation": {
        "x": -40,
        "y": -54,
        "z": -180
      },
      "origin": {
        "x": 0.5,
        "y": 0.05,
        "z": 0.5
      },
      "scale": 5.83
    },
    "*-saddlebags*": {
      "translation": {
        "x": 0,
        "y": 0,
        "z": 0
      },
      "rotation": {
        "x": -35,
        "y": 147,
        "z": -180
      },
      "origin": {
        "x": 0.4,
        "y": 0.1,
        "z": 0.5
      },
      "scale": 2.5
    }
  },
  "groundTransformByType": {
    "*-saddle1": {
      "translation": {
        "x": 0,
        "y": 0.51,
        "z": 0
      },
      "rotation": {
        "x": 0,
        "y": 0,
        "z": 0
      },
      "scale": 5
    },
    "wyvernwearables-head-bridle*": {
      "translation": {
        "x": 0,
        "y": 0.5,
        "z": 0
      },
      "rotation": {
        "x": 0,
        "y": 0,
        "z": 0
      },
      "scale": 5
    },
    "wyvernwearables-lowerbackside-saddlebags*": {
      "translation": {
        "x": 0,
        "y": 0.5,
        "z": 0
      },
      "rotation": {
        "x": 0,
        "y": 0,
        "z": 0
      },
      "scale": 5
    }
  },
  "tpHandTransformByType": {
    "*-saddle1": {
      "translation": {
        "x": -1,
        "y": -0.76,
        "z": -0.6
      },
      "rotation": {
        "x": -43,
        "y": -17,
        "z": -107
      },
      "scale": 0.8
    },
    "wyvernwearables-head-bridle*": {
      "translation": {
        "x": -0.52,
        "y": -0.8,
        "z": -1
      },
      "rotation": {
        "x": 0,
        "y": 91,
        "z": 90
      },
      "scale": 0.95
    },
    "wyvernwearables-lowerbackside-saddlebags*": {
      "translation": {
        "x": -1,
        "y": -0.5,
        "z": -0.2
      },
      "rotation": {
        "x": 48,
        "y": 23,
        "z": -86
      },
      "scale": 1
    },
    "*-face1": {
      "translation": {
        "x": -0.48,
        "y": -0.03,
        "z": -0.49
      },
      "rotation": {
        "x": -53,
        "y": -10,
        "z": 18
      },
      "origin": {
        "x": 0.5,
        "y": 0.1,
        "z": 0.5
      },
      "scale": 1.2
    }
  }
}

